dt,t,T1,T2,Q1,Q2,Ta1,Ta2
2025-08-11 11:40:30.177132,0,24.024,24.186,0,0,23.896,24.411
2025-08-11 11:40:40.174724,10.0,24.121,24.153,0,0,23.831,24.443
2025-08-11 11:40:50.171830,20.0,24.089,24.121,0,0,24.057,24.443
2025-08-11 11:41:00.181929,30.01,24.121,24.121,0,0,23.799,24.443
2025-08-11 11:41:10.179428,40.0,23.605,23.702,0,0,23.799,24.443
2025-08-11 11:41:20.183302,50.01,24.121,24.121,0,0,23.799,24.443
2025-08-11 11:41:30.262254,60.02,24.282,24.314,78,0,23.799,24.443
2025-08-11 11:41:40.186795,70.01,24.701,24.379,78,0,23.96,24.443
2025-08-11 11:41:50.188229,80.0,25.281,24.476,78,0,23.863,24.443
2025-08-11 11:42:00.174144,90.0,26.764,24.572,78,0,23.799,24.443
2025-08-11 11:42:10.185461,100.01,28.278,24.701,78,0,23.896,24.443
2025-08-11 11:42:20.183455,110.01,30.147,24.959,78,0,24.089,24.443
2025-08-11 11:42:30.181251,120.01,32.017,25.152,78,0,24.057,24.476
2025-08-11 11:42:40.178787,130.01,34.176,25.378,78,0,24.121,24.443
2025-08-11 11:42:50.176198,140.01,36.206,25.765,78,0,24.024,24.476
2025-08-11 11:43:00.186344,150.01,38.14,26.087,78,0,24.057,24.476
2025-08-11 11:43:10.183173,160.0,40.267,26.538,78,0,24.121,24.604
2025-08-11 11:43:20.245771,170.01,42.071,26.893,44,0,24.121,24.637
2025-08-11 11:43:30.178431,180.0,43.65,27.408,44,0,24.121,24.637
2025-08-11 11:43:40.189199,190.01,45.197,27.924,44,0,24.121,24.733
2025-08-11 11:43:50.185538,200.01,46.132,28.407,44,0,24.121,24.701
2025-08-11 11:44:00.183441,210.01,46.809,28.794,44,0,24.121,24.766
2025-08-11 11:44:10.180743,220.01,47.163,29.116,44,0,24.121,24.733
2025-08-11 11:44:20.177315,230.0,47.614,29.567,44,0,24.121,24.766
2025-08-11 11:44:30.187640,240.01,47.775,29.729,44,0,24.121,24.766
2025-08-11 11:44:40.185752,250.01,48.291,30.083,44,0,24.121,24.766
2025-08-11 11:44:50.182706,260.01,48.839,30.599,44,0,24.153,24.766
2025-08-11 11:45:00.180096,270.0,49.064,31.05,44,0,24.121,24.766
2025-08-11 11:45:10.177044,280.0,49.419,31.533,44,0,24.186,24.766
2025-08-11 11:45:20.174273,290.01,49.677,31.855,44,0,24.379,24.766
2025-08-11 11:45:30.247143,300.01,49.677,32.726,44,86,24.443,24.927
2025-08-11 11:45:40.182535,310.01,50.225,33.435,44,86,24.411,24.862
2025-08-11 11:45:50.179862,320.01,50.482,34.401,44,86,24.443,25.056
2025-08-11 11:46:00.190102,330.01,50.74,35.207,44,86,24.443,25.056
2025-08-11 11:46:10.187244,340.01,51.063,36.561,44,86,24.443,25.088
2025-08-11 11:46:20.184783,350.01,51.481,38.494,44,86,24.443,25.088
2025-08-11 11:46:30.181760,360.01,51.224,39.751,44,86,24.443,25.088
2025-08-11 11:46:40.178394,370.01,51.643,40.911,44,86,24.443,25.088
2025-08-11 11:46:50.176198,380.01,51.997,42.78,44,86,24.443,25.088
2025-08-11 11:47:00.186514,390.01,52.062,43.973,44,86,24.476,25.088
2025-08-11 11:47:10.183709,400.01,52.352,45.648,44,86,24.476,25.088
2025-08-11 11:47:20.180875,410.01,52.577,47.002,44,86,24.476,25.088
2025-08-11 11:47:30.193793,420.01,52.706,47.775,44,86,24.701,25.088
2025-08-11 11:47:40.188623,430.01,52.996,49.258,44,86,24.637,25.088
2025-08-11 11:47:50.185794,440.01,53.125,49.87,44,86,24.637,25.152
2025-08-11 11:48:00.184021,450.01,53.254,51.127,44,86,24.766,25.12
2025-08-11 11:48:10.194186,460.01,53.286,51.675,44,86,24.766,25.185
2025-08-11 11:48:20.178283,470.01,53.512,52.867,44,86,24.766,25.281
2025-08-11 11:48:30.189458,480.01,53.802,53.673,44,86,24.766,25.378
2025-08-11 11:48:40.186541,490.01,54.092,54.511,44,86,24.766,25.313
2025-08-11 11:48:50.184079,500.01,54.188,54.446,44,86,24.766,25.41
2025-08-11 11:49:00.181167,510.0,54.35,54.833,44,86,24.766,25.41
2025-08-11 11:49:10.178404,520.0,54.511,56.251,44,86,24.766,25.41
2025-08-11 11:49:20.188411,530.01,54.575,56.412,44,86,24.798,25.41
2025-08-11 11:49:30.185762,540.01,54.897,56.863,44,86,25.056,25.41
2025-08-11 11:49:40.183470,550.01,55.316,57.572,44,86,24.959,25.378
2025-08-11 11:49:50.180852,560.01,55.252,57.895,44,86,24.927,25.41
2025-08-11 11:50:00.177945,570.01,55.316,58.668,44,86,24.927,25.41
2025-08-11 11:50:10.256651,580.01,55.349,58.894,70,86,24.895,25.41
2025-08-11 11:50:20.246351,590.01,54.994,58.185,70,9,24.991,25.41
2025-08-11 11:50:30.182495,600.0,55.123,58.571,70,9,25.056,25.41
2025-08-11 11:50:39.461092,0,55.381,57.959,70,9,25.088,25.378
2025-08-11 11:50:49.484535,10.01,55.381,57.411,70,9,25.056,25.41
2025-08-11 11:50:59.482129,20.01,55.059,56.831,70,9,25.088,25.41
2025-08-11 11:51:09.466846,30.0,54.414,55.961,70,9,25.088,25.41
2025-08-11 11:51:19.476608,40.0,53.447,54.897,70,9,25.023,25.41
2025-08-11 11:51:29.486119,50.01,52.158,53.77,70,9,25.088,25.378
2025-08-11 11:51:39.470308,60.0,50.869,52.609,70,9,25.088,25.41
2025-08-11 11:51:49.480106,70.01,49.838,51.514,70,9,25.088,25.41
2025-08-11 11:51:59.477485,80.0,48.549,50.257,70,9,25.088,25.41
2025-08-11 11:52:09.474828,90.01,47.131,49.129,70,9,25.088,25.41
2025-08-11 11:52:19.472350,100.0,46.035,47.969,70,9,25.088,25.41
2025-08-11 11:52:29.495563,110.01,44.746,47.002,70,9,25.088,25.41
2025-08-11 11:52:39.479749,120.0,43.779,46.035,70,9,25.088,25.41
2025-08-11 11:52:49.488975,130.01,42.78,45.068,70,9,25.088,25.41
2025-08-11 11:52:59.474031,140.01,41.717,44.102,70,9,25.088,25.41
2025-08-11 11:53:09.484465,150.01,40.557,43.135,70,9,25.088,25.41
2025-08-11 11:53:19.481696,160.0,39.59,42.168,70,9,25.088,25.41
2025-08-11 11:53:29.478577,170.01,38.623,41.201,70,9,25.088,25.41
2025-08-11 11:53:39.488518,180.01,37.656,40.267,70,9,25.088,25.41
2025-08-11 11:53:49.485833,190.01,37.012,39.59,70,9,25.088,25.41
2025-08-11 11:53:59.483297,200.0,36.367,38.945,70,9,25.088,25.41
2025-08-11 11:54:09.480340,210.01,35.755,38.301,70,9,25.088,25.41
2025-08-11 11:54:19.490194,220.01,35.271,37.656,70,9,25.088,25.41
2025-08-11 11:54:29.487863,230.01,34.756,37.141,70,9,25.088,25.41
2025-08-11 11:54:39.472453,240.0,34.111,36.528,70,9,25.056,25.41
2025-08-11 11:54:49.485678,250.0,33.563,36.045,70,9,25.088,25.378
2025-08-11 11:54:59.479548,260.01,33.145,35.4,70,9,25.088,25.41
2025-08-11 11:55:09.490129,270.01,32.822,34.981,70,9,25.088,25.41
2025-08-11 11:55:19.487795,280.01,32.307,34.434,70,9,25.088,25.41
2025-08-11 11:55:29.485356,290.01,31.855,34.079,70,9,25.088,25.41
2025-08-11 11:55:39.495273,300.01,31.211,33.435,70,9,25.088,25.41
2025-08-11 11:55:49.479285,310.01,30.921,33.048,70,9,25.088,25.41
2025-08-11 11:55:59.489415,320.01,30.566,32.5,70,9,25.088,25.41
2025-08-11 11:56:09.486953,330.01,30.244,32.178,70,9,25.088,25.41
2025-08-11 11:56:19.471703,340.01,29.922,31.855,70,9,25.088,25.41
2025-08-11 11:56:29.481811,350.01,29.6,31.533,70,9,25.088,25.41
2025-08-11 11:56:39.465793,360.0,29.277,31.211,70,9,25.088,25.41
2025-08-11 11:56:49.476232,370.01,29.245,30.889,70,9,25.088,25.41
2025-08-11 11:56:59.473068,380.0,28.955,30.566,70,9,25.088,25.41
2025-08-11 11:57:37.016562,0,27.988,29.6,0,0,25.088,25.475
2025-08-11 11:57:47.018535,10.01,27.666,29.277,0,0,25.088,25.41
2025-08-11 11:57:57.011811,20.0,27.537,28.955,0,0,25.088,25.539
2025-08-11 11:58:07.021924,30.01,27.344,28.633,0,0,25.088,25.41
2025-08-11 11:58:17.021066,40.01,27.215,28.633,0,0,25.088,25.41
2025-08-11 11:58:27.016537,50.01,27.021,28.311,0,0,25.088,25.41
2025-08-11 11:58:37.094664,60.01,27.021,28.214,78,0,25.088,25.41
2025-08-11 11:58:47.023503,70.0,27.15,28.214,78,0,25.088,25.41
2025-08-11 11:58:57.020735,80.0,27.73,27.956,78,0,25.088,25.41
2025-08-11 11:59:07.018042,90.0,28.858,27.924,78,0,25.088,25.41
2025-08-11 11:59:17.028490,100.01,30.438,28.117,78,0,25.088,25.41
2025-08-11 11:59:27.013091,110.01,32.307,28.214,78,0,25.088,25.41
2025-08-11 11:59:37.022935,120.0,34.144,28.278,78,0,25.088,25.41
2025-08-11 11:59:47.020116,130.0,36.238,28.665,78,0,25.088,25.41
2025-08-11 11:59:57.021105,140.0,38.236,29.02,78,0,25.088,25.41
2025-08-11 12:00:07.014474,150.0,40.105,29.503,78,0,25.088,25.41
2025-08-11 12:00:17.020376,160.0,41.942,30.051,78,0,25.088,25.41
2025-08-11 12:00:27.096601,170.01,43.231,30.309,44,0,25.088,25.41
2025-08-11 12:00:37.022030,180.01,44.746,30.921,44,0,25.088,25.41
2025-08-11 12:00:47.024341,190.01,45.906,31.372,44,0,25.088,25.41
2025-08-11 12:00:57.031232,200.01,46.905,32.017,44,0,25.088,25.442
2025-08-11 12:01:07.028801,210.01,47.743,32.5,44,0,25.088,25.442
2025-08-11 12:01:17.013351,220.01,47.84,32.887,44,0,25.088,25.442
2025-08-11 12:01:27.023801,230.0,48.323,33.273,44,0,25.088,25.41
2025-08-11 12:01:37.020713,240.0,48.742,33.596,44,0,25.088,25.442
2025-08-11 12:01:47.030990,250.01,49.064,34.176,44,0,25.088,25.41
2025-08-11 12:01:57.015492,260.0,49.322,34.401,44,0,25.12,25.41
2025-08-11 12:02:07.025665,270.01,49.354,34.853,44,0,25.088,25.41
2025-08-11 12:02:17.023128,280.01,49.387,35.11,44,0,25.088,25.41
2025-08-11 12:02:27.020313,290.0,49.58,35.4,44,0,25.152,25.442
2025-08-11 12:02:37.089503,300.01,49.548,35.916,44,86,25.152,25.41
2025-08-11 12:02:47.015680,310.01,49.032,36.303,44,86,25.152,25.475
2025-08-11 12:02:57.025971,320.0,49.258,36.464,44,86,25.12,25.41
2025-08-11 12:03:07.026362,330.01,49.258,37.914,44,86,25.12,25.41
2025-08-11 12:03:17.020619,340.01,49.451,38.978,44,86,25.088,25.41
2025-08-11 12:03:27.030534,350.01,49.612,40.363,44,86,25.088,25.442
2025-08-11 12:03:37.015093,360.0,49.87,42.007,44,86,25.088,25.604
2025-08-11 12:03:47.012086,370.01,49.935,43.231,44,86,25.152,25.539
2025-08-11 12:03:57.024476,380.01,50.547,44.617,44,86,25.12,25.475
2025-08-11 12:04:07.019999,390.01,50.837,45.133,44,86,25.088,25.442
2025-08-11 12:04:17.017243,400.01,51.191,47.195,44,86,25.088,25.41
2025-08-11 12:04:27.014751,410.0,51.127,47.453,44,86,25.12,25.41
2025-08-11 12:04:37.025048,420.0,51.481,48.742,44,86,25.088,25.442
2025-08-11 12:04:47.022225,430.0,51.417,49.87,44,86,25.088,25.442
2025-08-11 12:04:57.009972,440.0,51.836,51.095,44,86,25.088,25.41
2025-08-11 12:05:07.016833,450.0,52.319,52.126,44,86,25.088,25.41
2025-08-11 12:05:17.014057,460.01,52.674,52.899,44,86,25.088,25.41
2025-08-11 12:05:27.024274,470.01,53.351,53.737,44,86,25.088,25.41
2025-08-11 12:05:37.021847,480.01,53.415,54.124,44,86,25.088,25.41
2025-08-11 12:05:47.005900,490.0,53.608,54.511,44,86,25.12,25.41
2025-08-11 12:05:57.015851,500.01,53.705,55.155,44,86,25.12,25.41
2025-08-11 12:06:07.015951,510.0,53.931,55.832,44,86,25.088,25.41
2025-08-11 12:06:17.010440,520.01,54.156,56.831,44,86,25.088,25.41
2025-08-11 12:06:27.020483,530.01,54.64,57.766,44,86,25.088,25.41
2025-08-11 12:06:37.018104,540.0,54.704,57.476,44,86,25.088,25.41
2025-08-11 12:06:47.016438,550.01,55.059,58.41,44,86,25.088,25.41
2025-08-11 12:06:57.012667,560.0,55.252,58.861,44,86,25.088,25.41
2025-08-11 12:07:07.023280,570.0,55.316,58.894,44,86,25.088,25.41
2025-08-11 12:07:17.020525,580.0,55.639,59.248,44,86,25.088,25.41
2025-08-11 12:07:27.083082,590.0,55.349,59.151,70,86,25.088,25.442
2025-08-11 12:07:37.073224,600.0,55.768,59.377,70,9,25.088,25.442
2025-08-11 12:07:47.012381,610.0,56.154,59.796,70,9,25.088,25.41
2025-08-11 12:07:57.009661,620.0,56.509,59.441,70,9,25.088,25.442
2025-08-11 12:08:07.020524,630.01,57.153,58.507,70,9,25.088,25.41
2025-08-11 12:08:17.030225,640.01,57.25,57.701,70,9,25.088,25.41
2025-08-11 12:08:27.027247,650.01,57.798,57.282,70,9,25.12,25.442
2025-08-11 12:08:37.028958,660.01,58.894,56.283,70,9,25.152,25.41
2025-08-11 12:08:47.022647,670.01,59.506,55.768,70,9,25.088,25.41
2025-08-11 12:08:57.033183,680.01,60.312,55.22,70,9,25.088,25.41
2025-08-11 12:09:07.091925,690.01,61.021,54.607,98,9,25.088,25.41
2025-08-11 12:09:17.027762,700.01,61.439,53.963,98,9,25.088,25.41
2025-08-11 12:09:27.024351,710.01,62.374,53.351,98,9,25.088,25.41
2025-08-11 12:09:37.010159,720.0,63.083,52.932,98,9,25.088,25.41
2025-08-11 12:09:47.018865,730.01,63.889,52.48,98,9,25.088,25.41
2025-08-11 12:09:57.030147,740.01,65.21,52.352,98,9,25.088,25.41
2025-08-11 12:10:07.013622,750.0,66.306,52.062,98,9,25.088,25.41
2025-08-11 12:10:17.100413,760.01,67.659,52.029,98,76,25.088,25.41
2025-08-11 12:10:27.021345,770.01,68.562,51.868,98,76,25.088,25.41
2025-08-11 12:10:37.018820,780.01,69.432,52.674,98,76,25.088,25.41
2025-08-11 12:10:47.015888,790.0,70.012,52.803,98,76,25.088,25.442
2025-08-11 12:10:57.013297,800.01,70.721,53.544,98,76,25.088,25.41
2025-08-11 12:11:07.023103,810.01,71.655,54.285,98,76,25.088,25.41
2025-08-11 12:11:17.020344,820.0,72.687,55.896,98,76,25.088,25.442
2025-08-11 12:11:27.017486,830.01,73.814,56.734,98,76,25.088,25.41
2025-08-11 12:11:37.016177,840.0,74.491,57.798,98,76,25.088,25.41
2025-08-11 12:11:47.025925,850.0,74.813,58.571,98,76,25.088,25.41
2025-08-11 12:11:57.022361,860.01,75.265,58.958,98,76,25.088,25.41
2025-08-11 12:12:07.019301,870.01,75.716,60.183,98,76,25.088,25.41
2025-08-11 12:12:17.016816,880.0,76.747,60.73,98,76,25.088,25.442
2025-08-11 12:12:27.014064,890.0,77.521,61.858,98,76,25.088,25.41
2025-08-11 12:12:37.024285,900.01,77.521,61.955,98,76,25.088,25.442
2025-08-11 12:12:47.021613,910.0,78.455,63.244,98,76,25.12,25.41
2025-08-11 12:12:57.018889,920.01,79.293,63.663,98,76,25.088,25.41
2025-08-11 12:13:07.016658,930.01,79.647,64.114,98,76,25.088,25.41
2025-08-11 12:13:17.026814,940.01,80.034,64.565,98,76,25.088,25.41
2025-08-11 12:13:27.012852,950.0,80.646,65.468,98,76,25.088,25.41
2025-08-11 12:13:37.021441,960.01,80.84,65.371,98,76,25.088,25.41
2025-08-11 12:13:47.031654,970.01,81.484,66.628,98,76,25.088,25.41
2025-08-11 12:13:57.016175,980.01,81.742,66.789,98,76,25.088,25.41
2025-08-11 12:14:07.026109,990.01,82.806,67.337,98,76,25.088,25.41
2025-08-11 12:14:17.023605,1000.01,82.967,67.949,98,76,25.088,25.41
2025-08-11 12:14:27.033912,1010.01,83.579,68.658,98,76,25.12,25.41
2025-08-11 12:14:37.033047,1020.01,84.095,69.206,98,76,25.088,25.41
2025-08-11 12:14:47.088124,1030.01,84.643,69.432,79,76,25.088,25.41
2025-08-11 12:14:57.025566,1040.01,84.643,69.818,79,76,25.088,25.41
2025-08-11 12:15:07.023411,1050.01,84.771,70.076,79,76,25.088,25.41
2025-08-11 12:15:17.020718,1060.01,84.191,70.173,79,76,25.088,25.41
2025-08-11 12:15:27.017561,1070.01,84.03,70.302,79,76,25.088,25.41
2025-08-11 12:15:37.015200,1080.01,83.901,70.882,79,76,25.088,25.41
2025-08-11 12:15:47.025235,1090.01,83.289,70.85,79,76,25.088,25.41
2025-08-11 12:15:57.022214,1100.01,82.902,70.463,79,76,25.088,25.41
2025-08-11 12:16:07.019455,1110.0,82.548,70.688,79,76,25.088,25.41
2025-08-11 12:16:17.017892,1120.01,82.354,71.559,79,76,25.088,25.41
2025-08-11 12:16:27.014555,1130.0,82.483,71.655,79,76,25.088,25.41
2025-08-11 12:16:37.024678,1140.01,82.161,71.591,79,76,25.088,25.41
2025-08-11 12:16:47.021910,1150.01,82.29,71.397,79,76,25.088,25.41
2025-08-11 12:16:57.034289,1160.01,82.0,71.655,79,76,25.088,25.41
2025-08-11 12:17:07.016687,1170.01,81.388,71.011,79,76,25.088,25.41
2025-08-11 12:17:17.026890,1180.01,80.904,71.075,79,76,25.088,25.41
2025-08-11 12:17:27.024943,1190.0,80.582,71.172,79,76,25.088,25.41
2025-08-11 12:17:37.021071,1200.01,80.453,71.591,79,76,25.088,25.378
2025-08-11 12:17:47.095536,1210.01,80.389,71.075,79,12,25.088,25.313
2025-08-11 12:17:57.028564,1220.01,80.518,70.85,79,12,25.088,25.41
2025-08-11 12:18:07.017509,1230.0,80.711,70.205,79,12,25.088,25.41
2025-08-11 12:18:17.023469,1240.01,80.679,69.561,79,12,25.088,25.41
2025-08-11 12:18:27.033984,1250.01,80.808,68.433,79,12,25.088,25.41
2025-08-11 12:18:37.030982,1260.01,80.743,67.369,79,12,25.088,25.378
2025-08-11 12:18:47.018487,1270.01,80.937,66.145,79,12,25.088,25.41
2025-08-11 12:18:57.025951,1280.01,80.904,65.081,79,12,25.088,25.41
2025-08-11 12:19:07.022741,1290.01,80.969,63.792,79,12,25.088,25.41
2025-08-11 12:19:17.020277,1300.01,80.937,62.438,79,12,25.088,25.41
2025-08-11 12:19:27.016944,1310.0,80.904,61.601,79,12,25.088,25.41
2025-08-11 12:19:37.017681,1320.01,80.904,60.183,79,12,25.088,25.41
2025-08-11 12:19:47.030227,1330.02,80.614,59.409,79,12,25.088,25.378
2025-08-11 12:19:57.024314,1340.01,80.84,58.442,79,12,25.056,25.346
2025-08-11 12:20:07.027560,1350.01,80.453,57.766,79,12,25.088,25.313
2025-08-11 12:20:17.026439,1360.01,80.195,56.96,79,12,25.088,25.281
2025-08-11 12:20:27.025839,1370.01,80.066,56.315,79,12,25.056,25.313
2025-08-11 12:20:37.023490,1380.01,79.97,55.381,79,12,25.056,25.217
2025-08-11 12:20:47.021863,1390.0,79.776,54.704,79,12,25.088,25.41
2025-08-11 12:20:57.022588,1400.0,79.776,54.221,79,12,25.088,25.378
2025-08-11 12:21:07.029854,1410.01,79.744,53.834,79,12,25.088,25.378
2025-08-11 12:21:17.027384,1420.01,79.615,53.222,79,12,25.088,25.346
2025-08-11 12:21:27.025534,1430.01,79.486,52.964,79,12,25.088,25.346
2025-08-11 12:21:37.022323,1440.01,79.39,52.545,79,12,25.088,25.41
2025-08-11 12:21:47.032544,1450.01,79.1,52.158,79,12,25.088,25.313
2025-08-11 12:21:57.017196,1460.01,78.938,51.643,79,12,25.088,25.41
2025-08-11 12:22:07.082870,1470.01,78.681,51.159,45,12,25.088,25.378
2025-08-11 12:22:17.017096,1480.0,78.294,50.547,45,12,25.088,25.41
2025-08-11 12:22:27.022915,1490.01,77.907,50.386,45,12,25.088,25.41
2025-08-11 12:22:37.019820,1500.01,77.198,49.773,45,12,25.088,25.41
2025-08-11 12:22:47.020227,1510.0,76.521,49.773,45,12,25.088,25.41
2025-08-11 12:22:57.014512,1520.01,75.684,50.031,45,12,25.088,25.41
2025-08-11 12:23:07.024930,1530.01,75.039,50.063,45,12,25.088,25.41
2025-08-11 12:23:17.097869,1540.01,73.814,50.063,45,37,25.088,25.41
2025-08-11 12:23:27.019495,1550.01,72.268,50.063,45,37,25.12,25.41
2025-08-11 12:23:37.016730,1560.01,71.269,50.289,45,37,25.088,25.41
2025-08-11 12:23:47.030848,1570.01,70.173,50.869,45,37,25.088,25.41
2025-08-11 12:23:57.024882,1580.01,69.238,50.74,45,37,25.12,25.41
2025-08-11 12:24:07.021533,1590.01,68.207,51.191,45,37,25.185,25.41
2025-08-11 12:24:17.032182,1600.01,67.434,51.771,45,37,25.12,25.475
2025-08-11 12:24:27.029338,1610.01,66.563,51.9,45,37,25.185,25.442
2025-08-11 12:24:37.030248,1620.01,65.564,51.933,45,37,25.12,25.507
2025-08-11 12:24:47.024435,1630.01,64.888,51.836,45,37,25.152,25.604
2025-08-11 12:24:57.022425,1640.01,64.243,52.352,45,37,25.346,25.571
2025-08-11 12:25:07.032470,1650.01,63.566,52.545,45,37,25.249,25.7
2025-08-11 12:25:17.030715,1660.01,62.922,52.352,45,37,25.217,25.571
2025-08-11 12:25:27.028317,1670.01,62.535,52.48,45,37,25.185,25.668
2025-08-11 12:25:37.025637,1680.01,62.213,52.835,45,37,25.185,25.571
2025-08-11 12:25:47.026487,1690.0,61.278,52.158,45,37,25.217,25.539
2025-08-11 12:25:57.027241,1700.0,60.795,52.319,45,37,25.088,25.636
2025-08-11 12:26:07.030924,1710.01,60.537,51.965,45,37,25.152,25.571
2025-08-11 12:26:17.028431,1720.01,60.086,52.223,45,37,25.249,25.7
2025-08-11 12:26:27.026249,1730.01,60.054,52.223,45,37,25.185,25.636
2025-08-11 12:26:37.011361,1740.0,59.635,52.545,45,37,25.281,25.539
2025-08-11 12:26:47.023242,1750.01,59.248,52.029,45,37,25.313,25.668
2025-08-11 12:26:57.018745,1760.0,58.829,52.255,45,37,25.346,25.668
2025-08-11 12:27:07.016995,1770.0,58.507,52.158,45,37,25.41,25.732
2025-08-11 12:27:17.020061,1780.0,57.959,52.287,45,37,25.41,25.732
2025-08-11 12:27:27.024984,1790.01,57.991,51.997,45,37,25.313,25.732
2025-08-11 12:27:37.023090,1800.01,57.83,51.933,45,37,25.378,25.732
2025-08-11 12:27:47.019857,1810.01,57.54,52.029,45,37,25.41,25.732
2025-08-11 12:27:57.020429,1820.01,57.701,52.126,45,37,25.41,25.732
2025-08-11 12:28:07.014698,1830.01,57.927,52.223,45,37,25.378,25.732
2025-08-11 12:28:17.012353,1840.0,57.54,52.094,45,37,25.313,25.732
2025-08-11 12:28:27.023444,1850.01,57.218,52.029,45,37,25.41,25.732
2025-08-11 12:28:37.022189,1860.01,57.153,52.029,45,37,25.217,25.7
2025-08-11 12:28:47.005683,1870.0,56.896,51.771,45,37,25.185,25.732
2025-08-11 12:28:57.088435,1880.01,56.541,51.965,45,93,25.281,25.732
2025-08-11 12:29:07.025895,1890.0,56.025,51.933,45,93,25.185,25.732
2025-08-11 12:29:17.023430,1900.01,56.187,52.384,45,93,25.152,25.732
2025-08-11 12:29:27.020837,1910.0,55.864,52.964,45,93,25.088,25.7
2025-08-11 12:29:37.030868,1920.01,56.09,53.512,45,93,25.152,25.732
2025-08-11 12:29:47.015761,1930.0,55.8,54.156,45,93,25.185,25.732
2025-08-11 12:29:57.025804,1940.01,55.961,55.22,45,93,25.185,25.7
2025-08-11 12:30:07.023642,1950.01,56.187,56.025,45,93,25.12,25.732
2025-08-11 12:30:17.008651,1960.0,56.605,56.219,45,93,25.152,25.732
2025-08-11 12:30:27.018954,1970.01,56.896,57.572,45,93,25.088,25.732
2025-08-11 12:30:37.026117,1980.0,56.477,57.669,45,93,25.12,25.732
2025-08-11 12:30:47.097179,1990.01,56.799,58.12,65,93,25.152,25.732
2025-08-11 12:30:57.011795,2000.01,56.928,59.055,65,93,25.217,25.732
2025-08-11 12:31:07.026642,2010.01,57.186,59.731,65,93,25.281,25.732
2025-08-11 12:31:17.019501,2020.01,57.637,59.796,65,93,25.217,25.732
2025-08-11 12:31:27.016793,2030.0,58.41,61.311,65,93,25.281,25.732
2025-08-11 12:31:37.100718,2040.01,58.926,60.892,65,83,25.313,25.732
2025-08-11 12:31:47.025044,2050.0,59.474,61.729,65,83,25.217,25.7
2025-08-11 12:31:57.023151,2060.01,60.473,62.374,65,83,25.281,25.668
2025-08-11 12:32:07.020786,2070.01,60.827,62.471,65,83,25.249,25.7
2025-08-11 12:32:17.031082,2080.01,61.375,62.374,65,83,25.152,25.7
2025-08-11 12:32:27.018118,2090.0,61.891,63.019,65,83,25.12,25.7
2025-08-11 12:32:37.025972,2100.01,62.406,63.631,65,83,25.152,25.7
2025-08-11 12:32:47.023939,2110.01,62.632,63.276,65,83,25.088,25.732
2025-08-11 12:32:57.023420,2120.01,63.405,63.438,65,83,25.12,25.668
2025-08-11 12:33:07.019686,2130.01,63.792,63.502,65,83,25.088,25.7
2025-08-11 12:33:17.021660,2140.01,64.469,64.437,65,83,25.088,25.7
2025-08-11 12:33:27.026681,2150.01,64.598,64.437,65,83,25.152,25.732
2025-08-11 12:33:37.011098,2160.01,64.855,64.179,65,83,25.12,25.668
2025-08-11 12:33:47.023235,2170.01,65.113,64.727,65,83,25.12,25.7
2025-08-11 12:33:57.024220,2180.01,65.146,64.437,65,83,25.088,25.732
2025-08-11 12:34:07.029308,2190.01,65.758,65.242,65,83,25.088,25.732
2025-08-11 12:34:17.026881,2200.01,65.887,65.339,65,83,25.088,25.668
2025-08-11 12:34:27.024823,2210.01,66.016,65.178,65,83,25.088,25.7
2025-08-11 12:34:37.022024,2220.01,66.402,65.951,65,83,25.088,25.7
2025-08-11 12:34:47.019631,2230.01,66.66,66.08,65,83,25.088,25.7
2025-08-11 12:34:57.016924,2240.01,67.015,66.016,65,83,25.088,25.636
2025-08-11 12:35:07.027633,2250.01,67.144,66.273,65,83,25.088,25.7
2025-08-11 12:35:17.025674,2260.01,67.401,66.08,65,83,25.088,25.539
2025-08-11 12:35:27.023091,2270.01,67.176,66.467,65,83,25.088,25.507
2025-08-11 12:35:37.027083,2280.01,67.595,66.725,65,83,25.088,25.41
2025-08-11 12:35:47.018055,2290.01,67.788,66.821,65,83,25.088,25.475
2025-08-11 12:35:57.030410,2300.01,67.917,66.821,65,83,25.088,25.442
2025-08-11 12:36:07.090295,2310.01,68.014,66.66,65,44,25.088,25.442
2025-08-11 12:36:17.023622,2320.0,68.207,66.789,65,44,25.088,25.475
2025-08-11 12:36:27.022242,2330.01,68.207,66.435,65,44,25.088,25.41
2025-08-11 12:36:37.018346,2340.0,68.143,66.145,65,44,25.088,25.41
2025-08-11 12:36:47.016056,2350.01,67.885,64.984,65,44,25.088,25.41
2025-08-11 12:36:57.016443,2360.0,68.143,64.791,65,44,25.088,25.442
2025-08-11 12:37:07.024030,2370.0,67.82,64.372,65,44,25.088,25.475
2025-08-11 12:37:17.035082,2380.01,68.143,63.792,65,44,25.088,25.442
2025-08-11 12:37:27.018497,2390.01,68.271,64.018,65,44,25.088,25.442
2025-08-11 12:37:37.028844,2400.01,68.529,63.47,65,44,25.088,25.41
2025-08-11 12:37:47.026451,2410.01,68.368,62.793,65,44,25.088,25.41
2025-08-11 12:37:57.022780,2420.01,68.368,62.986,65,44,25.088,25.442
2025-08-11 12:38:07.007245,2430.0,68.239,62.503,65,44,25.056,25.442
2025-08-11 12:38:17.017722,2440.01,68.11,61.987,65,44,25.088,25.475
2025-08-11 12:38:27.015480,2450.0,68.014,61.407,65,44,25.088,25.442
2025-08-11 12:38:37.012494,2460.0,68.239,61.246,65,44,25.088,25.41
2025-08-11 12:38:47.090952,2470.01,67.627,60.44,22,44,25.088,25.442
2025-08-11 12:38:57.020074,2480.01,67.949,60.892,22,44,25.088,25.41
2025-08-11 12:39:07.023793,2490.01,67.563,60.73,22,44,25.056,25.442
2025-08-11 12:39:17.027546,2500.01,66.273,60.183,22,44,25.056,25.41
2025-08-11 12:39:27.024829,2510.01,65.21,59.506,22,44,25.056,25.41
2025-08-11 12:39:37.023323,2520.01,64.243,59.474,22,44,25.088,25.41
2025-08-11 12:39:47.007022,2530.0,63.276,59.216,22,44,25.056,25.442
2025-08-11 12:39:57.018584,2540.01,62.02,58.442,22,44,25.023,25.442
2025-08-11 12:40:07.012790,2550.01,60.924,58.604,22,44,25.088,25.475
2025-08-11 12:40:17.021759,2560.01,59.893,57.927,22,44,25.088,25.442
2025-08-11 12:40:27.018365,2570.01,59.055,58.023,22,44,25.088,25.475
2025-08-11 12:40:37.016980,2580.01,57.766,57.347,22,44,25.088,25.475
2025-08-11 12:40:47.015962,2590.01,56.767,56.605,22,44,25.088,25.442
2025-08-11 12:40:57.016491,2600.0,55.929,56.734,22,44,25.088,25.442
2025-08-11 12:41:07.019847,2610.01,55.413,56.412,22,44,25.056,25.41
2025-08-11 12:41:17.017894,2620.01,54.607,56.058,22,44,25.056,25.41
2025-08-11 12:41:27.015679,2630.01,53.963,55.864,22,44,25.023,25.41
2025-08-11 12:41:37.014160,2640.01,53.189,54.962,22,44,24.959,25.41
2025-08-11 12:41:47.022313,2650.01,52.577,54.994,22,44,25.056,25.41
2025-08-11 12:41:57.089329,2660.01,51.9,54.285,22,56,25.088,25.41
2025-08-11 12:42:07.005879,2670.0,51.417,54.479,22,56,25.088,25.442
2025-08-11 12:42:17.014550,2680.01,50.772,53.866,22,56,24.991,25.41
2025-08-11 12:42:27.024732,2690.01,50.192,53.931,22,56,25.088,25.41
2025-08-11 12:42:37.022484,2700.01,49.612,53.608,22,56,24.959,25.41
2025-08-11 12:42:47.035751,2710.01,49.193,53.479,22,56,25.023,25.41
2025-08-11 12:42:57.030188,2720.01,48.936,52.835,22,56,25.023,25.41
2025-08-11 12:43:07.027594,2730.01,48.581,53.157,22,56,24.959,25.41
2025-08-11 12:43:17.024694,2740.01,48.42,53.028,22,56,24.991,25.41
2025-08-11 12:43:27.022109,2750.01,48.323,52.835,22,56,24.959,25.41
2025-08-11 12:43:37.080090,2760.01,47.84,52.706,22,6,24.959,25.41
2025-08-11 12:43:47.096404,2770.01,47.679,52.674,83,6,24.927,25.41
2025-08-11 12:43:57.014416,2780.0,47.453,52.062,83,6,24.959,25.41
2025-08-11 12:44:07.037904,2790.01,47.646,51.514,83,6,24.83,25.41
2025-08-11 12:44:17.021815,2800.0,48.646,50.901,83,6,24.798,25.41
2025-08-11 12:44:27.031883,2810.01,49.773,50.321,83,6,24.798,25.41
2025-08-11 12:44:37.055024,2820.04,50.966,49.902,83,6,25.056,25.41
2025-08-11 12:44:47.014095,2830.01,52.448,49.032,83,6,24.991,25.41
2025-08-11 12:44:57.026982,2840.01,53.641,48.71,83,6,24.895,25.41
2025-08-11 12:45:07.021965,2850.01,55.188,48.42,83,6,24.862,25.41
2025-08-11 12:45:17.020076,2860.01,56.348,47.904,83,6,24.895,25.41
2025-08-11 12:45:27.016598,2870.01,57.25,47.84,83,6,24.895,25.41
2025-08-11 12:45:37.014110,2880.01,58.313,47.679,83,6,24.895,25.41
2025-08-11 12:45:47.024652,2890.01,59.313,47.356,83,6,24.766,25.41
2025-08-11 12:45:57.022914,2900.01,60.376,47.26,83,6,24.927,25.41
2025-08-11 12:46:07.019305,2910.01,61.472,47.066,83,6,24.862,25.41
2025-08-11 12:46:17.018170,2920.01,62.664,47.195,83,6,24.927,25.442
2025-08-11 12:46:27.027099,2930.01,63.631,47.228,83,6,24.927,25.41
2025-08-11 12:46:37.025409,2940.01,64.308,47.292,83,6,25.023,25.41
2025-08-11 12:46:47.021741,2950.01,65.274,47.356,83,6,25.023,25.41
2025-08-11 12:46:57.019485,2960.01,66.08,47.421,83,6,25.056,25.41
2025-08-11 12:47:07.029521,2970.01,67.047,47.485,83,6,25.023,25.41
2025-08-11 12:47:17.015933,2980.0,67.498,47.582,83,6,25.056,25.41
2025-08-11 12:47:27.023565,2990.0,68.175,47.646,83,6,25.088,25.41
2025-08-11 12:47:37.022034,3000.0,68.207,47.711,83,6,25.088,25.41
2025-08-11 12:47:47.020481,3010.01,68.98,47.775,83,6,25.088,25.41
2025-08-11 12:47:57.029059,3020.01,69.367,48.001,83,6,25.088,25.41
2025-08-11 12:48:07.026210,3030.01,69.818,48.033,83,6,25.023,25.41
2025-08-11 12:48:17.023716,3040.01,70.076,48.162,83,6,25.088,25.41
2025-08-11 12:48:27.020987,3050.01,70.463,48.517,83,6,25.056,25.41
2025-08-11 12:48:37.019685,3060.01,70.979,48.678,83,6,25.088,25.41
2025-08-11 12:48:47.029130,3070.01,71.107,48.742,83,6,25.023,25.41
2025-08-11 12:48:57.026607,3080.01,71.752,48.968,83,6,25.088,25.41
2025-08-11 12:49:07.023892,3090.01,71.688,49.064,83,6,25.056,25.41
2025-08-11 12:49:17.021296,3100.01,71.72,49.129,83,6,25.056,25.41
2025-08-11 12:49:27.031299,3110.01,71.849,49.322,83,6,25.088,25.41
2025-08-11 12:49:37.015781,3120.01,72.235,49.451,83,6,25.023,25.41
2025-08-11 12:49:47.026296,3130.01,72.429,49.483,83,6,25.088,25.41
2025-08-11 12:49:57.023543,3140.01,73.041,49.773,83,6,25.088,25.41
2025-08-11 12:50:07.021298,3150.01,72.88,49.967,83,6,25.088,25.41
2025-08-11 12:50:17.034490,3160.01,73.234,50.063,83,6,25.088,25.41
2025-08-11 12:50:27.016784,3170.01,73.686,50.225,83,6,25.088,25.41
2025-08-11 12:50:37.026516,3180.01,73.718,50.225,83,6,25.088,25.41
2025-08-11 12:50:47.023965,3190.01,73.718,50.354,83,6,25.088,25.41
2025-08-11 12:50:57.022560,3200.01,74.072,50.354,83,6,25.088,25.41
2025-08-11 12:51:07.019012,3210.01,73.847,50.45,83,6,25.088,25.41
2025-08-11 12:51:17.018666,3220.0,73.911,50.644,83,6,25.088,25.41
2025-08-11 12:51:27.026876,3230.01,73.492,50.547,83,6,25.088,25.41
2025-08-11 12:51:37.010942,3240.0,73.653,50.837,83,6,25.088,25.41
2025-08-11 12:51:47.022980,3250.01,74.072,50.644,83,6,25.088,25.442
2025-08-11 12:51:57.031252,3260.01,74.491,51.03,83,6,25.088,25.442
2025-08-11 12:52:07.016500,3270.0,74.685,51.256,83,6,25.088,25.41
2025-08-11 12:52:17.026932,3280.01,74.717,51.159,83,6,25.088,25.41
2025-08-11 12:52:27.181391,3290.01,74.846,51.61,63,76,25.088,25.41
2025-08-11 12:52:37.020596,3300.0,74.781,52.126,63,76,25.088,25.41
2025-08-11 12:52:47.017981,3310.01,74.62,52.158,63,76,25.088,25.41
2025-08-11 12:52:57.015426,3320.01,74.427,52.642,63,76,25.088,25.41
2025-08-11 12:53:07.028934,3330.01,73.943,53.286,63,76,25.088,25.41
2025-08-11 12:53:17.022864,3340.01,73.621,54.317,63,76,25.088,25.41
2025-08-11 12:53:27.020334,3350.01,73.234,55.606,63,76,25.088,25.41
2025-08-11 12:53:37.030764,3360.01,72.88,56.541,63,76,25.088,25.41
2025-08-11 12:53:47.027984,3370.01,72.493,57.411,63,76,25.12,25.41
2025-08-11 12:53:57.025252,3380.01,72.332,58.152,63,76,25.12,25.442
2025-08-11 12:54:07.022831,3390.01,71.752,58.571,63,76,25.088,25.41
2025-08-11 12:54:17.021997,3400.01,71.655,59.055,63,76,25.152,25.41
2025-08-11 12:54:27.030453,3410.01,71.591,60.44,63,76,25.088,25.442
2025-08-11 12:54:37.029406,3420.01,71.43,61.214,63,76,25.12,25.41
2025-08-11 12:54:47.074859,3430.01,70.85,61.343,63,35,25.12,25.442
2025-08-11 12:54:57.022514,3440.01,70.527,61.472,63,35,25.088,25.442
2025-08-11 12:55:07.020298,3450.01,70.012,61.536,63,35,25.185,25.507
2025-08-11 12:55:17.020482,3460.0,69.883,61.149,63,35,25.12,25.604
2025-08-11 12:55:27.027791,3470.01,69.303,61.311,63,35,25.12,25.604
2025-08-11 12:55:37.012851,3480.0,69.335,61.117,63,35,25.088,25.604
2025-08-11 12:55:47.010681,3490.0,69.399,61.053,63,35,25.217,25.604
2025-08-11 12:55:57.082105,3500.01,69.528,60.988,98,35,25.088,25.571
2025-08-11 12:56:07.018588,3510.01,69.496,60.795,98,35,25.217,25.571
2025-08-11 12:56:17.028988,3520.01,69.528,60.473,98,35,25.217,25.636
2025-08-11 12:56:27.013460,3530.01,70.012,60.086,98,35,25.12,25.571
2025-08-11 12:56:37.026156,3540.01,70.721,59.828,98,35,25.217,25.571
2025-08-11 12:56:47.034784,3550.01,71.043,59.313,98,35,25.152,25.604
2025-08-11 12:56:57.006034,3560.0,71.978,59.635,98,35,25.313,25.571
2025-08-11 12:57:07.016430,3570.0,73.331,59.506,98,35,25.281,25.507
2025-08-11 12:57:17.027037,3580.01,74.362,59.538,98,35,25.313,25.539
2025-08-11 12:57:27.084162,3590.01,75.2,59.699,90,35,25.217,25.475
2025-08-11 12:57:37.022107,3600.01,75.813,59.667,90,35,25.313,25.539
2025-08-11 12:57:47.032366,3610.01,76.296,59.441,90,35,25.346,25.475
2025-08-11 12:57:57.017277,3620.01,76.908,59.699,90,35,25.41,25.507
2025-08-11 12:58:07.027451,3630.01,77.521,59.313,90,35,25.088,25.539
2025-08-11 12:58:17.025387,3640.01,77.778,60.15,90,35,25.217,25.41
2025-08-11 12:58:27.022756,3650.01,78.294,60.118,90,35,25.152,25.507
2025-08-11 12:58:37.032876,3660.01,78.745,60.215,90,35,25.185,25.475
2025-08-11 12:58:47.030720,3670.01,78.874,60.021,90,35,25.313,25.571
2025-08-11 12:58:57.028229,3680.01,79.132,60.279,90,35,25.152,25.475
2025-08-11 12:59:07.025915,3690.01,79.519,60.344,90,35,25.346,25.571
2025-08-11 12:59:17.023531,3700.01,80.034,60.634,90,35,25.152,25.475
2025-08-11 12:59:27.020724,3710.01,80.195,60.763,90,35,25.185,25.507
2025-08-11 12:59:37.023559,3720.01,80.518,60.473,90,35,25.185,25.442
2025-08-11 12:59:47.029004,3730.01,80.518,61.021,90,35,25.249,25.442
2025-08-11 12:59:57.013547,3740.01,80.002,60.505,90,35,25.217,25.475
2025-08-11 13:00:07.023840,3750.01,80.356,60.988,90,35,25.185,25.442
2025-08-11 13:00:17.034311,3760.01,80.582,60.988,90,35,25.281,25.41
2025-08-11 13:00:27.018934,3770.0,80.937,60.827,90,35,25.12,25.475
2025-08-11 13:00:37.016351,3780.0,81.42,61.278,90,35,25.12,25.41
2025-08-11 13:00:47.026777,3790.01,81.355,61.214,90,35,25.088,25.41
2025-08-11 13:00:57.023788,3800.01,81.517,61.182,90,35,25.088,25.41
2025-08-11 13:01:07.021142,3810.01,81.484,61.697,90,35,25.12,25.41
2025-08-11 13:01:17.018490,3820.01,81.742,61.633,90,35,25.088,25.41
2025-08-11 13:01:27.029193,3830.01,81.807,61.697,90,35,25.088,25.41
2025-08-11 13:01:37.028948,3840.01,81.71,61.729,90,35,25.088,25.41
2025-08-11 13:01:47.023749,3850.01,81.581,61.568,90,35,25.12,25.41
2025-08-11 13:01:57.106674,3860.01,81.452,61.987,90,78,25.12,25.41
2025-08-11 13:02:07.031138,3870.01,81.227,61.472,90,78,25.088,25.41
2025-08-11 13:02:17.030200,3880.01,81.871,61.955,90,78,25.088,25.442
2025-08-11 13:02:27.087355,3890.01,81.807,62.116,19,78,25.088,25.41
2025-08-11 13:02:37.022904,3900.01,81.678,62.89,19,78,25.088,25.41
2025-08-11 13:02:47.019894,3910.01,80.969,62.986,19,78,25.088,25.41
2025-08-11 13:02:57.018032,3920.0,80.099,64.34,19,78,25.088,25.41
2025-08-11 13:03:07.029969,3930.01,78.391,64.598,19,78,25.088,25.41
2025-08-11 13:03:17.025080,3940.01,77.005,64.63,19,78,25.088,25.41
2025-08-11 13:03:27.009814,3950.01,75.136,64.855,19,78,25.088,25.41
2025-08-11 13:03:37.020608,3960.01,73.589,65.597,19,78,25.088,25.378
2025-08-11 13:03:47.017232,3970.01,72.01,65.564,19,78,25.088,25.249
2025-08-11 13:03:57.028229,3980.01,70.721,66.37,19,78,25.088,25.217
2025-08-11 13:04:07.025650,3990.01,68.819,66.273,19,78,25.088,25.378
2025-08-11 13:04:17.023220,4000.01,67.144,65.983,19,78,25.088,25.378
2025-08-11 13:04:27.020463,4010.0,65.726,65.822,19,78,25.088,25.378
2025-08-11 13:04:37.017561,4020.01,64.533,65.951,19,78,25.088,25.185
2025-08-11 13:04:47.015239,4030.0,63.534,66.209,19,78,25.056,25.185
2025-08-11 13:04:57.025435,4040.01,62.567,65.822,19,78,24.895,25.12
2025-08-11 13:05:07.022837,4050.01,61.375,65.726,19,78,24.895,25.088
2025-08-11 13:05:17.024211,4060.01,60.279,65.274,19,78,24.766,25.088
2025-08-11 13:05:27.023409,4070.01,59.764,65.468,19,78,24.766,25.056
2025-08-11 13:05:37.020344,4080.01,58.99,65.339,19,78,24.766,24.959
2025-08-11 13:05:47.018516,4090.01,58.442,64.92,19,78,24.766,24.83
2025-08-11 13:05:57.018324,4100.0,58.056,65.21,19,78,24.766,24.798
2025-08-11 13:06:07.014045,4110.0,57.347,64.984,19,78,24.766,24.766
2025-08-11 13:06:17.024569,4120.01,56.702,64.404,19,78,24.766,24.766
2025-08-11 13:06:27.022393,4130.01,56.348,64.469,19,78,24.669,24.766
2025-08-11 13:06:37.025744,4140.01,55.961,64.662,19,78,24.701,24.766
2025-08-11 13:06:47.030145,4150.01,55.123,64.05,19,78,24.508,24.766
2025-08-11 13:06:57.014990,4160.0,54.93,64.275,19,78,24.443,24.766
2025-08-11 13:07:07.024848,4170.01,54.64,64.437,19,78,24.476,24.766
2025-08-11 13:07:17.009879,4180.0,54.414,63.985,19,78,24.443,24.766
2025-08-11 13:07:27.020263,4190.01,53.963,63.341,19,78,24.508,24.766
2025-08-11 13:07:37.004726,4200.0,53.576,63.631,19,78,24.476,24.766
2025-08-11 13:07:47.015249,4210.01,53.222,63.502,19,78,24.443,24.766
2025-08-11 13:07:57.015331,4220.01,52.867,62.6,19,78,24.443,24.766
2025-08-11 13:08:07.022752,4230.01,52.642,62.761,19,78,24.443,24.766
2025-08-11 13:08:17.020074,4240.01,52.158,62.922,19,78,24.476,24.766
2025-08-11 13:08:27.017476,4250.01,51.643,62.664,19,78,24.443,24.798
2025-08-11 13:08:37.028099,4260.01,51.32,62.342,19,78,24.54,24.766
2025-08-11 13:08:47.026072,4270.0,50.869,62.438,19,78,24.733,24.798
2025-08-11 13:08:57.108624,4280.01,50.289,61.665,19,47,24.476,24.862
2025-08-11 13:09:07.021388,4290.01,49.87,61.311,19,47,24.637,24.927
2025-08-11 13:09:17.032846,4300.01,49.645,61.117,19,47,24.733,25.088
2025-08-11 13:09:27.030001,4310.01,49.58,60.376,19,47,24.733,25.023
2025-08-11 13:09:37.027289,4320.01,49.032,60.183,19,47,24.766,25.023
2025-08-11 13:09:47.024527,4330.01,48.936,59.603,19,47,24.766,25.056
2025-08-11 13:09:57.022159,4340.01,48.742,58.507,19,47,24.766,25.056
2025-08-11 13:10:07.032389,4350.01,48.355,57.959,19,47,24.701,25.088
2025-08-11 13:10:17.084681,4360.01,48.098,57.379,4,47,24.766,25.088
2025-08-11 13:10:27.027065,4370.01,47.904,56.799,4,47,24.766,25.088
2025-08-11 13:10:37.037760,4380.01,47.421,56.67,4,47,24.766,25.088
2025-08-11 13:10:47.035367,4390.01,47.002,56.187,4,47,24.733,25.088
2025-08-11 13:10:57.022035,4400.0,46.422,55.671,4,47,24.766,25.088
2025-08-11 13:11:07.029965,4410.01,46.164,54.801,4,47,24.766,25.056
2025-08-11 13:11:17.027483,4420.01,45.455,54.672,4,47,24.766,24.895
2025-08-11 13:11:27.038827,4430.01,45.133,54.479,4,47,24.733,24.959
2025-08-11 13:11:37.022663,4440.0,44.682,54.06,4,47,24.572,24.83
2025-08-11 13:11:47.020739,4450.01,44.295,53.447,4,47,24.637,24.766
2025-08-11 13:11:57.020975,4460.0,43.876,52.964,4,47,24.54,24.766
2025-08-11 13:12:07.028264,4470.01,43.554,52.835,4,47,24.443,24.766
2025-08-11 13:12:17.025705,4480.01,43.038,52.609,4,47,24.443,24.766
2025-08-11 13:12:27.023371,4490.0,42.651,52.158,4,47,24.443,24.766
2025-08-11 13:12:37.021676,4500.01,42.329,51.9,4,47,24.443,24.766
2025-08-11 13:12:47.031066,4510.01,41.942,51.514,4,47,24.443,24.701
2025-08-11 13:12:57.015756,4520.0,41.62,51.353,4,47,24.443,24.766
2025-08-11 13:13:07.094107,4530.01,41.233,50.708,4,15,24.443,24.604
2025-08-11 13:13:17.023628,4540.01,40.911,50.225,4,15,24.443,24.669
2025-08-11 13:13:27.035095,4550.01,40.686,49.806,4,15,24.443,24.604
2025-08-11 13:13:37.019575,4560.01,40.17,49.29,4,15,24.443,24.604
2025-08-11 13:13:47.029467,4570.01,39.654,48.613,4,15,24.443,24.604
2025-08-11 13:13:57.028995,4580.01,39.332,47.679,4,15,24.443,24.508
2025-08-11 13:14:07.024323,4590.01,39.203,47.066,4,15,24.443,24.443
2025-08-11 13:14:17.020961,4600.01,39.01,46.357,4,15,24.443,24.476
2025-08-11 13:14:27.019124,4610.01,38.655,45.745,4,15,24.314,24.443
2025-08-11 13:14:37.028465,4620.01,38.365,45.101,4,15,24.25,24.443
2025-08-11 13:14:47.026356,4630.01,38.011,44.714,4,15,24.25,24.443
2025-08-11 13:14:57.037382,4640.01,37.817,44.102,4,15,24.153,24.443
2025-08-11 13:15:07.020809,4650.01,37.656,43.586,4,15,24.121,24.443
2025-08-11 13:15:17.031082,4660.01,37.398,43.264,4,15,24.121,24.443
2025-08-11 13:15:27.029928,4670.01,37.012,42.619,4,15,24.121,24.443
2025-08-11 13:15:37.115140,4680.01,37.076,42.329,68,15,24.121,24.443
2025-08-11 13:15:47.023572,4690.01,37.012,41.813,68,15,24.121,24.443
2025-08-11 13:15:57.020416,4700.01,37.56,41.459,68,15,24.121,24.443
2025-08-11 13:16:07.030809,4710.01,38.43,41.362,68,15,24.121,24.443
2025-08-11 13:16:17.015081,4720.01,39.59,40.976,68,15,24.121,24.443
2025-08-11 13:16:27.025531,4730.01,41.072,40.879,68,15,24.121,24.443
2025-08-11 13:16:37.023173,4740.01,42.716,40.653,68,15,24.121,24.443
2025-08-11 13:16:47.032845,4750.01,44.198,40.686,68,15,24.121,24.443
2025-08-11 13:16:57.021603,4760.01,45.552,40.75,68,15,24.121,24.411
2025-08-11 13:17:07.027756,4770.01,47.002,40.718,68,15,24.121,24.443
2025-08-11 13:17:17.025121,4780.01,48.388,40.686,68,15,24.121,24.379
2025-08-11 13:17:27.022899,4790.01,49.967,41.072,68,15,24.121,24.347
2025-08-11 13:17:37.020474,4800.01,51.385,41.362,68,15,24.121,24.25
2025-08-11 13:17:47.017838,4810.01,52.609,41.749,68,15,24.121,24.411
2025-08-11 13:17:57.032392,4820.01,53.963,41.717,68,15,24.121,24.347
2025-08-11 13:18:07.012661,4830.0,55.252,41.942,68,15,24.121,24.411
2025-08-11 13:18:17.022597,4840.01,56.122,42.329,68,15,24.121,24.443
2025-08-11 13:18:27.021222,4850.01,56.96,42.78,68,15,24.121,24.443
2025-08-11 13:18:37.023712,4860.01,57.927,43.006,68,15,24.121,24.443
2025-08-11 13:18:47.028100,4870.01,58.765,43.36,68,15,24.121,24.443
2025-08-11 13:18:57.094450,4880.01,59.603,43.586,68,75,24.121,24.411
2025-08-11 13:19:07.023295,4890.01,60.376,44.617,68,75,24.121,24.443
2025-08-11 13:19:17.019966,4900.01,61.214,44.746,68,75,24.121,24.411
2025-08-11 13:19:27.022395,4910.0,61.923,45.584,68,75,24.121,24.443
2025-08-11 13:19:37.028794,4920.01,62.406,46.938,68,75,24.121,24.411
2025-08-11 13:19:47.025033,4930.01,63.212,48.42,68,75,24.121,24.314
2025-08-11 13:19:57.021753,4940.01,63.792,49.483,68,75,24.089,24.25
2025-08-11 13:20:07.018465,4950.01,64.404,50.579,68,75,23.96,24.186
2025-08-11 13:20:17.015549,4960.01,65.017,51.9,68,75,23.928,24.121
2025-08-11 13:20:27.026035,4970.01,65.5,52.932,68,75,23.928,24.153
2025-08-11 13:20:37.023278,4980.0,66.177,53.866,68,75,23.992,24.153
2025-08-11 13:20:47.020647,4990.01,66.467,54.35,68,75,23.831,24.121
2025-08-11 13:20:57.019272,5000.0,67.208,55.51,68,75,23.863,24.121
2025-08-11 13:21:07.028017,5010.01,67.885,56.702,68,75,23.799,24.121
2025-08-11 13:21:17.019423,5020.0,68.723,57.54,68,75,23.799,24.121
2025-08-11 13:21:27.022649,5030.01,69.077,58.442,68,75,23.799,24.121
2025-08-11 13:21:37.020473,5040.01,69.689,58.829,68,75,23.799,24.121
2025-08-11 13:21:47.030691,5050.01,70.334,59.377,68,75,23.799,24.121
2025-08-11 13:21:57.027674,5060.0,70.688,60.376,68,75,23.831,24.121
2025-08-11 13:22:07.012101,5070.0,71.204,60.988,68,75,23.799,24.121
2025-08-11 13:22:17.022741,5080.01,71.559,61.955,68,75,23.799,24.121
2025-08-11 13:22:27.019255,5090.01,71.784,62.535,68,75,23.799,24.121
2025-08-11 13:22:37.020837,5100.01,72.139,63.115,68,75,23.799,24.121
2025-08-11 13:22:47.027388,5110.01,72.525,63.373,68,75,23.799,24.121
2025-08-11 13:22:57.025564,5120.01,72.396,63.76,68,75,23.799,24.121
2025-08-11 13:23:07.022413,5130.01,72.815,64.63,68,75,23.799,24.121
2025-08-11 13:23:17.094909,5140.01,73.009,65.081,97,75,23.799,24.121
2025-08-11 13:23:27.016814,5150.01,73.589,65.242,97,75,23.799,24.121
2025-08-11 13:23:37.027144,5160.01,74.008,65.79,97,75,23.799,24.121
2025-08-11 13:23:47.012493,5170.0,74.749,65.693,97,75,23.799,24.121
2025-08-11 13:23:57.022499,5180.01,75.813,66.273,97,75,23.799,24.089
2025-08-11 13:24:07.019959,5190.01,76.812,66.789,97,75,23.799,24.089
2025-08-11 13:24:17.020206,5200.0,77.875,67.144,97,75,23.767,24.121
2025-08-11 13:24:27.028058,5210.01,78.938,67.434,97,75,23.799,24.089
2025-08-11 13:24:37.025174,5220.01,79.905,67.82,97,75,23.799,24.024
2025-08-11 13:24:47.036232,5230.01,81.098,68.336,97,75,23.799,24.024
2025-08-11 13:24:57.033594,5240.01,81.839,68.948,97,75,23.799,24.057
2025-08-11 13:25:07.017689,5250.01,82.612,68.916,97,75,23.799,23.96
2025-08-11 13:25:17.015639,5260.01,83.579,68.819,97,75,23.799,24.024
2025-08-11 13:25:27.019781,5270.0,84.385,69.818,97,75,23.799,24.057
2025-08-11 13:25:37.023051,5280.01,84.9,69.979,97,75,23.734,24.089
2025-08-11 13:25:47.033806,5290.01,86.028,70.527,97,75,23.799,24.121
2025-08-11 13:25:57.031247,5300.01,86.512,70.398,97,75,23.799,24.121
2025-08-11 13:26:07.029500,5310.01,86.834,70.817,97,75,23.799,24.024
2025-08-11 13:26:17.026737,5320.01,87.511,71.397,97,75,23.799,24.057
2025-08-11 13:26:27.010692,5330.01,87.897,71.043,97,75,23.799,24.089
2025-08-11 13:26:37.021113,5340.01,88.542,71.623,97,75,23.799,24.121
2025-08-11 13:26:47.018206,5350.01,89.187,72.139,97,75,23.799,24.121
2025-08-11 13:26:57.015624,5360.01,89.412,72.203,97,75,23.799,24.121
2025-08-11 13:27:07.026434,5370.01,89.863,73.041,97,75,23.799,24.121
2025-08-11 13:27:17.023380,5380.01,90.379,73.009,97,75,23.799,24.121
2025-08-11 13:27:27.006416,5390.0,90.669,73.073,97,75,23.799,24.121
2025-08-11 13:27:37.086246,5400.01,90.701,72.364,32,75,23.799,24.057
2025-08-11 13:27:47.013562,5410.0,91.152,73.041,32,75,23.734,24.121
2025-08-11 13:27:57.023948,5420.01,90.604,73.009,32,75,23.799,24.121
2025-08-11 13:28:07.093013,5430.01,89.541,72.977,32,37,23.767,24.057
2025-08-11 13:28:17.019154,5440.01,88.349,72.944,32,37,23.799,24.121
2025-08-11 13:28:27.016566,5450.01,86.898,72.493,32,37,23.799,24.121
2025-08-11 13:28:37.020876,5460.01,85.158,72.01,32,37,23.799,24.121
2025-08-11 13:28:47.023934,5470.01,83.579,70.721,32,37,23.767,24.121
2025-08-11 13:28:57.020629,5480.01,82.064,70.27,32,37,23.799,24.121
2025-08-11 13:29:07.005883,5490.0,80.775,69.464,32,37,23.799,24.121
2025-08-11 13:29:17.023195,5500.01,79.132,68.529,32,37,23.799,24.089
2025-08-11 13:29:27.025998,5510.01,77.778,67.595,32,37,23.767,24.121
2025-08-11 13:29:37.024229,5520.01,76.328,66.886,32,37,23.799,24.089
2025-08-11 13:29:47.023324,5530.01,75.007,65.854,32,37,23.799,23.992
2025-08-11 13:29:57.018035,5540.01,73.847,64.598,32,37,23.799,24.121
2025-08-11 13:30:07.030074,5550.01,72.687,64.34,32,37,23.799,24.121
2025-08-11 13:30:17.025829,5560.01,71.591,63.534,32,37,23.799,24.089
2025-08-11 13:30:27.023448,5570.01,70.366,62.438,32,37,23.799,24.089
2025-08-11 13:30:37.020830,5580.01,69.399,62.02,32,37,23.767,24.089
2025-08-11 13:30:47.019247,5590.01,68.271,61.246,32,37,23.799,24.121
2025-08-11 13:30:57.029987,5600.01,67.627,60.344,32,37,23.799,24.089
2025-08-11 13:31:07.013393,5610.01,66.628,60.086,32,37,23.767,24.024
2025-08-11 13:31:17.023913,5620.01,65.887,59.441,32,37,23.734,23.928
2025-08-11 13:31:27.021860,5630.0,64.888,58.861,32,37,23.767,23.96
2025-08-11 13:31:37.019260,5640.01,64.437,58.088,32,37,23.702,23.96
2025-08-11 13:31:47.029958,5650.01,63.566,57.508,32,37,23.605,23.831
2025-08-11 13:31:57.029235,5660.01,62.954,57.282,32,37,23.638,23.799
2025-08-11 13:32:07.025665,5670.01,62.181,56.767,32,37,23.734,23.831
2025-08-11 13:32:17.091170,5680.01,61.891,56.219,47,37,23.573,23.831
2025-08-11 13:32:27.020064,5690.01,61.343,56.283,47,37,23.605,23.799
2025-08-11 13:32:37.017582,5700.01,60.892,55.671,47,37,23.605,23.799
2025-08-11 13:32:47.027858,5710.0,60.956,55.574,47,37,23.541,23.799
2025-08-11 13:32:57.025548,5720.0,61.021,55.252,47,37,23.638,23.928
2025-08-11 13:33:07.022762,5730.01,60.827,54.865,47,37,23.605,23.831
2025-08-11 13:33:17.033125,5740.01,60.956,54.607,47,37,23.509,23.831
2025-08-11 13:33:27.030946,5750.01,61.053,54.253,47,37,23.638,23.799
2025-08-11 13:33:37.029763,5760.01,61.214,54.285,47,37,23.605,23.863
2025-08-11 13:33:47.025970,5770.01,61.246,54.027,47,37,23.573,23.799
2025-08-11 13:33:57.091366,5780.01,61.311,53.544,19,37,23.67,23.799
2025-08-11 13:34:07.021082,5790.01,61.311,53.512,19,37,23.605,24.057
2025-08-11 13:34:17.018594,5800.0,61.182,53.479,19,37,23.541,23.831
2025-08-11 13:34:27.016308,5810.0,60.698,53.189,19,37,23.573,23.863
2025-08-11 13:34:37.014768,5820.01,59.989,52.835,19,37,23.638,23.928
2025-08-11 13:34:47.014761,5830.0,59.506,52.867,19,37,23.702,23.992
2025-08-11 13:34:57.022929,5840.01,59.022,52.867,19,37,23.541,23.799
2025-08-11 13:35:07.020582,5850.0,58.249,52.577,19,37,23.638,23.831
2025-08-11 13:35:17.019263,5860.01,57.508,52.448,19,37,23.541,23.831
2025-08-11 13:35:27.028632,5870.01,56.928,52.19,19,37,23.638,23.896
2025-08-11 13:35:37.026287,5880.01,56.122,51.643,19,37,23.509,23.799
2025-08-11 13:35:47.023611,5890.0,55.445,51.32,19,37,23.509,23.799
2025-08-11 13:35:57.021234,5900.01,54.833,51.095,19,37,23.638,23.831
2025-08-11 13:36:07.019367,5910.01,54.188,50.998,19,37,23.541,23.831
2025-08-11 13:36:17.016918,5920.01,53.641,50.676,19,37,23.541,23.799
2025-08-11 13:36:27.014700,5930.0,53.222,50.644,19,37,23.573,23.799
2025-08-11 13:36:37.024395,5940.01,52.674,50.418,19,37,23.509,23.831
2025-08-11 13:36:47.021920,5950.01,52.158,50.225,19,37,23.509,23.799
2025-08-11 13:36:57.022391,5960.01,51.643,49.645,19,37,23.509,23.799
2025-08-11 13:37:07.017057,5970.0,51.481,49.709,19,37,23.509,23.799
2025-08-11 13:37:17.087002,5980.01,50.901,49.322,19,13,23.509,23.799
2025-08-11 13:37:27.024548,5990.01,50.45,48.871,19,13,23.509,23.799
2025-08-11 13:37:37.009093,6000.0,50.031,48.678,19,13,23.509,23.799
2025-08-11 13:37:47.019594,6010.0,49.612,48.323,19,13,23.477,23.799
2025-08-11 13:37:57.017174,6020.0,49.161,47.775,19,13,23.477,23.799
2025-08-11 13:38:07.014287,6030.0,48.774,47.163,19,13,23.477,23.799
2025-08-11 13:38:17.011768,6040.0,48.581,47.034,19,13,23.477,23.799
2025-08-11 13:38:27.034776,6050.01,48.194,46.39,19,13,23.477,23.799
2025-08-11 13:38:37.019337,6060.0,47.937,45.971,19,13,23.477,23.799
2025-08-11 13:38:47.029214,6070.01,47.679,45.423,19,13,23.477,23.799
2025-08-11 13:38:57.026940,6080.01,47.453,45.101,19,13,23.477,23.799
2025-08-11 13:39:07.024405,6090.01,47.324,44.682,19,13,23.477,23.799
2025-08-11 13:39:17.021993,6100.0,47.066,44.359,19,13,23.477,23.799
2025-08-11 13:39:27.019233,6110.01,46.712,43.812,19,13,23.477,23.799
2025-08-11 13:39:37.032068,6120.01,46.486,43.264,19,13,23.477,23.799
2025-08-11 13:39:47.027449,6130.01,46.132,43.103,19,13,23.477,23.799
2025-08-11 13:39:57.025637,6140.01,46.003,42.716,19,13,23.477,23.767
2025-08-11 13:40:07.022371,6150.0,45.681,42.49,19,13,23.477,23.799
2025-08-11 13:40:17.032240,6160.0,45.455,42.136,19,13,23.477,23.799
2025-08-11 13:40:27.016968,6170.0,45.391,41.588,19,13,23.477,23.799
2025-08-11 13:40:37.027465,6180.01,45.101,41.459,19,13,23.477,23.767
2025-08-11 13:40:47.025576,6190.01,44.875,41.169,19,13,23.477,23.767
2025-08-11 13:40:57.034881,6200.01,44.972,41.008,19,13,23.444,23.767
2025-08-11 13:41:07.032888,6210.01,44.811,40.847,19,13,23.444,23.799
2025-08-11 13:41:17.032011,6220.01,44.553,40.847,19,13,23.444,23.799
2025-08-11 13:41:27.027360,6230.01,44.585,40.428,19,13,23.444,23.767
2025-08-11 13:41:37.025359,6240.0,44.456,40.428,19,13,23.477,23.767
2025-08-11 13:41:47.022269,6250.01,44.134,40.138,19,13,23.477,23.799
2025-08-11 13:41:57.094336,6260.01,44.069,40.267,48,13,23.444,23.799
2025-08-11 13:42:07.029968,6270.01,44.005,39.912,48,13,23.477,23.734
2025-08-11 13:42:17.095612,6280.01,44.295,39.848,48,22,23.477,23.799
2025-08-11 13:42:27.025931,6290.01,44.553,39.687,48,22,23.477,23.799
2025-08-11 13:42:37.035532,6300.01,45.004,39.944,48,22,23.444,23.767
2025-08-11 13:42:47.020235,6310.01,45.584,39.848,48,22,23.444,23.734
2025-08-11 13:42:57.030902,6320.01,46.39,39.88,48,22,23.444,23.799
2025-08-11 13:43:07.027988,6330.01,46.841,39.912,48,22,23.477,23.734
2025-08-11 13:43:17.026027,6340.01,47.453,40.234,48,22,23.477,23.734
2025-08-11 13:43:27.023720,6350.0,48.162,40.202,48,22,23.38,23.734
2025-08-11 13:43:37.021848,6360.0,48.839,40.524,48,22,23.219,23.573
2025-08-11 13:43:47.018555,6370.01,49.387,40.814,48,22,23.348,23.67
2025-08-11 13:43:57.029317,6380.01,49.806,40.75,48,22,23.444,23.541
2025-08-11 13:44:07.026750,6390.01,50.289,41.104,48,22,23.412,23.573
2025-08-11 13:44:17.011374,6400.01,50.966,41.266,48,22,23.348,23.477
2025-08-11 13:44:27.021473,6410.01,51.61,41.749,48,22,23.251,23.541
2025-08-11 13:44:37.019277,6420.01,52.287,41.717,48,22,23.219,23.509
2025-08-11 13:44:47.016980,6430.01,52.803,41.878,48,22,23.251,23.477
2025-08-11 13:44:57.014192,6440.01,53.222,42.329,48,22,23.187,23.477
2025-08-11 13:45:07.024680,6450.01,53.608,42.651,48,22,23.251,23.605
2025-08-11 13:45:17.034805,6460.01,53.673,42.909,48,22,23.187,23.477
2025-08-11 13:45:27.019449,6470.01,53.995,42.877,48,22,23.219,23.509
2025-08-11 13:45:37.029619,6480.01,54.317,43.231,48,22,23.219,23.477
2025-08-11 13:45:47.014219,6490.0,54.64,43.199,48,22,23.154,23.541
2025-08-11 13:45:57.017935,6500.0,54.962,43.489,48,22,23.154,23.573
2025-08-11 13:46:06.975540,6509.96,55.155,43.521,48,22,23.187,23.477
2025-08-11 13:46:17.084463,6520.0,55.445,43.715,48,67,23.187,23.509
2025-08-11 13:46:27.029705,6530.01,55.51,43.844,48,67,23.154,23.477
2025-08-11 13:46:37.027246,6540.01,55.606,44.553,48,67,23.154,23.477
2025-08-11 13:46:47.012085,6550.0,56.219,45.584,48,67,23.154,23.477
2025-08-11 13:46:57.022982,6560.0,56.477,46.1,48,67,23.154,23.477
2025-08-11 13:47:07.018754,6570.01,56.67,47.131,48,67,23.154,23.477
2025-08-11 13:47:17.029649,6580.01,56.863,47.904,48,67,23.187,23.477
2025-08-11 13:47:27.026533,6590.01,57.024,48.388,48,67,23.219,23.509
2025-08-11 13:47:37.022909,6600.01,57.379,49.097,48,67,23.154,23.477
2025-08-11 13:47:47.021339,6610.01,57.733,49.999,48,67,23.187,23.509
2025-08-11 13:47:57.031600,6620.01,57.991,50.644,48,67,23.154,23.573
2025-08-11 13:48:07.028800,6630.01,58.249,51.127,48,67,23.187,23.573
2025-08-11 13:48:17.013898,6640.01,58.636,52.255,48,67,23.315,23.509
2025-08-11 13:48:27.025283,6650.01,58.604,52.255,48,67,23.283,23.541
2025-08-11 13:48:37.021379,6660.01,58.926,53.028,48,67,23.187,23.477
2025-08-11 13:48:47.031816,6670.01,59.216,53.705,48,67,23.219,23.477
2025-08-11 13:48:57.029839,6680.01,59.538,54.221,48,67,23.154,23.477
2025-08-11 13:49:07.091160,6690.01,59.828,54.64,44,67,23.154,23.477
2025-08-11 13:49:17.023649,6700.01,60.086,55.026,44,67,23.251,23.477
2025-08-11 13:49:27.020566,6710.01,59.957,55.123,44,67,23.154,23.477
2025-08-11 13:49:37.018702,6720.0,60.054,55.188,44,67,23.154,23.477
2025-08-11 13:49:47.014870,6730.01,60.15,56.025,44,67,23.154,23.477
2025-08-11 13:49:57.025169,6740.01,60.118,55.864,44,67,23.154,23.477
2025-08-11 13:50:07.022601,6750.01,60.473,56.638,44,67,23.187,23.477
2025-08-11 13:50:17.024409,6760.01,60.634,57.089,44,67,23.154,23.477
2025-08-11 13:50:27.029543,6770.01,60.537,57.54,44,67,23.154,23.477
2025-08-11 13:50:37.027008,6780.01,60.634,57.153,44,67,23.154,23.477
2025-08-11 13:50:47.024215,6790.01,60.795,58.152,44,67,23.154,23.477
2025-08-11 13:50:57.022208,6800.01,60.956,58.442,44,67,23.154,23.477
2025-08-11 13:51:07.019016,6810.01,61.085,58.539,44,67,23.154,23.477
2025-08-11 13:51:17.030698,6820.01,61.246,58.636,44,67,23.154,23.477
2025-08-11 13:51:27.013738,6830.0,61.343,58.281,44,67,23.154,23.509
2025-08-11 13:51:37.011168,6840.0,61.536,58.829,44,67,23.187,23.477
2025-08-11 13:51:47.021768,6850.01,61.665,58.894,44,67,23.219,23.541
2025-08-11 13:51:57.006009,6860.0,61.246,59.055,44,67,23.154,23.477
2025-08-11 13:52:07.015784,6870.01,61.311,58.958,44,67,23.154,23.477
2025-08-11 13:52:17.075427,6880.0,61.311,58.829,44,84,23.154,23.477
2025-08-11 13:52:27.023251,6890.01,61.021,58.668,44,84,23.154,23.477
2025-08-11 13:52:37.033633,6900.01,61.117,59.377,44,84,23.154,23.477
2025-08-11 13:52:47.030801,6910.01,61.472,59.474,44,84,23.154,23.477
2025-08-11 13:52:57.015173,6920.0,61.504,60.183,44,84,23.154,23.477
2025-08-11 13:53:07.012637,6930.0,61.311,60.44,44,84,23.154,23.477
2025-08-11 13:53:17.022404,6940.01,61.697,61.053,44,84,23.154,23.477
2025-08-11 13:53:27.019747,6950.0,61.633,60.859,44,84,23.154,23.477
2025-08-11 13:53:37.017635,6960.0,61.987,61.697,44,84,23.154,23.477
2025-08-11 13:53:47.014237,6970.0,61.794,61.729,44,84,23.154,23.477
2025-08-11 13:53:57.023954,6980.0,61.891,62.213,44,84,23.154,23.477
2025-08-11 13:54:07.021692,6990.01,62.052,62.471,44,84,23.154,23.477
2025-08-11 13:54:17.031653,7000.01,62.342,62.503,44,84,23.154,23.477
2025-08-11 13:54:27.016038,7010.0,62.116,62.922,44,84,23.187,23.477
2025-08-11 13:54:37.092123,7020.01,62.213,63.18,44,70,23.154,23.477
2025-08-11 13:54:47.023739,7030.01,62.471,62.825,44,70,23.154,23.477
2025-08-11 13:54:57.021525,7040.01,62.471,63.341,44,70,23.154,23.477
2025-08-11 13:55:07.018218,7050.01,62.632,63.309,44,70,23.154,23.477
2025-08-11 13:55:17.015472,7060.01,62.342,63.083,44,70,23.154,23.477
2025-08-11 13:55:27.012245,7070.0,62.148,63.438,44,70,23.154,23.477
2025-08-11 13:55:37.022854,7080.01,62.406,63.309,44,70,23.187,23.477
2025-08-11 13:55:47.034276,7090.01,62.471,63.115,44,70,23.154,23.477
2025-08-11 13:55:57.017181,7100.0,62.503,63.147,44,70,23.154,23.477
2025-08-11 13:56:07.027109,7110.01,62.729,62.89,44,70,23.154,23.477
2025-08-11 13:56:17.024618,7120.01,62.6,63.083,44,70,23.154,23.477
2025-08-11 13:56:27.008651,7130.0,62.664,62.567,44,70,23.154,23.477
2025-08-11 13:56:37.031764,7140.01,62.632,62.922,44,70,23.154,23.477
2025-08-11 13:56:47.015967,7150.01,62.729,62.664,44,70,23.154,23.477
2025-08-11 13:56:57.026357,7160.01,62.6,62.277,44,70,23.154,23.477
2025-08-11 13:57:07.010456,7170.0,62.535,62.438,44,70,23.154,23.477
2025-08-11 13:57:17.020565,7180.01,62.503,61.633,44,70,23.154,23.477
2025-08-11 13:57:27.018216,7190.01,62.535,62.438,44,70,23.154,23.477
2025-08-11 13:57:37.028487,7200.01,62.632,62.374,44,70,23.154,23.477
2025-08-11 13:57:47.025510,7210.01,62.664,62.374,44,70,23.154,23.477
2025-08-11 13:57:57.022729,7220.01,62.825,62.181,44,70,23.154,23.477
2025-08-11 13:58:07.019963,7230.01,62.729,61.955,44,70,23.154,23.477
2025-08-11 13:58:17.017098,7240.01,62.922,62.471,44,70,23.154,23.477
2025-08-11 13:58:27.095085,7250.01,62.986,62.277,31,70,23.154,23.477
2025-08-11 13:58:37.019403,7260.0,62.761,61.923,31,70,23.154,23.477
2025-08-11 13:58:47.021614,7270.01,62.696,61.987,31,70,23.154,23.477
2025-08-11 13:58:57.020754,7280.01,62.503,61.826,31,70,23.154,23.477
2025-08-11 13:59:07.029526,7290.0,62.342,62.406,31,70,23.154,23.477
2025-08-11 13:59:17.027006,7300.01,61.987,61.923,31,70,23.154,23.477
2025-08-11 13:59:27.023702,7310.01,61.633,61.375,31,70,23.154,23.477
2025-08-11 13:59:37.021264,7320.01,61.568,61.891,31,70,23.154,23.509
2025-08-11 13:59:47.018308,7330.0,61.182,61.891,31,70,23.154,23.477
2025-08-11 13:59:57.015611,7340.0,60.698,61.826,31,70,23.154,23.477
2025-08-11 14:00:07.030572,7350.01,60.602,61.955,31,70,23.154,23.509
2025-08-11 14:00:17.093617,7360.01,59.989,61.762,84,70,23.154,23.477
2025-08-11 14:00:27.020507,7370.01,60.215,61.987,84,70,23.154,23.477
2025-08-11 14:00:37.034069,7380.01,60.279,61.536,84,70,23.154,23.477
2025-08-11 14:00:47.028824,7390.0,61.246,61.923,84,70,23.187,23.477
2025-08-11 14:00:57.024850,7400.01,62.052,61.794,84,70,23.154,23.477
2025-08-11 14:01:07.023799,7410.01,63.309,61.343,84,70,23.154,23.541
2025-08-11 14:01:17.021746,7420.0,64.308,62.052,84,70,23.187,23.541
2025-08-11 14:01:27.103550,7430.01,65.629,62.503,84,81,23.187,23.477
2025-08-11 14:01:37.016100,7440.01,66.95,62.471,84,81,23.187,23.477
2025-08-11 14:01:47.025976,7450.01,68.11,62.761,84,81,23.154,23.477
2025-08-11 14:01:57.015508,7460.0,69.013,63.051,84,81,23.154,23.477
2025-08-11 14:02:07.020080,7470.0,70.044,62.857,84,81,23.187,23.509
2025-08-11 14:02:17.021527,7480.01,71.43,63.566,84,81,23.154,23.477
2025-08-11 14:02:27.014447,7490.0,72.364,64.018,84,81,23.187,23.477
2025-08-11 14:02:37.012111,7500.0,73.524,64.501,84,81,23.154,23.477
2025-08-11 14:02:47.022623,7510.01,74.298,64.694,84,81,23.154,23.477
2025-08-11 14:02:57.020638,7520.0,75.49,65.661,84,81,23.154,23.605
2025-08-11 14:03:07.016329,7530.01,76.07,65.049,84,81,23.315,23.541
2025-08-11 14:03:17.019982,7540.0,76.94,66.112,84,81,23.187,23.509
2025-08-11 14:03:27.024567,7550.01,77.682,66.467,84,81,23.348,23.638
2025-08-11 14:03:37.022037,7560.01,78.165,67.305,84,81,23.444,23.541
2025-08-11 14:03:47.032429,7570.01,78.971,67.53,84,81,23.348,23.767
2025-08-11 14:03:57.017153,7580.01,79.293,67.788,84,81,23.315,23.67
2025-08-11 14:04:07.014670,7590.01,79.261,67.885,84,81,23.315,23.573
2025-08-11 14:04:17.012633,7600.01,79.905,68.465,84,81,23.219,23.541
2025-08-11 14:04:27.022660,7610.01,80.292,68.69,84,81,23.251,23.509
2025-08-11 14:04:37.019992,7620.01,80.904,69.206,84,81,23.348,23.573
2025-08-11 14:04:47.030620,7630.01,81.452,69.109,84,81,23.219,23.541
2025-08-11 14:04:57.015341,7640.0,82.161,70.205,84,81,23.251,23.573
2025-08-11 14:05:07.012373,7650.01,82.29,70.688,84,81,23.187,23.573
2025-08-11 14:05:17.022782,7660.0,82.741,70.398,84,81,23.38,23.702
2025-08-11 14:05:27.020286,7670.01,82.838,69.915,84,81,23.315,23.605
2025-08-11 14:05:37.026182,7680.01,83.321,70.56,84,81,23.154,23.573
2025-08-11 14:05:47.023298,7690.01,83.644,71.236,84,81,23.251,23.541
2025-08-11 14:05:57.030103,7700.01,83.289,71.075,84,81,23.187,23.573
2025-08-11 14:06:07.026506,7710.0,83.74,71.655,84,81,23.251,23.509
2025-08-11 14:06:17.085162,7720.01,83.901,71.269,84,39,23.315,23.638
2025-08-11 14:06:27.024765,7730.01,84.191,71.269,84,39,23.348,23.573
2025-08-11 14:06:37.018744,7740.01,84.191,71.075,84,39,23.251,23.67
2025-08-11 14:06:47.029157,7750.01,84.61,70.463,84,39,23.219,23.541
2025-08-11 14:06:57.012974,7760.0,84.675,70.366,84,39,23.251,23.541
2025-08-11 14:07:07.023344,7770.0,84.771,69.689,84,39,23.283,23.509
2025-08-11 14:07:17.020241,7780.01,84.707,69.561,84,39,23.187,23.509
2025-08-11 14:07:27.017719,7790.01,84.933,69.174,84,39,23.283,23.573
2025-08-11 14:07:37.015425,7800.01,84.997,68.562,84,39,23.187,23.541
2025-08-11 14:07:47.026142,7810.01,85.223,68.078,84,39,23.283,23.573
2025-08-11 14:07:57.025308,7820.01,85.223,67.53,84,39,23.251,23.638
2025-08-11 14:08:07.087294,7830.01,85.094,66.789,29,39,23.251,23.67
2025-08-11 14:08:17.031046,7840.01,85.029,66.725,29,39,23.348,23.734
2025-08-11 14:08:27.027832,7850.01,84.32,66.37,29,39,23.38,23.767
2025-08-11 14:08:37.025398,7860.01,83.321,66.112,29,39,23.315,23.702
2025-08-11 14:08:47.022754,7870.01,81.968,65.436,29,39,23.38,23.734
2025-08-11 14:08:57.033198,7880.01,80.711,65.242,29,39,23.444,23.734
2025-08-11 14:09:07.017426,7890.01,79.486,64.211,29,39,23.38,23.702
2025-08-11 14:09:17.020587,7900.01,77.682,63.856,29,39,23.348,23.638
2025-08-11 14:09:27.012273,7910.01,76.264,63.695,29,39,23.348,23.767
2025-08-11 14:09:37.022320,7920.01,75.071,62.922,29,39,23.444,23.767
2025-08-11 14:09:47.020992,7930.01,73.911,62.761,29,39,23.412,23.799
2025-08-11 14:09:57.016997,7940.01,72.687,62.116,29,39,23.477,23.799
2025-08-11 14:10:07.027401,7950.01,71.301,61.472,29,39,23.477,23.767
2025-08-11 14:10:17.024554,7960.01,70.141,60.795,29,39,23.477,23.767
2025-08-11 14:10:27.009083,7970.0,68.98,60.344,29,39,23.477,23.767
2025-08-11 14:10:37.019396,7980.0,67.981,60.473,29,39,23.477,23.799
2025-08-11 14:10:47.029039,7990.01,67.176,59.989,29,39,23.477,23.799
2025-08-11 14:10:57.026991,8000.01,66.177,59.28,29,39,23.477,23.799
2025-08-11 14:11:07.010803,8010.01,65.21,58.636,29,39,23.477,23.767
2025-08-11 14:11:17.020930,8020.01,64.469,58.41,29,39,23.444,23.799
2025-08-11 14:11:27.018443,8030.0,63.76,58.217,29,39,23.477,23.767
2025-08-11 14:11:37.028254,8040.01,63.051,57.766,29,39,23.477,23.799
2025-08-11 14:11:47.025345,8050.01,62.503,57.443,29,39,23.444,23.799
2025-08-11 14:11:57.023107,8060.01,61.633,56.734,29,39,23.477,23.799
2025-08-11 14:12:07.011537,8070.0,61.117,56.734,29,39,23.477,23.767
2025-08-11 14:12:17.017723,8080.0,60.602,56.283,29,39,23.477,23.799
2025-08-11 14:12:27.022742,8090.0,59.86,55.51,29,39,23.477,23.767
2025-08-11 14:12:37.026318,8100.01,59.248,55.252,29,39,23.477,23.799
2025-08-11 14:12:47.022370,8110.01,58.765,54.704,29,39,23.477,23.799
2025-08-11 14:12:57.019568,8120.0,58.023,54.221,29,39,23.348,23.734
2025-08-11 14:13:07.029866,8130.01,57.83,54.156,29,39,23.444,23.702
2025-08-11 14:13:17.027324,8140.0,57.411,53.802,29,39,23.38,23.638
2025-08-11 14:13:27.026089,8150.01,56.928,53.222,29,39,23.477,23.638
2025-08-11 14:13:37.024874,8160.01,56.573,53.447,29,39,23.412,23.605
2025-08-11 14:13:47.020654,8170.01,56.219,53.222,29,39,23.444,23.638
2025-08-11 14:13:57.030353,8180.01,56.251,53.093,29,39,23.444,23.573
2025-08-11 14:14:07.028253,8190.01,55.768,52.835,29,39,23.348,23.67
2025-08-11 14:14:17.014077,8200.0,55.478,52.577,29,39,23.444,23.734
2025-08-11 14:14:27.023468,8210.01,55.542,52.448,29,39,23.477,23.605
2025-08-11 14:14:37.020969,8220.01,55.252,52.448,29,39,23.444,23.767
2025-08-11 14:14:47.090363,8230.01,55.026,52.062,29,68,23.38,23.702
2025-08-11 14:14:57.028578,8240.01,54.865,51.933,29,68,23.283,23.767
2025-08-11 14:15:07.026679,8250.01,54.769,52.352,29,68,23.348,23.702
2025-08-11 14:15:17.024358,8260.01,54.479,52.577,29,68,23.477,23.702
2025-08-11 14:15:27.021674,8270.01,54.156,52.223,29,68,23.412,23.734
2025-08-11 14:15:37.019014,8280.0,54.35,53.125,29,68,23.38,23.799
2025-08-11 14:15:47.016112,8290.0,54.285,53.479,29,68,23.444,23.767
2025-08-11 14:15:57.026531,8300.01,54.06,53.834,29,68,23.315,23.67
2025-08-11 14:16:07.023281,8310.01,53.834,53.512,29,68,23.444,23.702
2025-08-11 14:16:17.020931,8320.01,53.834,53.963,29,68,23.412,23.638
2025-08-11 14:16:27.018508,8330.01,53.737,54.479,29,68,23.348,23.638
2025-08-11 14:16:37.016237,8340.01,53.673,54.511,29,68,23.315,23.638
2025-08-11 14:16:47.026575,8350.01,53.479,54.543,29,68,23.315,23.605
2025-08-11 14:16:57.023822,8360.01,53.77,55.155,29,68,23.283,23.702
2025-08-11 14:17:07.021174,8370.0,53.479,55.091,29,68,23.315,23.67
2025-08-11 14:17:17.083422,8380.0,53.641,55.252,14,68,23.283,23.702
2025-08-11 14:17:27.015835,8390.01,53.641,55.671,14,68,23.283,23.734
2025-08-11 14:17:37.025794,8400.01,53.544,55.929,14,68,23.315,23.67
2025-08-11 14:17:47.092380,8410.01,53.254,56.025,14,20,23.412,23.702
2025-08-11 14:17:57.020460,8420.0,53.061,55.993,14,20,23.348,23.767
2025-08-11 14:18:07.020273,8430.0,52.706,55.671,14,20,23.412,23.767
2025-08-11 14:18:17.027908,8440.01,52.448,55.059,14,20,23.348,23.67
2025-08-11 14:18:27.025737,8450.01,51.997,54.607,14,20,23.477,23.767
2025-08-11 14:18:37.023335,8460.01,51.288,53.995,14,20,23.444,23.67
2025-08-11 14:18:47.020774,8470.01,50.998,53.189,14,20,23.477,23.734
2025-08-11 14:18:57.018176,8480.0,50.547,52.706,14,20,23.412,23.734
2025-08-11 14:19:07.015419,8490.01,49.967,52.287,14,20,23.412,23.734
2025-08-11 14:19:17.026091,8500.0,49.548,51.288,14,20,23.444,23.638
2025-08-11 14:19:27.023136,8510.01,49.097,50.644,14,20,23.412,23.702
2025-08-11 14:19:37.020785,8520.01,48.678,49.935,14,20,23.348,23.67
2025-08-11 14:19:47.031334,8530.01,48.162,49.29,14,20,23.38,23.67
2025-08-11 14:19:57.015571,8540.0,47.808,48.871,14,20,23.38,23.638
2025-08-11 14:20:07.025935,8550.0,47.356,48.162,14,20,23.38,23.67
2025-08-11 14:20:17.025054,8560.01,46.873,47.646,14,20,23.348,23.638
2025-08-11 14:20:27.021346,8570.01,46.519,46.97,14,20,23.251,23.573
2025-08-11 14:20:37.019254,8580.01,46.067,46.422,14,20,23.412,23.702
2025-08-11 14:20:47.029481,8590.0,45.842,46.067,14,20,23.444,23.67
2025-08-11 14:20:57.026902,8600.01,45.455,45.487,14,20,23.38,23.638
2025-08-11 14:21:07.023963,8610.01,45.133,45.262,14,20,23.38,23.734
2025-08-11 14:21:17.009271,8620.0,44.811,44.682,14,20,23.444,23.702
2025-08-11 14:21:27.019542,8630.0,44.714,44.327,14,20,23.187,23.734
2025-08-11 14:21:37.017176,8640.01,44.488,44.166,14,20,23.38,23.734
2025-08-11 14:21:47.029336,8650.01,44.23,43.779,14,20,23.348,23.67
2025-08-11 14:21:57.024842,8660.01,43.812,43.489,14,20,23.348,23.638
2025-08-11 14:22:07.022553,8670.01,43.747,43.199,14,20,23.38,23.638
2025-08-11 14:22:17.020018,8680.0,43.521,42.813,14,20,23.348,23.605
2025-08-11 14:22:27.017117,8690.0,43.264,42.78,14,20,23.315,23.605
2025-08-11 14:22:37.030211,8700.01,43.103,42.426,14,20,23.412,23.573
2025-08-11 14:22:47.012583,8710.0,42.813,42.329,14,20,23.283,23.573
2025-08-11 14:22:57.022773,8720.0,42.555,42.039,14,20,23.251,23.509
2025-08-11 14:23:07.032827,8730.01,42.426,41.781,14,20,23.283,23.477
2025-08-11 14:23:17.030531,8740.01,42.265,41.781,14,20,23.283,23.477
2025-08-11 14:23:27.027445,8750.01,42.2,41.427,14,20,23.187,23.477
2025-08-11 14:23:37.037332,8760.01,41.846,41.362,14,20,23.187,23.477
2025-08-11 14:23:47.021932,8770.01,41.878,41.008,14,20,23.154,23.477
2025-08-11 14:23:57.085020,8780.01,41.556,41.04,0,20,23.154,23.477
2025-08-11 14:24:07.029862,8790.01,41.523,40.75,0,20,23.219,23.509
2025-08-11 14:24:17.027159,8800.01,41.298,40.686,0,20,23.315,23.509
2025-08-11 14:24:27.024176,8810.01,40.976,40.46,0,20,23.187,23.509
2025-08-11 14:24:37.021639,8820.0,40.46,40.396,0,20,23.283,23.605
2025-08-11 14:24:47.018877,8830.01,39.977,40.17,0,20,23.219,23.509
2025-08-11 14:24:57.016984,8840.0,39.622,39.912,0,20,23.187,23.477
2025-08-11 14:25:07.014607,8850.01,39.106,39.977,0,20,23.187,23.541
2025-08-11 14:25:17.025206,8860.0,38.655,39.59,0,20,23.38,23.702
2025-08-11 14:25:27.034934,8870.01,38.301,39.558,0,20,23.251,23.67
2025-08-11 14:25:37.019605,8880.0,37.914,39.525,0,20,23.348,23.638
2025-08-11 14:25:47.029869,8890.0,37.624,39.01,0,20,23.348,23.702
2025-08-11 14:25:57.014841,8900.0,37.012,38.945,0,20,23.412,23.767
2025-08-11 14:26:07.025081,8910.0,36.754,38.816,0,20,23.315,23.702
2025-08-11 14:26:17.096024,8920.0,36.464,38.623,0,79,23.315,23.67
2025-08-11 14:26:27.032098,8930.01,36.206,38.752,0,79,23.348,23.605
2025-08-11 14:26:37.017064,8940.01,35.884,38.623,0,79,23.283,23.702
2025-08-11 14:26:47.027316,8950.0,35.529,39.944,0,79,23.219,23.702
2025-08-11 14:26:57.012361,8960.0,35.4,40.589,0,79,23.412,23.605
2025-08-11 14:27:07.022478,8970.0,35.271,41.201,0,79,23.348,23.573
2025-08-11 14:27:17.019933,8980.01,35.078,41.459,0,79,23.283,23.509
2025-08-11 14:27:27.030215,8990.01,34.756,42.361,0,79,23.187,23.509
2025-08-11 14:27:37.027858,9000.0,34.756,43.36,0,79,23.315,23.573
2025-08-11 14:27:47.012492,9010.0,34.756,44.102,0,79,23.38,23.541
2025-08-11 14:27:57.022058,9020.0,34.949,44.746,0,79,23.348,23.605
2025-08-11 14:28:07.019704,9030.0,34.82,45.068,0,79,23.348,23.541
2025-08-11 14:28:17.029766,9040.01,34.885,46.035,0,79,23.283,23.638
2025-08-11 14:28:27.027347,9050.01,34.917,46.067,0,79,23.315,23.702
2025-08-11 14:28:37.024693,9060.0,34.917,47.002,0,79,23.219,23.541
2025-08-11 14:28:47.021813,9070.01,35.014,47.356,0,79,23.251,23.605
2025-08-11 14:28:57.008317,9080.0,34.885,48.162,0,79,23.348,23.477
2025-08-11 14:29:07.026864,9090.01,34.981,48.227,0,79,23.187,23.638
2025-08-11 14:29:17.034381,9100.01,35.175,49.129,0,79,23.283,23.541
2025-08-11 14:29:27.017046,9110.01,35.4,49.548,0,79,23.283,23.541
2025-08-11 14:29:37.026741,9120.01,35.175,50.031,0,79,23.283,23.605
2025-08-11 14:29:47.024004,9130.01,35.497,50.16,0,79,23.348,23.541
2025-08-11 14:29:57.021440,9140.01,35.4,50.225,0,79,23.412,23.573
2025-08-11 14:30:07.018366,9150.01,35.658,50.708,0,79,23.251,23.638
2025-08-11 14:30:17.017627,9160.01,35.787,50.579,0,79,23.283,23.702
2025-08-11 14:30:27.026318,9170.01,35.884,51.353,0,79,23.38,23.67
2025-08-11 14:30:37.036470,9180.01,35.852,51.03,0,79,23.219,23.541
2025-08-11 14:30:47.020833,9190.0,35.723,51.836,0,79,23.38,23.573
2025-08-11 14:30:57.018006,9200.0,35.916,51.256,0,79,23.219,23.638
2025-08-11 14:31:07.028352,9210.01,36.109,51.675,0,79,23.315,23.605
2025-08-11 14:31:17.026794,9220.01,36.174,52.158,0,79,23.219,23.541
2025-08-11 14:31:27.022783,9230.01,36.045,52.448,0,79,23.251,23.509
2025-08-11 14:31:37.032888,9240.01,36.174,51.997,0,79,23.251,23.605
2025-08-11 14:31:47.030456,9250.01,36.303,52.513,0,79,23.154,23.477
2025-08-11 14:31:57.027497,9260.01,36.109,52.803,0,79,23.187,23.477
2025-08-11 14:32:07.092224,9270.01,36.496,53.125,67,79,23.154,23.477
2025-08-11 14:32:17.035423,9280.01,36.657,53.125,67,79,23.154,23.541
2025-08-11 14:32:27.032141,9290.01,37.527,53.512,67,79,23.251,23.509
2025-08-11 14:32:37.029996,9300.0,38.913,53.866,67,79,23.283,23.541
2025-08-11 14:32:47.026606,9310.01,40.105,54.124,67,79,23.219,23.541
2025-08-11 14:32:57.023758,9320.01,41.781,54.446,67,79,23.315,23.541
2025-08-11 14:33:07.020464,9330.01,43.618,54.736,67,79,23.219,23.477
2025-08-11 14:33:17.030645,9340.01,45.326,54.479,67,79,23.154,23.477
2025-08-11 14:33:27.029677,9350.01,46.938,54.93,67,79,23.219,23.541
2025-08-11 14:33:37.026297,9360.01,48.807,55.252,67,79,23.219,23.509
2025-08-11 14:33:47.022888,9370.01,50.321,56.219,67,79,23.219,23.509
2025-08-11 14:33:57.020283,9380.01,51.771,56.09,67,79,23.187,23.477
2025-08-11 14:34:07.017643,9390.01,53.351,56.477,67,79,23.251,23.477
2025-08-11 14:34:17.014362,9400.01,54.833,57.153,67,79,23.187,23.509
2025-08-11 14:34:27.094404,9410.01,56.67,57.895,67,71,23.219,23.509
2025-08-11 14:34:37.022684,9420.01,57.701,57.991,67,71,23.187,23.573
2025-08-11 14:34:47.019283,9430.01,58.958,58.475,67,71,23.187,23.67
2025-08-11 14:34:57.016183,9440.01,60.247,58.7,67,71,23.187,23.477
2025-08-11 14:35:07.013933,9450.0,61.182,59.313,67,71,23.187,23.573
2025-08-11 14:35:17.024377,9460.0,62.245,59.57,67,71,23.219,23.509
2025-08-11 14:35:27.021515,9470.0,63.276,59.893,67,71,23.154,23.509
2025-08-11 14:35:37.018638,9480.0,64.243,59.957,67,71,23.154,23.509
2025-08-11 14:35:47.016420,9490.01,65.049,60.602,67,71,23.219,23.477
2025-08-11 14:35:57.026690,9500.0,65.758,61.053,67,71,23.187,23.605
2025-08-11 14:36:07.023783,9510.01,66.338,61.472,67,71,23.283,23.573
2025-08-11 14:36:17.021409,9520.01,67.079,61.729,67,71,23.219,23.605
2025-08-11 14:36:27.018456,9530.01,67.691,61.472,67,71,23.315,23.702
2025-08-11 14:36:37.016968,9540.01,68.465,62.761,67,71,23.187,23.67
2025-08-11 14:36:47.026713,9550.01,68.626,62.664,67,71,23.283,23.702
2025-08-11 14:36:57.024409,9560.01,68.916,62.857,67,71,23.283,23.67
2025-08-11 14:37:07.021469,9570.01,69.496,62.922,67,71,23.251,23.702
2025-08-11 14:37:17.031585,9580.01,70.27,63.76,67,71,23.315,23.638
2025-08-11 14:37:27.016168,9590.01,70.56,63.824,67,71,23.315,23.67
2025-08-11 14:37:37.026462,9600.01,70.785,63.244,67,71,23.315,23.734
2025-08-11 14:37:47.023390,9610.01,71.236,64.308,67,71,23.444,23.67
2025-08-11 14:37:57.033458,9620.01,71.333,63.824,67,71,23.38,23.638
2025-08-11 14:38:07.018114,9630.01,71.945,64.662,67,71,23.283,23.702
2025-08-11 14:38:17.028332,9640.01,72.396,64.92,67,71,23.348,23.734
2025-08-11 14:38:27.013086,9650.01,72.88,64.855,67,71,23.477,23.734
2025-08-11 14:38:37.022712,9660.0,73.267,65.113,67,71,23.477,23.767
2025-08-11 14:38:47.034253,9670.01,73.686,65.146,67,71,23.444,23.67
2025-08-11 14:38:57.017740,9680.01,73.653,65.146,67,71,23.412,23.799
2025-08-11 14:39:07.015063,9690.0,73.976,65.79,67,71,23.477,23.767
2025-08-11 14:39:17.012493,9700.0,74.104,65.21,67,71,23.477,23.799
2025-08-11 14:39:27.016158,9710.0,74.523,65.951,67,71,23.477,23.799
2025-08-11 14:39:37.083057,9720.01,74.523,65.597,67,78,23.477,23.799
2025-08-11 14:39:47.016728,9730.01,74.813,66.209,67,78,23.444,23.799
2025-08-11 14:39:57.027273,9740.01,74.813,66.402,67,78,23.477,23.799
2025-08-11 14:40:07.087438,9750.01,74.717,65.468,46,78,23.477,23.799
2025-08-11 14:40:17.022561,9760.01,74.781,65.436,46,78,23.477,23.799
2025-08-11 14:40:27.018678,9770.01,74.781,66.241,46,78,23.477,23.799
2025-08-11 14:40:37.028893,9780.01,74.459,65.919,46,78,23.477,23.799
2025-08-11 14:40:47.025958,9790.01,74.104,66.563,46,78,23.477,23.799
2025-08-11 14:40:57.023262,9800.01,73.814,67.015,46,78,23.477,23.799
2025-08-11 14:41:07.033464,9810.01,73.041,66.306,46,78,23.477,23.799
2025-08-11 14:41:17.019962,9820.01,73.009,66.499,46,78,23.477,23.799
2025-08-11 14:41:27.028034,9830.01,72.622,66.402,46,78,23.477,23.799
2025-08-11 14:41:37.012148,9840.01,72.3,67.111,46,78,23.477,23.799
2025-08-11 14:41:47.021811,9850.01,72.042,66.757,46,78,23.477,23.799
2025-08-11 14:41:57.019570,9860.01,71.462,66.982,46,78,23.477,23.799
2025-08-11 14:42:07.029902,9870.01,71.301,66.531,46,78,23.477,23.799
2025-08-11 14:42:17.014060,9880.0,70.753,66.209,46,78,23.477,23.799
2025-08-11 14:42:27.027444,9890.01,70.495,66.692,46,78,23.477,23.799
2025-08-11 14:42:37.008118,9900.0,70.302,66.08,46,78,23.477,23.799
2025-08-11 14:42:47.031346,9910.01,69.851,66.757,46,78,23.477,23.799
2025-08-11 14:42:57.101635,9920.01,69.271,66.435,46,57,23.477,23.799
2025-08-11 14:43:07.012840,9930.01,69.045,66.209,46,57,23.477,23.799
2025-08-11 14:43:17.027314,9940.0,68.69,65.79,46,57,23.477,23.799
2025-08-11 14:43:27.019473,9950.01,68.787,65.532,46,57,23.477,23.799
2025-08-11 14:43:37.016883,9960.01,68.529,65.307,46,57,23.477,23.799
2025-08-11 14:43:47.027085,9970.01,68.143,64.823,46,57,23.477,23.799
2025-08-11 14:43:57.023885,9980.01,68.078,64.308,46,57,23.477,23.799
2025-08-11 14:44:07.021521,9990.01,67.885,63.985,46,57,23.477,23.799
2025-08-11 14:44:17.026788,10000.01,67.917,64.275,46,57,23.477,23.799
2025-08-11 14:44:27.015485,10010.01,67.53,63.47,46,57,23.477,23.799
2025-08-11 14:44:37.025586,10020.01,67.208,63.083,46,57,23.477,23.799
2025-08-11 14:44:47.023164,10030.01,67.144,62.89,46,57,23.477,23.799
2025-08-11 14:44:57.021686,10040.01,66.886,62.729,46,57,23.477,23.799
2025-08-11 14:45:07.018574,10050.0,66.499,62.503,46,57,23.477,23.799
2025-08-11 14:45:17.020308,10060.01,66.145,61.987,46,57,23.477,23.799
2025-08-11 14:45:27.024235,10070.01,66.08,61.826,46,57,23.477,23.799
2025-08-11 14:45:37.035036,10080.01,66.177,61.826,46,57,23.477,23.799
2025-08-11 14:45:47.019561,10090.01,66.016,61.182,46,57,23.477,23.799
2025-08-11 14:45:57.016656,10100.0,65.726,61.504,46,57,23.477,23.799
2025-08-11 14:46:07.026738,10110.0,65.629,60.892,46,57,23.477,23.799
2025-08-11 14:46:17.085793,10120.01,65.5,60.892,14,57,23.477,23.799
2025-08-11 14:46:27.021449,10130.01,65.436,61.021,14,57,23.477,23.799
2025-08-11 14:46:37.031095,10140.01,65.081,61.278,14,57,23.477,23.799
2025-08-11 14:46:47.015149,10150.01,64.404,61.053,14,57,23.477,23.799
2025-08-11 14:46:57.012587,10160.01,63.405,60.279,14,57,23.477,23.799
2025-08-11 14:47:07.022359,10170.01,62.567,59.699,14,57,23.477,23.799
2025-08-11 14:47:17.022091,10180.01,61.665,60.054,14,57,23.477,23.799
2025-08-11 14:47:27.017317,10190.01,60.602,59.796,14,57,23.477,23.799
2025-08-11 14:47:37.100491,10200.01,59.635,59.119,11,57,23.477,23.799
2025-08-11 14:47:47.024827,10210.01,59.087,59.538,11,57,23.477,23.799
2025-08-11 14:47:57.022148,10220.01,58.185,59.248,11,57,23.477,23.799
2025-08-11 14:48:07.032075,10230.01,57.379,58.475,11,57,23.477,23.799
2025-08-11 14:48:17.029832,10240.01,56.541,58.507,11,57,23.477,23.799
2025-08-11 14:48:27.092625,10250.01,55.768,57.798,11,67,23.477,23.799
2025-08-11 14:48:37.024379,10260.01,55.091,57.314,11,67,23.477,23.799
2025-08-11 14:48:47.028006,10270.01,54.414,57.669,11,67,23.477,23.799
2025-08-11 14:48:57.030732,10280.02,53.866,57.379,11,67,23.477,23.799
2025-08-11 14:49:07.017668,10290.01,53.254,56.863,11,67,23.477,23.799
2025-08-11 14:49:17.020733,10300.01,52.545,57.186,11,67,23.477,23.799
2025-08-11 14:49:27.027342,10310.0,51.836,56.734,11,67,23.477,23.863
2025-08-11 14:49:37.025126,10320.01,51.675,56.702,11,67,23.509,23.799
2025-08-11 14:49:47.035514,10330.01,50.901,56.315,11,67,23.477,23.799
2025-08-11 14:49:57.033881,10340.01,50.482,56.219,11,67,23.477,23.799
2025-08-11 14:50:07.017449,10350.0,50.063,56.412,11,67,23.477,23.799
2025-08-11 14:50:17.027613,10360.0,49.58,56.251,11,67,23.477,23.799
2025-08-11 14:50:27.025029,10370.01,49.354,56.38,11,67,23.477,23.799
2025-08-11 14:50:37.036216,10380.01,48.613,55.961,11,67,23.477,23.863
2025-08-11 14:50:47.096190,10390.01,48.646,56.219,47,67,23.477,23.799
2025-08-11 14:50:57.018868,10400.0,48.517,56.348,47,67,23.477,23.799
2025-08-11 14:51:07.016381,10410.0,48.452,56.315,47,67,23.477,23.799
2025-08-11 14:51:17.027667,10420.01,49.161,56.38,47,67,23.477,23.799
2025-08-11 14:51:27.021623,10430.01,49.741,56.251,47,67,23.477,23.799
2025-08-11 14:51:37.031794,10440.01,50.225,55.832,47,67,23.477,23.799
2025-08-11 14:51:47.029470,10450.01,50.934,56.412,47,67,23.509,23.799
2025-08-11 14:51:57.027948,10460.0,51.675,56.638,47,67,23.477,23.799
2025-08-11 14:52:07.024652,10470.0,52.384,56.67,47,67,23.477,23.896
2025-08-11 14:52:17.021804,10480.01,52.932,56.348,47,67,23.477,23.863
2025-08-11 14:52:27.019547,10490.01,53.963,56.38,47,67,23.477,23.896
2025-08-11 14:52:37.029865,10500.01,54.607,56.638,47,67,23.477,23.863
2025-08-11 14:52:47.027368,10510.01,55.413,56.96,47,67,23.477,23.896
2025-08-11 14:52:57.024720,10520.01,56.025,57.379,47,67,23.477,23.799
2025-08-11 14:53:07.022041,10530.01,56.573,57.476,47,67,23.509,23.831
2025-08-11 14:53:17.006540,10540.0,57.121,56.96,47,67,23.477,23.863
2025-08-11 14:53:27.086775,10550.01,57.54,57.669,47,57,23.477,23.928
2025-08-11 14:53:37.014120,10560.01,58.185,57.959,47,57,23.477,23.831
2025-08-11 14:53:47.024322,10570.0,58.41,58.023,47,57,23.477,23.928
2025-08-11 14:53:57.034901,10580.01,58.636,57.798,47,57,23.477,23.831
2025-08-11 14:54:07.019012,10590.0,59.184,57.701,47,57,23.509,23.799
2025-08-11 14:54:17.029228,10600.01,59.57,57.83,47,57,23.573,23.799
2025-08-11 14:54:27.026711,10610.01,60.118,57.959,47,57,23.509,23.863
2025-08-11 14:54:37.024368,10620.01,60.569,58.217,47,57,23.477,23.799
2025-08-11 14:54:47.024488,10630.01,60.698,58.217,47,57,23.541,23.799
2025-08-11 14:54:57.020626,10640.0,61.053,58.12,47,57,23.477,23.799
2025-08-11 14:55:07.016005,10650.0,61.504,57.862,47,57,23.477,23.863
2025-08-11 14:55:17.026786,10660.01,61.601,57.669,47,57,23.477,23.831
2025-08-11 14:55:27.024053,10670.01,61.697,57.733,47,57,23.477,23.799
2025-08-11 14:55:37.037772,10680.01,61.923,57.766,47,57,23.477,23.863
2025-08-11 14:55:47.031587,10690.01,62.342,57.83,47,57,23.477,23.799
2025-08-11 14:55:57.028806,10700.01,62.471,58.152,47,57,23.477,23.799
2025-08-11 14:56:07.026756,10710.01,62.567,58.12,47,57,23.477,23.863
2025-08-11 14:56:17.024397,10720.01,62.825,58.023,47,57,23.477,23.799
2025-08-11 14:56:27.021731,10730.0,62.825,58.056,47,57,23.477,23.831
2025-08-11 14:56:37.030773,10740.01,62.922,58.088,47,57,23.541,23.799
2025-08-11 14:56:47.028277,10750.01,62.825,57.991,47,57,23.509,23.831
2025-08-11 14:56:57.025849,10760.01,62.954,57.83,47,57,23.477,23.831
2025-08-11 14:57:07.022898,10770.0,63.051,57.411,47,57,23.509,23.799
2025-08-11 14:57:17.020208,10780.01,63.115,57.54,47,57,23.477,23.799
2025-08-11 14:57:27.017294,10790.01,63.18,57.733,47,57,23.509,23.799
2025-08-11 14:57:37.014603,10800.0,63.276,57.895,47,57,23.509,23.799
2025-08-11 14:57:47.095993,10810.01,63.47,58.12,77,57,23.477,23.799
2025-08-11 14:57:57.021607,10820.01,63.728,58.12,77,57,23.477,23.799
2025-08-11 14:58:07.019144,10830.01,64.05,58.023,77,57,23.477,23.799
2025-08-11 14:58:17.029355,10840.01,64.759,57.959,77,57,23.541,23.799
2025-08-11 14:58:27.026866,10850.01,65.049,57.54,77,57,23.477,23.831
2025-08-11 14:58:37.011223,10860.0,65.983,58.152,77,57,23.477,23.799
2025-08-11 14:58:47.024128,10870.01,66.854,58.41,77,57,23.541,23.799
2025-08-11 14:58:57.018734,10880.01,67.756,58.571,77,57,23.477,23.799
2025-08-11 14:59:07.015898,10890.01,68.497,58.346,77,57,23.477,23.831
2025-08-11 14:59:17.013421,10900.0,69.206,58.894,77,57,23.477,23.799
2025-08-11 14:59:27.094821,10910.01,69.915,58.958,64,57,23.477,23.799
2025-08-11 14:59:37.020663,10920.01,70.592,58.571,64,57,23.541,23.799
2025-08-11 14:59:47.017437,10930.0,71.526,59.377,64,57,23.541,23.896
2025-08-11 14:59:57.017007,10940.0,71.881,58.99,64,57,23.541,23.799
2025-08-11 15:00:07.025379,10950.01,72.3,59.538,64,57,23.477,23.831
2025-08-11 15:00:17.023584,10960.0,72.364,59.474,64,57,23.509,23.863
2025-08-11 15:00:27.020075,10970.01,72.59,59.345,64,57,23.509,23.863
2025-08-11 15:00:37.021444,10980.01,72.751,59.828,64,57,23.541,23.831
2025-08-11 15:00:47.014737,10990.0,72.912,59.506,64,57,23.541,23.863
2025-08-11 15:00:57.025099,11000.01,72.88,60.086,64,57,23.477,23.863
2025-08-11 15:01:07.022584,11010.0,72.944,59.603,64,57,23.573,23.831
2025-08-11 15:01:17.007101,11020.0,73.041,60.312,64,57,23.541,23.863
2025-08-11 15:01:27.017045,11030.0,72.912,59.989,64,57,23.509,23.863
2025-08-11 15:01:37.014347,11040.01,73.105,60.215,64,57,23.477,23.799
2025-08-11 15:01:47.024482,11050.01,73.17,60.344,64,57,23.509,23.863
2025-08-11 15:01:57.021795,11060.0,73.138,61.214,64,57,23.477,23.863
2025-08-11 15:02:07.020911,11070.0,73.138,61.021,64,57,23.509,23.831
2025-08-11 15:02:17.092997,11080.01,72.719,60.666,64,55,23.477,23.799
2025-08-11 15:02:27.013895,11090.01,72.783,61.665,64,55,23.509,23.799
2025-08-11 15:02:37.024144,11100.01,72.848,61.214,64,55,23.509,23.799
2025-08-11 15:02:47.021614,11110.0,72.944,61.697,64,55,23.477,23.799
2025-08-11 15:02:57.018445,11120.01,73.073,61.472,64,55,23.509,23.799
2025-08-11 15:03:07.028362,11130.01,73.105,61.085,64,55,23.509,23.799
2025-08-11 15:03:17.026176,11140.01,73.396,61.826,64,55,23.477,23.799
2025-08-11 15:03:27.023920,11150.01,73.653,61.858,64,55,23.477,23.896
2025-08-11 15:03:37.020558,11160.0,73.428,61.665,64,55,23.509,23.799
2025-08-11 15:03:47.013188,11170.0,73.428,61.246,64,55,23.509,23.831
2025-08-11 15:03:57.015544,11180.0,73.589,61.568,64,55,23.477,23.799
2025-08-11 15:04:07.013108,11190.01,73.847,61.601,64,55,23.509,23.831
2025-08-11 15:04:17.023266,11200.01,73.847,61.665,64,55,23.541,23.831
2025-08-11 15:04:27.033268,11210.01,73.782,61.504,64,55,23.541,23.992
2025-08-11 15:04:37.019862,11220.01,73.75,60.795,64,55,23.541,23.896
2025-08-11 15:04:47.027808,11230.01,73.847,61.407,64,55,23.477,23.863
2025-08-11 15:04:57.015861,11240.0,73.847,61.053,64,55,23.477,23.863
2025-08-11 15:05:07.022903,11250.01,73.943,61.214,64,55,23.477,23.831
2025-08-11 15:05:17.020616,11260.01,73.976,61.149,64,55,23.638,23.96
2025-08-11 15:05:27.030811,11270.01,73.75,61.149,64,55,23.605,23.799
2025-08-11 15:05:37.086184,11280.01,73.782,60.73,56,55,23.477,23.799
2025-08-11 15:05:47.012246,11290.0,73.589,60.569,56,55,23.541,23.831
2025-08-11 15:05:57.023091,11300.01,73.589,61.182,56,55,23.509,23.831
2025-08-11 15:06:07.019718,11310.01,73.299,60.956,56,55,23.509,23.799
2025-08-11 15:06:17.030477,11320.01,73.041,61.021,56,55,23.509,23.799
2025-08-11 15:06:27.027296,11330.0,73.009,60.956,56,55,23.477,23.799
2025-08-11 15:06:37.024638,11340.01,72.687,61.214,56,55,23.477,23.799
2025-08-11 15:06:47.022054,11350.01,72.429,61.311,56,55,23.477,23.799
2025-08-11 15:06:57.020009,11360.01,72.429,61.311,56,55,23.477,23.799
2025-08-11 15:07:07.016190,11370.0,71.978,60.924,56,55,23.477,23.799
2025-08-11 15:07:17.142120,11380.06,71.913,61.375,30,55,23.477,23.799
2025-08-11 15:07:27.024428,11390.01,71.623,61.085,30,55,23.477,23.799
2025-08-11 15:07:37.022034,11400.01,71.107,60.892,30,55,23.477,23.799
2025-08-11 15:07:47.032238,11410.01,70.656,60.795,30,55,23.477,23.799
2025-08-11 15:07:57.016885,11420.01,69.979,61.343,30,55,23.477,23.799
2025-08-11 15:08:07.013953,11430.0,69.432,61.246,30,55,23.477,23.799
2025-08-11 15:08:17.024336,11440.0,68.497,61.149,30,55,23.477,23.799
2025-08-11 15:08:27.081103,11450.01,67.434,60.279,30,3,23.477,23.799
2025-08-11 15:08:37.021625,11460.01,66.757,60.021,30,3,23.477,23.799
2025-08-11 15:08:47.028766,11470.01,65.951,59.603,30,3,23.477,23.799
2025-08-11 15:08:57.013639,11480.01,65.146,58.765,30,3,23.477,23.799
2025-08-11 15:09:07.023477,11490.01,64.34,58.023,30,3,23.477,23.799
2025-08-11 15:09:17.021294,11500.0,63.566,57.121,30,3,23.477,23.799
2025-08-11 15:09:27.023161,11510.0,62.6,56.348,30,3,23.477,23.799
2025-08-11 15:09:37.028627,11520.01,61.891,55.155,30,3,23.477,23.799
2025-08-11 15:09:47.025923,11530.01,61.053,54.092,30,3,23.477,23.799
2025-08-11 15:09:57.023140,11540.01,60.344,53.318,30,3,23.477,23.799
2025-08-11 15:10:07.007632,11550.0,59.796,52.384,30,3,23.477,23.799
2025-08-11 15:10:17.021721,11560.01,59.151,51.546,30,3,23.477,23.799
2025-08-11 15:10:27.015242,11570.0,58.668,50.74,30,3,23.477,23.799
2025-08-11 15:10:37.025644,11580.01,58.41,50.031,30,3,23.477,23.799
2025-08-11 15:10:47.023665,11590.01,57.701,49.29,30,3,23.477,23.799
2025-08-11 15:10:57.033360,11600.01,57.314,48.42,30,3,23.477,23.799
2025-08-11 15:11:07.017767,11610.0,56.896,47.775,30,3,23.477,23.799
2025-08-11 15:11:17.027550,11620.01,56.219,47.195,30,3,23.477,23.799
2025-08-11 15:11:27.025646,11630.01,55.864,46.486,30,3,23.477,23.799
2025-08-11 15:11:37.022654,11640.01,55.188,46.1,30,3,23.477,23.799
2025-08-11 15:11:47.024548,11650.01,54.769,45.455,30,3,23.477,23.799
2025-08-11 15:11:57.017677,11660.01,54.607,45.036,30,3,23.477,23.799
2025-08-11 15:12:07.027672,11670.01,54.092,44.553,30,3,23.477,23.799
2025-08-11 15:12:17.012279,11680.0,53.673,44.134,30,3,23.477,23.799
2025-08-11 15:12:27.023877,11690.01,53.447,43.586,30,3,23.477,23.799
2025-08-11 15:12:37.020663,11700.01,53.189,43.264,30,3,23.477,23.799
2025-08-11 15:12:47.018439,11710.0,52.996,42.684,30,3,23.477,23.799
2025-08-11 15:12:57.028416,11720.01,52.738,42.297,30,3,23.477,23.799
2025-08-11 15:13:07.025838,11730.01,52.48,41.91,30,3,23.477,23.799
2025-08-11 15:13:17.022952,11740.01,52.158,41.62,30,3,23.477,23.799
2025-08-11 15:13:27.020267,11750.01,51.868,41.233,30,3,23.477,23.799
2025-08-11 15:13:37.031300,11760.01,51.675,40.943,30,3,23.477,23.799
2025-08-11 15:13:47.028101,11770.0,51.61,40.782,30,3,23.477,23.799
2025-08-11 15:13:57.027728,11780.01,51.32,40.492,30,3,23.477,23.799
2025-08-11 15:14:07.023391,11790.0,51.191,40.073,30,3,23.477,23.799
2025-08-11 15:14:17.007691,11800.0,50.966,39.977,30,3,23.477,23.799
2025-08-11 15:14:27.022157,11810.01,50.74,39.751,30,3,23.477,23.799
2025-08-11 15:14:37.015909,11820.01,50.547,39.461,30,3,23.477,23.799
2025-08-11 15:14:47.012202,11830.0,50.418,39.139,30,3,23.477,23.799
2025-08-11 15:14:57.082879,11840.0,50.321,39.332,30,44,23.477,23.799
2025-08-11 15:15:07.033525,11850.01,50.031,38.945,30,44,23.477,23.799
2025-08-11 15:15:17.017770,11860.01,49.709,39.268,30,44,23.477,23.799
2025-08-11 15:15:27.096160,11870.01,49.58,39.364,21,44,23.477,23.799
2025-08-11 15:15:37.025440,11880.01,49.516,40.202,21,44,23.477,23.767
2025-08-11 15:15:47.035422,11890.01,49.354,40.686,21,44,23.477,23.799
2025-08-11 15:15:57.019970,11900.01,49.129,40.621,21,44,23.477,23.767
2025-08-11 15:16:07.030646,11910.0,49.064,41.298,21,44,23.477,23.799
2025-08-11 15:16:17.028276,11920.01,48.774,41.588,21,44,23.477,23.799
2025-08-11 15:16:27.025737,11930.01,48.517,42.619,21,44,23.477,23.799
2025-08-11 15:16:37.022863,11940.01,48.388,43.006,21,44,23.477,23.799
2025-08-11 15:16:47.033290,11950.01,48.227,43.199,21,44,23.477,23.767
2025-08-11 15:16:57.017987,11960.01,48.065,43.747,21,44,23.477,23.799
2025-08-11 15:17:07.015330,11970.0,47.711,44.069,21,44,23.477,23.799
2025-08-11 15:17:17.025171,11980.01,47.743,44.327,21,44,23.477,23.767
2025-08-11 15:17:27.022471,11990.01,47.711,44.649,21,44,23.477,23.799
2025-08-11 15:17:37.019931,12000.01,47.453,45.004,21,44,23.477,23.799
2025-08-11 15:17:47.017639,12010.0,47.453,44.778,21,44,23.477,23.799
2025-08-11 15:17:57.027832,12020.01,47.26,45.068,21,44,23.477,23.799
2025-08-11 15:18:07.025575,12030.01,47.131,45.294,21,44,23.477,23.799
2025-08-11 15:18:17.035337,12040.01,47.195,45.487,21,44,23.477,23.799
2025-08-11 15:18:27.032968,12050.01,47.131,45.52,21,44,23.477,23.799
2025-08-11 15:18:37.030413,12060.01,47.002,46.003,21,44,23.477,23.799
2025-08-11 15:18:47.041559,12070.01,46.809,45.777,21,44,23.477,23.799
2025-08-11 15:18:57.088982,12080.01,46.873,46.035,21,41,23.477,23.799
2025-08-11 15:19:07.023048,12090.0,46.744,46.454,21,41,23.477,23.799
2025-08-11 15:19:17.023298,12100.01,46.905,46.39,21,41,23.477,23.799
2025-08-11 15:19:27.030636,12110.01,46.841,46.486,21,41,23.477,23.799
2025-08-11 15:19:37.014879,12120.01,46.712,46.583,21,41,23.477,23.799
2025-08-11 15:19:47.027486,12130.01,46.647,46.776,21,41,23.477,23.799
2025-08-11 15:19:57.035802,12140.01,46.712,46.519,21,41,23.477,23.799
2025-08-11 15:20:07.020290,12150.01,46.422,46.647,21,41,23.477,23.799
2025-08-11 15:20:17.030197,12160.0,46.422,46.647,21,41,23.444,23.799
2025-08-11 15:20:27.014518,12170.0,46.647,46.39,21,41,23.477,23.799
2025-08-11 15:20:37.024888,12180.0,46.486,46.39,21,41,23.477,23.799
2025-08-11 15:20:47.022319,12190.01,46.519,46.454,21,41,23.477,23.799
2025-08-11 15:20:57.032576,12200.01,46.422,46.39,21,41,23.477,23.799
2025-08-11 15:21:07.016907,12210.0,46.454,46.873,21,41,23.477,23.799
2025-08-11 15:21:17.027438,12220.01,46.519,46.873,21,41,23.477,23.799
2025-08-11 15:21:27.025368,12230.01,46.261,46.744,21,41,23.444,23.799
2025-08-11 15:21:37.022436,12240.01,46.164,46.583,21,41,23.477,23.734
2025-08-11 15:21:47.019505,12250.01,46.1,46.712,21,41,23.477,23.799
2025-08-11 15:21:57.029970,12260.01,46.229,46.712,21,41,23.444,23.734
2025-08-11 15:22:07.014464,12270.01,46.325,46.647,21,41,23.477,23.799
2025-08-11 15:22:17.091552,12280.01,46.132,47.034,21,86,23.477,23.767
2025-08-11 15:22:27.022708,12290.01,46.519,47.163,21,86,23.477,23.799
2025-08-11 15:22:37.032556,12300.01,46.422,47.292,21,86,23.477,23.799
2025-08-11 15:22:47.016618,12310.01,46.583,48.065,21,86,23.444,23.799
2025-08-11 15:22:57.026860,12320.01,46.357,48.033,21,86,23.477,23.799
2025-08-11 15:23:07.024105,12330.01,46.454,48.774,21,86,23.477,23.799
2025-08-11 15:23:17.034403,12340.01,46.712,49.064,21,86,23.477,23.767
2025-08-11 15:23:27.018981,12350.01,46.486,50.192,21,86,23.477,23.799
2025-08-11 15:23:37.017789,12360.01,46.809,51.449,21,86,23.477,23.799
2025-08-11 15:23:47.027144,12370.01,47.099,51.546,21,86,23.477,23.799
2025-08-11 15:23:57.036926,12380.01,47.228,52.255,21,86,23.477,23.799
2025-08-11 15:24:07.034366,12390.01,47.324,52.577,21,86,23.477,23.799
2025-08-11 15:24:17.032068,12400.01,47.453,52.932,21,86,23.477,23.799
2025-08-11 15:24:27.029251,12410.01,47.614,54.253,21,86,23.477,23.799
2025-08-11 15:24:37.026735,12420.01,47.808,54.156,21,86,23.477,23.799
2025-08-11 15:24:47.024048,12430.01,48.033,54.414,21,86,23.477,23.799
2025-08-11 15:24:57.021531,12440.01,48.065,55.091,21,86,23.477,23.799
2025-08-11 15:25:07.018603,12450.01,48.162,55.961,21,86,23.477,23.799
2025-08-11 15:25:17.086983,12460.01,48.452,56.38,23,86,23.477,23.799
2025-08-11 15:25:27.026349,12470.01,48.581,56.799,23,86,23.477,23.799
2025-08-11 15:25:37.023668,12480.01,48.807,56.96,23,86,23.477,23.799
2025-08-11 15:25:47.021201,12490.01,49.064,57.411,23,86,23.477,23.799
2025-08-11 15:25:57.019461,12500.0,49.161,56.831,23,86,23.477,23.799
2025-08-11 15:26:07.028344,12510.01,49.193,57.895,23,86,23.477,23.799
2025-08-11 15:26:17.013176,12520.0,49.322,58.281,23,86,23.477,23.799
2025-08-11 15:26:27.085582,12530.01,49.226,58.185,5,86,23.477,23.799
2025-08-11 15:26:37.020969,12540.01,49.258,58.152,5,86,23.477,23.799
2025-08-11 15:26:47.018098,12550.01,49.226,58.7,5,86,23.477,23.767
2025-08-11 15:26:57.029163,12560.01,49.064,58.185,5,86,23.444,23.767
2025-08-11 15:27:07.012535,12570.01,48.936,58.346,5,86,23.477,23.767
2025-08-11 15:27:17.035620,12580.01,48.646,59.313,5,86,23.444,23.767
2025-08-11 15:27:27.019986,12590.0,48.355,59.409,5,86,23.444,23.799
2025-08-11 15:27:37.031378,12600.01,47.937,58.604,5,86,23.477,23.799
2025-08-11 15:27:47.027836,12610.01,47.646,59.57,5,86,23.444,23.702
2025-08-11 15:27:57.012693,12620.0,47.195,59.474,5,86,23.477,23.799
2025-08-11 15:28:07.022676,12630.01,46.938,58.604,5,86,23.477,23.799
2025-08-11 15:28:17.020546,12640.01,46.68,59.538,5,86,23.444,23.799
2025-08-11 15:28:27.018122,12650.01,46.583,59.667,5,86,23.444,23.799
2025-08-11 15:28:37.028778,12660.01,46.132,59.345,5,86,23.477,23.799
2025-08-11 15:28:47.025530,12670.0,46.003,59.699,5,86,23.477,23.767
2025-08-11 15:28:57.023318,12680.0,45.777,59.248,5,86,23.477,23.767
2025-08-11 15:29:07.033046,12690.01,45.681,59.055,5,86,23.444,23.767
2025-08-11 15:29:17.030293,12700.01,45.391,59.474,5,86,23.477,23.767
2025-08-11 15:29:27.027872,12710.01,45.262,58.926,5,86,23.477,23.799
2025-08-11 15:29:37.025718,12720.01,45.294,59.151,5,86,23.477,23.799
2025-08-11 15:29:47.036162,12730.01,44.875,59.248,5,86,23.477,23.799
2025-08-11 15:29:57.032907,12740.01,44.714,59.184,5,86,23.477,23.799
2025-08-11 15:30:07.017776,12750.0,44.714,59.409,5,86,23.477,23.799
2025-08-11 15:30:17.028412,12760.01,44.456,58.861,5,86,23.444,23.799
2025-08-11 15:30:27.025064,12770.0,44.263,58.829,5,86,23.477,23.767
2025-08-11 15:30:37.022961,12780.01,44.23,58.765,5,86,23.477,23.799
2025-08-11 15:30:47.020255,12790.01,44.005,59.441,5,86,23.477,23.799
2025-08-11 15:30:57.030844,12800.01,44.166,58.926,5,86,23.477,23.799
2025-08-11 15:31:07.028004,12810.01,44.005,59.28,5,86,23.477,23.799
2025-08-11 15:31:17.018708,12820.0,43.65,58.861,5,86,23.477,23.799
2025-08-11 15:31:27.009438,12830.0,43.554,58.765,5,86,23.477,23.799
2025-08-11 15:31:37.019932,12840.01,43.586,59.087,5,86,23.477,23.799
2025-08-11 15:31:47.029508,12850.0,43.715,59.151,5,86,23.477,23.767
2025-08-11 15:31:57.027434,12860.01,43.554,59.055,5,86,23.444,23.734
2025-08-11 15:32:07.087512,12870.01,43.167,58.152,5,28,23.477,23.767
2025-08-11 15:32:17.021898,12880.0,43.103,58.571,5,28,23.477,23.67
2025-08-11 15:32:27.024214,12890.01,42.941,57.669,5,28,23.412,23.767
2025-08-11 15:32:37.024170,12900.01,42.877,57.057,5,28,23.477,23.799
2025-08-11 15:32:47.023494,12910.0,42.78,56.315,5,28,23.477,23.767
2025-08-11 15:32:57.021347,12920.01,42.555,55.542,5,28,23.477,23.734
2025-08-11 15:33:07.019112,12930.01,42.555,54.769,5,28,23.477,23.67
2025-08-11 15:33:17.017158,12940.01,42.136,54.092,5,28,23.477,23.67
2025-08-11 15:33:27.027873,12950.01,41.975,52.867,5,28,23.444,23.702
2025-08-11 15:33:37.025149,12960.01,41.942,52.319,5,28,23.412,23.767
2025-08-11 15:33:47.023010,12970.01,41.588,51.32,5,28,23.412,23.605
2025-08-11 15:33:57.021413,12980.01,41.266,50.482,5,28,23.477,23.541
2025-08-11 15:34:07.031432,12990.01,40.976,49.999,5,28,23.444,23.638
2025-08-11 15:34:17.029101,13000.01,40.911,49.451,5,28,23.477,23.702
2025-08-11 15:34:27.013964,13010.0,40.653,48.871,5,28,23.444,23.767
2025-08-11 15:34:37.037080,13020.01,40.363,47.969,5,28,23.38,23.702
2025-08-11 15:34:47.089033,13030.01,40.363,47.453,29,28,23.38,23.734
2025-08-11 15:34:57.031596,13040.01,40.105,47.034,29,28,23.444,23.734
2025-08-11 15:35:07.029528,13050.01,40.202,46.293,29,28,23.348,23.734
2025-08-11 15:35:17.014091,13060.0,40.396,45.971,29,28,23.444,23.702
2025-08-11 15:35:27.025093,13070.0,40.718,45.584,29,28,23.477,23.767
2025-08-11 15:35:37.022047,13080.01,41.008,45.133,29,28,23.444,23.767
2025-08-11 15:35:47.032005,13090.01,41.395,44.649,29,28,23.444,23.67
2025-08-11 15:35:57.029670,13100.01,41.846,44.649,29,28,23.444,23.799
2025-08-11 15:36:07.027141,13110.01,42.168,44.198,29,28,23.444,23.799
2025-08-11 15:36:17.025263,13120.01,42.619,44.166,29,28,23.412,23.767
2025-08-11 15:36:27.035069,13130.01,42.877,44.134,29,28,23.251,23.734
2025-08-11 15:36:37.020257,13140.01,43.425,43.844,29,28,23.477,23.799
2025-08-11 15:36:47.017473,13150.0,43.844,43.489,29,28,23.477,23.767
2025-08-11 15:36:57.027455,13160.01,44.166,43.489,29,28,23.412,23.734
2025-08-11 15:37:07.029221,13170.01,44.521,43.296,29,28,23.444,23.734
2025-08-11 15:37:17.023086,13180.01,44.875,43.199,29,28,23.477,23.702
2025-08-11 15:37:27.033218,13190.01,45.229,43.199,29,28,23.477,23.799
2025-08-11 15:37:37.031182,13200.0,45.358,43.264,29,28,23.444,23.767
2025-08-11 15:37:47.015080,13210.0,45.584,43.36,29,28,23.477,23.799
2025-08-11 15:37:57.025270,13220.0,45.745,43.425,29,28,23.444,23.767
2025-08-11 15:38:07.023117,13230.01,45.81,43.135,29,28,23.444,23.67
2025-08-11 15:38:17.033425,13240.01,46.164,43.231,29,28,23.477,23.767
2025-08-11 15:38:27.031701,13250.01,46.454,43.264,29,28,23.444,23.67
2025-08-11 15:38:37.028908,13260.01,46.486,42.909,29,28,23.444,23.799
2025-08-11 15:38:47.028199,13270.01,46.809,42.909,29,28,23.477,23.734
2025-08-11 15:38:57.023698,13280.01,47.066,42.909,29,28,23.444,23.767
2025-08-11 15:39:07.020975,13290.01,47.228,42.877,29,28,23.477,23.767
2025-08-11 15:39:17.031490,13300.01,47.356,42.941,29,28,23.38,23.734
2025-08-11 15:39:27.016143,13310.01,47.485,43.006,29,28,23.444,23.702
2025-08-11 15:39:37.028737,13320.0,47.485,43.07,29,28,23.477,23.67
2025-08-11 15:39:47.026377,13330.0,47.55,43.135,29,28,23.38,23.799
2025-08-11 15:39:57.023719,13340.01,47.743,43.199,29,28,23.477,23.702
2025-08-11 15:40:07.031557,13350.01,47.808,43.103,29,28,23.412,23.702
2025-08-11 15:40:17.028675,13360.01,47.937,43.328,29,28,23.283,23.767
2025-08-11 15:40:27.026037,13370.01,48.001,43.006,29,28,23.477,23.799
2025-08-11 15:40:37.023811,13380.01,47.969,43.07,29,28,23.348,23.767
2025-08-11 15:40:47.097013,13390.01,48.098,43.618,29,66,23.444,23.767
2025-08-11 15:40:57.031735,13400.01,48.033,43.618,29,66,23.444,23.799
2025-08-11 15:41:07.028886,13410.01,48.194,43.876,29,66,23.38,23.702
2025-08-11 15:41:17.026018,13420.01,48.42,43.908,29,66,23.444,23.799
2025-08-11 15:41:27.023678,13430.01,48.517,44.424,29,66,23.412,23.702
2025-08-11 15:41:37.033892,13440.01,48.678,45.068,29,66,23.477,23.734
2025-08-11 15:41:47.018500,13450.01,48.581,45.777,29,66,23.444,23.573
2025-08-11 15:41:57.028850,13460.01,48.839,46.261,29,66,23.412,23.605
2025-08-11 15:42:07.027248,13470.01,49.0,46.873,29,66,23.315,23.638
2025-08-11 15:42:17.024590,13480.01,48.903,47.614,29,66,23.348,23.509
2025-08-11 15:42:27.023383,13490.01,49.032,47.904,29,66,23.38,23.67
2025-08-11 15:42:37.032421,13500.01,49.419,48.452,29,66,23.38,23.734
2025-08-11 15:42:47.017319,13510.01,49.419,49.354,29,66,23.444,23.767
2025-08-11 15:42:57.028587,13520.01,49.451,48.968,29,66,23.315,23.702
2025-08-11 15:43:07.025414,13530.0,49.773,49.548,29,66,23.315,23.638
2025-08-11 15:43:17.023193,13540.01,49.87,49.935,29,66,23.283,23.573
2025-08-11 15:43:27.033003,13550.01,50.031,51.03,29,66,23.251,23.541
2025-08-11 15:43:37.031491,13560.01,50.225,51.191,29,66,23.251,23.541
2025-08-11 15:43:47.015540,13570.01,50.225,51.32,29,66,23.315,23.573
2025-08-11 15:43:57.094307,13580.01,50.45,52.062,56,66,23.348,23.541
2025-08-11 15:44:07.010473,13590.0,50.74,51.771,56,66,23.251,23.541
2025-08-11 15:44:17.020882,13600.01,51.353,52.738,56,66,23.251,23.573
2025-08-11 15:44:27.018379,13610.01,51.9,53.189,56,66,23.38,23.638
2025-08-11 15:44:37.018145,13620.0,52.674,53.641,56,66,23.38,23.573
2025-08-11 15:44:47.013811,13630.01,53.479,53.641,56,66,23.219,23.541
2025-08-11 15:44:57.024025,13640.01,54.253,53.608,56,66,23.315,23.541
2025-08-11 15:45:07.034582,13650.01,55.091,53.866,56,66,23.283,23.638
2025-08-11 15:45:17.019265,13660.01,56.122,54.736,56,66,23.315,23.541
2025-08-11 15:45:27.016768,13670.01,56.605,54.865,56,66,23.283,23.541
2025-08-11 15:45:37.092334,13680.01,57.476,55.445,56,79,23.38,23.638
2025-08-11 15:45:47.025033,13690.01,58.056,55.445,56,79,23.283,23.638
2025-08-11 15:45:57.091560,13700.01,58.894,55.606,67,79,23.283,23.477
2025-08-11 15:46:07.022396,13710.01,59.893,56.541,67,79,23.315,23.541
2025-08-11 15:46:17.019484,13720.01,60.215,56.541,67,79,23.283,23.541
2025-08-11 15:46:27.020113,13730.01,61.278,57.153,67,79,23.315,23.541
2025-08-11 15:46:37.025485,13740.01,61.987,57.637,67,79,23.219,23.509
2025-08-11 15:46:47.023354,13750.01,62.857,58.217,67,79,23.315,23.67
2025-08-11 15:46:57.020969,13760.01,63.889,58.861,67,79,23.348,23.605
2025-08-11 15:47:07.019270,13770.01,64.598,59.087,67,79,23.315,23.67
2025-08-11 15:47:17.028526,13780.01,65.403,59.506,67,79,23.38,23.734
2025-08-11 15:47:27.013150,13790.01,66.016,60.15,67,79,23.348,23.702
2025-08-11 15:47:37.023300,13800.01,66.821,60.15,67,79,23.38,23.767
2025-08-11 15:47:47.021388,13810.01,67.82,61.182,67,79,23.348,23.734
2025-08-11 15:47:57.022244,13820.01,68.304,61.407,67,79,23.315,23.702
2025-08-11 15:48:07.029171,13830.01,69.013,62.148,67,79,23.38,23.734
2025-08-11 15:48:17.013774,13840.01,69.271,61.987,67,79,23.412,23.767
2025-08-11 15:48:27.024254,13850.01,69.657,62.664,67,79,23.315,23.702
2025-08-11 15:48:37.021824,13860.01,70.27,62.696,67,79,23.38,23.67
2025-08-11 15:48:47.018692,13870.01,70.721,63.792,67,79,23.348,23.702
2025-08-11 15:48:57.029569,13880.01,71.043,63.889,67,79,23.444,23.734
2025-08-11 15:49:07.014356,13890.0,71.43,64.437,67,79,23.38,23.702
2025-08-11 15:49:17.017132,13900.0,71.945,64.404,67,79,23.283,23.605
2025-08-11 15:49:27.021837,13910.01,72.106,64.984,67,79,23.251,23.573
2025-08-11 15:49:37.036102,13920.01,72.525,65.307,67,79,23.38,23.638
2025-08-11 15:49:47.004704,13930.0,72.622,65.5,67,79,23.187,23.638
2025-08-11 15:49:57.027649,13940.01,72.977,65.017,67,79,23.219,23.638
2025-08-11 15:50:07.025787,13950.01,73.202,65.5,67,79,23.38,23.605
2025-08-11 15:50:17.010501,13960.01,73.589,65.629,67,79,23.251,23.541
2025-08-11 15:50:27.023850,13970.01,73.653,65.307,67,79,23.187,23.573
2025-08-11 15:50:37.018932,13980.0,73.976,65.983,67,79,23.283,23.509
2025-08-11 15:50:47.015842,13990.01,74.266,65.854,67,79,23.315,23.541
2025-08-11 15:50:57.013350,14000.01,74.233,66.112,67,79,23.219,23.477
2025-08-11 15:51:07.086676,14010.01,74.395,66.306,67,41,23.154,23.477
2025-08-11 15:51:17.021016,14020.01,74.62,66.177,67,41,23.251,23.477
2025-08-11 15:51:27.018794,14030.01,74.942,66.499,67,41,23.154,23.509
2025-08-11 15:51:37.029458,14040.01,75.007,66.145,67,41,23.187,23.477
2025-08-11 15:51:47.026955,14050.01,75.168,65.758,67,41,23.187,23.509
2025-08-11 15:51:57.024249,14060.01,75.104,65.403,67,41,23.154,23.477
2025-08-11 15:52:07.021691,14070.01,75.394,65.113,67,41,23.187,23.477
2025-08-11 15:52:17.032130,14080.01,75.104,64.437,67,41,23.154,23.477
2025-08-11 15:52:27.029549,14090.01,75.071,64.211,67,41,23.154,23.477
2025-08-11 15:52:37.016617,14100.01,75.168,63.76,67,41,23.154,23.477
2025-08-11 15:52:47.024178,14110.01,75.361,63.276,67,41,23.187,23.477
2025-08-11 15:52:57.021231,14120.01,75.297,62.535,67,41,23.154,23.477
2025-08-11 15:53:07.019953,14130.01,75.361,62.438,67,41,23.154,23.477
2025-08-11 15:53:17.019491,14140.01,75.329,61.729,67,41,23.154,23.477
2025-08-11 15:53:27.017749,14150.01,75.49,61.504,67,41,23.154,23.477
2025-08-11 15:53:37.015934,14160.01,75.426,61.343,67,41,23.187,23.477
2025-08-11 15:53:47.013580,14170.0,75.168,60.505,67,41,23.154,23.477
2025-08-11 15:53:57.023951,14180.0,75.232,60.666,67,41,23.154,23.477
2025-08-11 15:54:07.034243,14190.01,75.426,60.666,67,41,23.154,23.477
2025-08-11 15:54:17.019447,14200.01,75.297,60.44,67,41,23.154,23.477
2025-08-11 15:54:27.029114,14210.01,75.104,60.279,67,41,23.154,23.477
2025-08-11 15:54:37.013083,14220.01,75.071,60.021,67,41,23.154,23.477
2025-08-11 15:54:47.023694,14230.01,74.91,59.893,67,41,23.154,23.509
2025-08-11 15:54:57.021107,14240.01,75.039,59.699,67,41,23.154,23.509
2025-08-11 15:55:07.017821,14250.0,74.91,59.409,67,41,23.154,23.477
2025-08-11 15:55:17.028243,14260.01,75.039,58.861,67,41,23.154,23.477
2025-08-11 15:55:27.025416,14270.01,74.781,59.119,67,41,23.154,23.477
2025-08-11 15:55:37.010380,14280.0,74.846,58.7,67,41,23.154,23.477
2025-08-11 15:55:47.020930,14290.0,74.813,58.475,67,41,23.154,23.477
2025-08-11 15:55:57.187012,14300.01,74.62,58.281,82,16,23.154,23.477
2025-08-11 15:56:07.028272,14310.01,74.62,58.507,82,16,23.154,23.477
2025-08-11 15:56:17.026209,14320.01,74.846,58.023,82,16,23.154,23.477
2025-08-11 15:56:27.023439,14330.01,74.878,57.959,82,16,23.154,23.477
2025-08-11 15:56:37.021573,14340.01,75.039,57.766,82,16,23.154,23.477
2025-08-11 15:56:47.031601,14350.01,75.426,57.153,82,16,23.154,23.477
2025-08-11 15:56:57.018811,14360.01,75.941,56.896,82,16,23.154,23.477
2025-08-11 15:57:07.026407,14370.01,76.135,56.702,82,16,23.154,23.477
2025-08-11 15:57:17.023680,14380.01,76.296,56.412,82,16,23.154,23.477
2025-08-11 15:57:27.021372,14390.01,76.812,56.058,82,16,23.154,23.477
2025-08-11 15:57:37.019019,14400.01,77.134,55.606,82,16,23.154,23.477
2025-08-11 15:57:47.028704,14410.01,77.553,55.284,82,16,23.154,23.477
2025-08-11 15:57:57.026287,14420.01,77.521,55.188,82,16,23.154,23.477
2025-08-11 15:58:07.023948,14430.0,77.585,55.123,82,16,23.154,23.477
2025-08-11 15:58:17.020833,14440.01,77.682,54.962,82,16,23.154,23.477
2025-08-11 15:58:27.019588,14450.01,77.811,54.672,82,16,23.154,23.477
2025-08-11 15:58:37.028780,14460.01,77.875,54.672,82,16,23.154,23.477
2025-08-11 15:58:47.013205,14470.0,78.068,54.704,82,16,23.154,23.477
2025-08-11 15:58:57.023565,14480.01,78.294,54.64,82,16,23.154,23.477
2025-08-11 15:59:07.021027,14490.0,78.52,54.672,82,16,23.154,23.477
2025-08-11 15:59:17.030777,14500.01,78.745,54.253,82,16,23.154,23.477
2025-08-11 15:59:27.015472,14510.0,78.777,54.156,82,16,23.154,23.477
2025-08-11 15:59:37.026076,14520.01,78.971,54.06,82,16,23.154,23.477
2025-08-11 15:59:47.023340,14530.0,79.003,53.834,82,16,23.154,23.477
2025-08-11 15:59:57.074748,14540.01,79.229,53.641,82,2,23.154,23.477
2025-08-11 16:00:07.017821,14550.01,79.357,53.415,82,2,23.154,23.477
2025-08-11 16:00:17.015740,14560.01,79.357,53.093,82,2,23.154,23.477
2025-08-11 16:00:27.025715,14570.01,79.357,52.964,82,2,23.154,23.477
2025-08-11 16:00:37.010755,14580.0,79.454,52.384,82,2,23.154,23.477
2025-08-11 16:00:47.071626,14590.01,79.293,52.029,9,2,23.122,23.477
2025-08-11 16:00:57.017856,14600.0,79.003,51.514,9,2,23.154,23.477
2025-08-11 16:01:07.027895,14610.01,78.326,51.385,9,2,23.154,23.477
2025-08-11 16:01:17.025621,14620.01,77.037,50.901,9,2,23.154,23.477
2025-08-11 16:01:27.010860,14630.0,75.49,50.289,9,2,23.154,23.477
2025-08-11 16:01:37.020681,14640.01,73.492,49.902,9,2,23.154,23.477
2025-08-11 16:01:47.030643,14650.01,71.526,49.322,9,2,23.154,23.477
2025-08-11 16:01:57.027808,14660.01,69.657,48.968,9,2,23.154,23.477
2025-08-11 16:02:07.025139,14670.01,67.627,48.517,9,2,23.154,23.477
2025-08-11 16:02:17.022942,14680.01,65.758,47.84,9,2,23.154,23.477
2025-08-11 16:02:27.020921,14690.01,64.114,47.389,9,2,23.154,23.477
2025-08-11 16:02:37.088180,14700.01,62.729,46.873,72,2,23.154,23.477
2025-08-11 16:02:47.015706,14710.0,61.085,46.422,72,2,23.154,23.477
2025-08-11 16:02:57.026330,14720.01,60.086,45.842,72,2,23.154,23.509
2025-08-11 16:03:07.023378,14730.01,59.699,45.358,72,2,23.154,23.477
2025-08-11 16:03:17.033283,14740.01,59.731,44.714,72,2,23.154,23.477
2025-08-11 16:03:27.031242,14750.01,59.957,44.585,72,2,23.154,23.477
2025-08-11 16:03:37.028942,14760.01,60.408,44.166,72,2,23.154,23.477
2025-08-11 16:03:47.026340,14770.0,60.988,43.908,72,2,23.154,23.477
2025-08-11 16:03:57.087622,14780.01,61.601,44.102,72,46,23.154,23.477
2025-08-11 16:04:07.020964,14790.0,62.374,44.198,72,46,23.154,23.477
2025-08-11 16:04:17.018231,14800.01,62.986,44.488,72,46,23.154,23.509
2025-08-11 16:04:27.020182,14810.0,63.663,44.907,72,46,23.154,23.477
2025-08-11 16:04:37.026071,14820.01,64.211,45.004,72,46,23.187,23.477
2025-08-11 16:04:47.023184,14830.01,64.855,45.326,72,46,23.154,23.477
2025-08-11 16:04:57.020277,14840.01,65.564,45.713,72,46,23.154,23.477
2025-08-11 16:05:07.030802,14850.01,66.112,46.873,72,46,23.187,23.477
2025-08-11 16:05:17.027974,14860.01,66.789,47.131,72,46,23.154,23.477
2025-08-11 16:05:27.012218,14870.01,67.111,47.872,72,46,23.154,23.477
2025-08-11 16:05:37.022300,14880.01,67.691,48.098,72,46,23.187,23.509
2025-08-11 16:05:47.020015,14890.01,68.594,49.226,72,46,23.187,23.477
2025-08-11 16:05:57.030458,14900.01,68.787,49.999,72,46,23.187,23.477
2025-08-11 16:06:07.027933,14910.01,69.109,50.031,72,46,23.154,23.477
2025-08-11 16:06:17.025334,14920.01,69.528,50.869,72,46,23.154,23.509
2025-08-11 16:06:27.023353,14930.01,70.108,51.417,72,46,23.154,23.477
2025-08-11 16:06:37.024432,14940.01,70.076,51.739,72,46,23.154,23.477
2025-08-11 16:06:47.018393,14950.0,70.656,52.416,72,46,23.187,23.477
2025-08-11 16:06:57.028666,14960.01,70.914,52.448,72,46,23.187,23.477
2025-08-11 16:07:07.025858,14970.01,71.462,53.673,72,46,23.154,23.477
2025-08-11 16:07:17.023359,14980.01,71.849,54.06,72,46,23.154,23.477
2025-08-11 16:07:27.020418,14990.01,72.01,54.221,72,46,23.154,23.477
2025-08-11 16:07:37.020345,15000.01,72.396,54.64,72,46,23.187,23.477
2025-08-11 16:07:47.028053,15010.01,72.493,54.35,72,46,23.154,23.477
2025-08-11 16:07:57.025412,15020.01,72.622,55.059,72,46,23.154,23.477
2025-08-11 16:08:07.022782,15030.01,72.654,55.445,72,46,23.154,23.477
2025-08-11 16:08:17.020009,15040.0,73.17,55.864,72,46,23.154,23.477
2025-08-11 16:08:27.017071,15050.01,73.46,55.832,72,46,23.154,23.477
2025-08-11 16:08:37.028914,15060.01,73.46,55.8,72,46,23.154,23.477
2025-08-11 16:08:47.012585,15070.0,73.782,56.444,72,46,23.154,23.477
2025-08-11 16:08:57.009959,15080.0,74.104,56.702,72,46,23.154,23.477
2025-08-11 16:09:07.022519,15090.01,74.298,56.799,72,46,23.154,23.477
2025-08-11 16:09:17.030557,15100.01,74.072,57.024,72,46,23.154,23.477
2025-08-11 16:09:27.015091,15110.0,74.395,57.379,72,46,23.154,23.477
2025-08-11 16:09:37.012447,15120.0,74.395,57.153,72,46,23.154,23.477
2025-08-11 16:09:47.022782,15130.01,74.62,57.186,72,46,23.154,23.477
2025-08-11 16:09:57.020211,15140.01,74.813,57.862,72,46,23.154,23.477
2025-08-11 16:10:07.017604,15150.01,75.007,57.476,72,46,23.154,23.477
2025-08-11 16:10:17.028041,15160.01,75.265,57.54,72,46,23.154,23.477
2025-08-11 16:10:27.089737,15170.01,74.781,57.733,16,46,23.154,23.477
2025-08-11 16:10:37.022615,15180.01,74.91,57.766,16,46,23.154,23.477
2025-08-11 16:10:47.007774,15190.0,74.491,57.379,16,46,23.154,23.477
2025-08-11 16:10:57.018882,15200.01,73.589,57.54,16,46,23.154,23.477
2025-08-11 16:11:07.092874,15210.01,72.235,57.443,16,50,23.154,23.477
2025-08-11 16:11:17.026244,15220.01,70.85,57.733,16,50,23.154,23.477
2025-08-11 16:11:27.023198,15230.01,69.689,57.411,16,50,23.154,23.477
2025-08-11 16:11:37.020674,15240.01,68.336,57.347,16,50,23.154,23.477
2025-08-11 16:11:47.017223,15250.01,67.047,57.089,16,50,23.154,23.477
2025-08-11 16:11:57.021523,15260.0,65.758,57.153,16,50,23.154,23.477
2025-08-11 16:12:07.022770,15270.01,64.565,56.831,16,50,23.154,23.477
2025-08-11 16:12:17.017820,15280.01,63.309,56.541,16,50,23.154,23.477
2025-08-11 16:12:27.026590,15290.01,62.31,56.348,16,50,23.154,23.477
2025-08-11 16:12:37.009810,15300.0,60.988,55.703,16,50,23.154,23.477
2025-08-11 16:12:47.018865,15310.01,60.215,55.929,16,50,23.154,23.477
2025-08-11 16:12:57.021062,15320.01,59.216,55.639,16,50,23.154,23.477
2025-08-11 16:13:07.026445,15330.01,58.217,55.381,16,50,23.154,23.477
2025-08-11 16:13:17.026099,15340.01,57.411,55.316,16,50,23.187,23.477
2025-08-11 16:13:27.013532,15350.0,56.541,55.026,16,50,23.154,23.477
2025-08-11 16:13:37.018207,15360.01,55.8,54.833,16,50,23.154,23.477
2025-08-11 16:13:47.028496,15370.01,55.026,54.479,16,50,23.154,23.477
2025-08-11 16:13:57.026234,15380.01,54.317,54.317,16,50,23.154,23.477
2025-08-11 16:14:07.023414,15390.01,53.576,54.253,16,50,23.154,23.477
2025-08-11 16:14:17.020762,15400.01,52.932,53.834,16,50,23.154,23.477
2025-08-11 16:14:27.017866,15410.0,52.545,53.351,16,50,23.154,23.477
2025-08-11 16:14:37.015732,15420.01,52.029,53.576,16,50,23.154,23.477
2025-08-11 16:14:47.013265,15430.0,51.643,53.383,16,50,23.154,23.477
2025-08-11 16:14:57.011057,15440.01,51.191,52.964,16,50,23.154,23.477
2025-08-11 16:15:07.020833,15450.01,50.772,52.996,16,50,23.154,23.477
2025-08-11 16:15:17.018436,15460.01,50.418,52.899,16,50,23.154,23.477
2025-08-11 16:15:27.016088,15470.0,50.225,52.706,16,50,23.154,23.477
2025-08-11 16:15:37.026118,15480.01,49.87,52.158,16,50,23.154,23.477
2025-08-11 16:15:47.023473,15490.0,49.483,51.9,16,50,23.154,23.477
2025-08-11 16:15:57.033106,15500.01,49.129,51.933,16,50,23.154,23.477
2025-08-11 16:16:07.030788,15510.01,48.839,51.804,16,50,23.154,23.477
2025-08-11 16:16:17.028316,15520.01,48.484,51.385,16,50,23.154,23.477
2025-08-11 16:16:27.025565,15530.01,48.065,50.934,16,50,23.154,23.477
2025-08-11 16:16:37.022819,15540.01,48.033,51.224,16,50,23.154,23.477
2025-08-11 16:16:47.020591,15550.0,47.872,50.837,16,50,23.154,23.477
2025-08-11 16:16:57.017576,15560.01,47.743,50.644,16,50,23.187,23.477
2025-08-11 16:17:07.028106,15570.0,47.485,51.095,16,50,23.154,23.477
2025-08-11 16:17:17.025684,15580.01,47.453,50.869,16,50,23.154,23.477
2025-08-11 16:17:27.022727,15590.01,47.292,50.998,16,50,23.154,23.477
2025-08-11 16:17:37.033250,15600.01,47.131,50.547,16,50,23.154,23.477
2025-08-11 16:17:47.092891,15610.01,47.099,50.225,15,50,23.187,23.477
2025-08-11 16:17:57.014753,15620.0,46.712,50.192,15,50,23.154,23.477
2025-08-11 16:18:07.025500,15630.01,46.809,50.289,15,50,23.154,23.477
2025-08-11 16:18:17.022681,15640.01,46.551,50.128,15,50,23.154,23.477
2025-08-11 16:18:27.032977,15650.01,46.325,49.967,15,50,23.154,23.477
2025-08-11 16:18:37.033234,15660.01,46.067,49.838,15,50,23.154,23.477
2025-08-11 16:18:47.027182,15670.01,46.132,49.516,15,50,23.154,23.477
2025-08-11 16:18:57.024394,15680.01,45.938,49.806,15,50,23.154,23.477
2025-08-11 16:19:07.034654,15690.01,45.81,49.773,15,50,23.154,23.477
2025-08-11 16:19:17.019535,15700.01,45.713,49.58,15,50,23.154,23.477
2025-08-11 16:19:27.031711,15710.01,45.713,49.677,15,50,23.154,23.477
2025-08-11 16:19:37.027100,15720.01,45.455,49.322,15,50,23.154,23.477
2025-08-11 16:19:47.024499,15730.01,45.552,49.516,15,50,23.154,23.477
2025-08-11 16:19:57.021316,15740.01,45.165,49.451,15,50,23.154,23.477
2025-08-11 16:20:07.094201,15750.01,45.262,49.58,15,70,23.154,23.477
2025-08-11 16:20:17.029653,15760.01,45.294,49.483,15,70,23.154,23.477
2025-08-11 16:20:27.013611,15770.0,45.101,49.258,15,70,23.154,23.477
2025-08-11 16:20:37.023686,15780.0,45.101,49.097,15,70,23.154,23.477
2025-08-11 16:20:47.020674,15790.01,45.036,49.935,15,70,23.154,23.477
2025-08-11 16:20:57.031376,15800.01,45.036,49.902,15,70,23.154,23.477
2025-08-11 16:21:07.015748,15810.01,44.843,50.128,15,70,23.154,23.477
2025-08-11 16:21:17.012544,15820.0,44.939,50.354,15,70,23.154,23.477
2025-08-11 16:21:27.023111,15830.01,45.004,50.934,15,70,23.154,23.477
2025-08-11 16:21:37.020919,15840.01,44.875,51.288,15,70,23.154,23.477
2025-08-11 16:21:47.017816,15850.01,44.972,51.32,15,70,23.154,23.477
2025-08-11 16:21:57.028025,15860.01,45.036,51.063,15,70,23.154,23.477
2025-08-11 16:22:07.025422,15870.0,44.907,51.578,15,70,23.154,23.477
2025-08-11 16:22:17.027013,15880.0,44.843,51.965,15,70,23.154,23.477
2025-08-11 16:22:27.033112,15890.01,44.714,52.062,15,70,23.154,23.477
2025-08-11 16:22:37.032233,15900.01,44.714,52.319,15,70,23.154,23.477
2025-08-11 16:22:47.028265,15910.01,44.875,52.48,15,70,23.154,23.477
2025-08-11 16:22:57.025801,15920.01,45.197,52.642,15,70,23.154,23.477
2025-08-11 16:23:07.022741,15930.01,45.133,52.706,15,70,23.154,23.477
2025-08-11 16:23:17.022340,15940.0,45.229,52.803,15,70,23.154,23.477
2025-08-11 16:23:27.029807,15950.01,45.165,52.835,15,70,23.154,23.477
2025-08-11 16:23:37.027550,15960.01,45.165,53.351,15,70,23.154,23.477
2025-08-11 16:23:47.024227,15970.01,45.326,53.383,15,70,23.154,23.477
2025-08-11 16:23:57.009427,15980.0,45.294,53.383,15,70,23.154,23.477
2025-08-11 16:24:07.019584,15990.0,45.358,53.479,15,70,23.154,23.477
2025-08-11 16:24:17.017374,16000.0,45.423,52.996,15,70,23.154,23.477
2025-08-11 16:24:27.027538,16010.0,45.455,53.737,15,70,23.154,23.477
2025-08-11 16:24:37.024436,16020.01,45.52,53.802,15,70,23.154,23.477
2025-08-11 16:24:47.027942,16030.0,45.584,53.351,15,70,23.154,23.477
2025-08-11 16:24:57.032439,16040.01,45.423,53.995,15,70,23.154,23.477
2025-08-11 16:25:07.029322,16050.01,45.584,53.995,15,70,23.154,23.477
2025-08-11 16:25:17.019583,16060.0,45.423,54.124,15,70,23.154,23.477
2025-08-11 16:25:27.095181,16070.01,45.391,53.705,15,45,23.154,23.477
2025-08-11 16:25:37.034706,16080.01,45.487,53.415,15,45,23.154,23.477
2025-08-11 16:25:47.031980,16090.01,45.391,53.963,15,45,23.154,23.477
2025-08-11 16:25:57.016848,16100.0,45.616,53.189,15,45,23.154,23.477
2025-08-11 16:26:07.027530,16110.01,45.552,53.318,15,45,23.154,23.477
2025-08-11 16:26:17.023972,16120.01,45.455,52.835,15,45,23.154,23.477
2025-08-11 16:26:27.021449,16130.01,45.358,52.19,15,45,23.154,23.477
2025-08-11 16:26:37.019193,16140.01,45.229,51.965,15,45,23.154,23.477
2025-08-11 16:26:47.016463,16150.01,45.101,51.707,15,45,23.154,23.477
2025-08-11 16:26:57.039305,16160.01,45.229,51.256,15,45,23.154,23.477
2025-08-11 16:27:07.098409,16170.01,45.197,51.03,38,45,23.154,23.477
2025-08-11 16:27:17.021019,16180.01,45.165,51.127,38,45,23.154,23.477
2025-08-11 16:27:27.018272,16190.01,45.358,50.869,38,45,23.154,23.477
2025-08-11 16:27:37.015385,16200.01,45.648,50.354,38,45,23.154,23.477
2025-08-11 16:27:47.025386,16210.01,46.003,50.128,38,45,23.154,23.477
2025-08-11 16:27:57.023216,16220.01,46.454,50.128,38,45,23.154,23.477
2025-08-11 16:28:07.032958,16230.01,47.034,50.031,38,45,23.154,23.477
2025-08-11 16:28:17.030342,16240.01,47.582,49.612,38,45,23.154,23.477
2025-08-11 16:28:27.027812,16250.01,48.13,49.354,38,45,23.154,23.477
2025-08-11 16:28:37.038100,16260.01,48.613,49.677,38,45,23.154,23.477
2025-08-11 16:28:47.023274,16270.01,49.161,49.451,38,45,23.154,23.477
2025-08-11 16:28:57.032658,16280.01,49.548,49.322,38,45,23.154,23.477
2025-08-11 16:29:07.017689,16290.01,50.16,49.419,38,45,23.154,23.477
2025-08-11 16:29:17.014921,16300.01,50.482,49.387,38,45,23.154,23.477
2025-08-11 16:29:27.098468,16310.01,50.837,49.0,30,45,23.154,23.477
2025-08-11 16:29:37.022805,16320.01,51.191,49.419,30,45,23.154,23.477
2025-08-11 16:29:47.020134,16330.01,51.385,49.483,30,45,23.154,23.477
2025-08-11 16:29:57.017035,16340.0,51.449,49.193,30,45,23.154,23.509
2025-08-11 16:30:07.014387,16350.0,51.578,49.0,30,45,23.154,23.477
2025-08-11 16:30:17.025400,16360.01,51.771,49.0,30,45,23.154,23.477
2025-08-11 16:30:27.009535,16370.0,51.643,49.387,30,45,23.154,23.477
2025-08-11 16:30:37.019926,16380.01,51.61,49.387,30,45,23.154,23.477
2025-08-11 16:30:47.016566,16390.01,51.868,49.677,30,45,23.154,23.477
2025-08-11 16:30:57.090158,16400.0,51.965,50.063,30,63,23.154,23.477
2025-08-11 16:31:07.030154,16410.01,51.933,49.999,30,63,23.154,23.477
2025-08-11 16:31:17.028746,16420.01,51.9,49.935,30,63,23.154,23.477
2025-08-11 16:31:27.027414,16430.01,52.062,50.321,30,63,23.154,23.477
2025-08-11 16:31:37.014401,16440.0,52.094,50.289,30,63,23.154,23.477
2025-08-11 16:31:47.023115,16450.01,52.094,50.45,30,63,23.154,23.477
2025-08-11 16:31:57.007730,16460.0,51.643,50.321,30,63,23.154,23.477
2025-08-11 16:32:07.017240,16470.01,51.836,51.095,30,63,23.154,23.477
2025-08-11 16:32:17.015176,16480.01,51.965,51.385,30,63,23.154,23.477
2025-08-11 16:32:27.027261,16490.01,51.933,51.385,30,63,23.154,23.477
2025-08-11 16:32:37.086301,16500.01,52.158,52.287,36,63,23.154,23.477
2025-08-11 16:32:47.019591,16510.0,52.029,52.094,36,63,23.154,23.477
2025-08-11 16:32:57.030358,16520.01,52.352,52.706,36,63,23.154,23.477
2025-08-11 16:33:07.014965,16530.0,52.513,52.932,36,63,23.154,23.477
2025-08-11 16:33:17.025157,16540.01,52.867,52.867,36,63,23.154,23.444
2025-08-11 16:33:27.023156,16550.01,53.028,53.318,36,63,23.154,23.477
2025-08-11 16:33:37.027191,16560.01,53.061,53.673,36,63,23.154,23.477
2025-08-11 16:33:47.019294,16570.01,53.222,53.189,36,63,23.154,23.477
2025-08-11 16:33:57.027183,16580.01,53.415,53.641,36,63,23.154,23.477
2025-08-11 16:34:07.024827,16590.0,53.641,53.931,36,63,23.154,23.412
2025-08-11 16:34:17.021484,16600.01,53.576,53.737,36,63,23.154,23.477
2025-08-11 16:34:27.032202,16610.01,53.576,53.641,36,63,23.154,23.38
2025-08-11 16:34:37.030026,16620.01,54.092,54.543,36,63,23.154,23.444
2025-08-11 16:34:47.027145,16630.01,54.382,54.704,36,63,23.154,23.444
2025-08-11 16:34:57.011783,16640.01,54.672,54.607,36,63,23.154,23.477
2025-08-11 16:35:07.022156,16650.01,54.801,54.769,36,63,23.154,23.477
2025-08-11 16:35:17.019038,16660.01,55.091,55.188,36,63,23.154,23.477
2025-08-11 16:35:27.016216,16670.01,55.123,54.704,36,63,23.154,23.444
2025-08-11 16:35:37.026766,16680.01,55.155,54.833,36,63,23.154,23.477
2025-08-11 16:35:47.024131,16690.0,55.316,55.445,36,63,23.122,23.477
2025-08-11 16:35:57.021320,16700.01,55.381,55.542,36,63,23.154,23.477
2025-08-11 16:36:07.018962,16710.0,55.51,55.316,36,63,23.154,23.477
2025-08-11 16:36:17.016353,16720.0,55.639,55.768,36,63,23.154,23.477
2025-08-11 16:36:27.026598,16730.01,55.735,55.639,36,63,23.122,23.444
2025-08-11 16:36:37.023956,16740.01,55.606,55.316,36,63,23.154,23.477
2025-08-11 16:36:47.021375,16750.01,55.961,55.896,36,63,23.154,23.477
2025-08-11 16:36:57.019566,16760.01,55.961,56.509,36,63,23.154,23.477
2025-08-11 16:37:07.028758,16770.01,55.993,55.896,36,63,23.154,23.477
2025-08-11 16:37:17.013422,16780.01,55.993,56.058,36,63,23.122,23.412
2025-08-11 16:37:27.023372,16790.01,56.348,56.283,36,63,23.154,23.444
2025-08-11 16:37:37.021542,16800.0,56.38,56.412,36,63,23.154,23.477
2025-08-11 16:37:47.019042,16810.01,56.767,56.38,36,63,23.154,23.477
2025-08-11 16:37:57.076624,16820.01,56.444,55.832,36,8,23.154,23.477
2025-08-11 16:38:07.013607,16830.0,56.444,55.768,36,8,23.122,23.444
2025-08-11 16:38:17.010918,16840.0,56.477,55.445,36,8,23.09,23.444
2025-08-11 16:38:27.020671,16850.0,56.315,55.059,36,8,23.09,23.444
2025-08-11 16:38:37.031215,16860.01,56.315,54.253,36,8,23.154,23.477
2025-08-11 16:38:47.015992,16870.01,56.315,53.608,36,8,23.154,23.477
2025-08-11 16:38:57.013537,16880.0,56.348,52.609,36,8,23.154,23.444
2025-08-11 16:39:07.091514,16890.01,56.09,51.9,11,8,23.025,23.315
2025-08-11 16:39:17.021258,16900.01,55.929,51.224,11,8,23.122,23.38
2025-08-11 16:39:27.018378,16910.01,55.381,50.482,11,8,23.122,23.348
2025-08-11 16:39:37.015860,16920.01,54.801,49.645,11,8,23.122,23.412
2025-08-11 16:39:47.026940,16930.01,54.124,49.0,11,8,23.025,23.315
2025-08-11 16:39:57.024583,16940.01,53.125,48.42,11,8,23.09,23.187
2025-08-11 16:40:07.022088,16950.01,52.545,47.679,11,8,23.154,23.315
2025-08-11 16:40:17.019326,16960.01,51.643,46.97,11,8,23.025,23.251
2025-08-11 16:40:27.029980,16970.01,50.934,46.551,11,8,23.058,23.348
2025-08-11 16:40:37.027010,16980.01,50.321,45.713,11,8,23.025,23.315
2025-08-11 16:40:47.024654,16990.01,49.516,44.972,11,8,23.058,23.251
2025-08-11 16:40:57.023625,17000.01,48.71,44.521,11,8,23.122,23.38
2025-08-11 16:41:07.019814,17010.01,47.969,43.844,11,8,22.896,23.315
2025-08-11 16:41:17.029995,17020.01,47.356,43.264,11,8,23.058,23.348
2025-08-11 16:41:27.014585,17030.01,46.776,42.845,11,8,23.154,23.38
2025-08-11 16:41:37.024971,17040.01,46.1,42.232,11,8,23.09,23.315
2025-08-11 16:41:47.035587,17050.01,45.423,41.91,11,8,23.058,23.251
2025-08-11 16:41:57.020348,17060.0,45.101,41.588,11,8,22.993,23.283
2025-08-11 16:42:07.030577,17070.0,44.521,40.943,11,8,22.993,23.283
2025-08-11 16:42:17.030192,17080.01,44.102,40.524,11,8,22.929,23.187
2025-08-11 16:42:27.025989,17090.01,43.554,40.073,11,8,22.929,23.283
2025-08-11 16:42:37.023417,17100.01,43.167,39.783,11,8,22.961,23.187
2025-08-11 16:42:47.033740,17110.01,42.909,39.203,11,8,23.025,23.219
2025-08-11 16:42:57.019484,17120.0,42.522,39.01,11,8,22.864,23.154
2025-08-11 16:43:07.091129,17130.01,42.394,38.978,97,8,22.896,23.187
2025-08-11 16:43:17.026423,17140.01,42.361,38.591,97,8,22.929,23.219
2025-08-11 16:43:27.011154,17150.0,42.845,38.397,97,8,22.929,23.219
2025-08-11 16:43:37.035575,17160.01,44.037,38.43,97,8,22.929,23.187
2025-08-11 16:43:47.018585,17170.01,45.681,38.011,97,8,22.961,23.251
2025-08-11 16:43:57.029103,17180.01,47.356,37.882,97,8,22.993,23.187
2025-08-11 16:44:07.026805,17190.01,49.451,38.011,97,8,22.896,23.251
2025-08-11 16:44:17.024305,17200.01,51.353,38.236,97,8,23.025,23.412
2025-08-11 16:44:27.021747,17210.01,53.318,38.591,97,8,23.058,23.251
2025-08-11 16:44:37.032410,17220.01,55.349,38.978,97,8,22.961,23.315
2025-08-11 16:44:47.017032,17230.0,57.314,39.139,97,8,22.929,23.219
2025-08-11 16:44:57.027122,17240.01,59.28,39.493,97,8,22.896,23.283
2025-08-11 16:45:07.024921,17250.01,61.117,39.848,97,8,22.864,23.251
2025-08-11 16:45:17.022490,17260.0,62.954,40.202,97,8,22.929,23.283
2025-08-11 16:45:27.020198,17270.0,64.501,40.653,97,8,23.025,23.187
2025-08-11 16:45:37.014177,17280.0,65.951,40.943,97,8,22.961,23.283
2025-08-11 16:45:47.014926,17290.0,67.466,41.395,97,8,23.025,23.283
2025-08-11 16:45:57.025432,17300.01,68.819,41.813,97,8,22.961,23.444
2025-08-11 16:46:07.026932,17310.01,70.076,42.297,97,8,22.961,23.38
2025-08-11 16:46:17.020884,17320.01,71.365,42.716,97,8,23.09,23.477
2025-08-11 16:46:27.017991,17330.01,72.364,42.941,97,8,23.122,23.477
2025-08-11 16:46:37.028494,17340.01,73.138,43.328,97,8,23.09,23.477
2025-08-11 16:46:47.026007,17350.01,74.233,43.618,97,8,23.122,23.412
2025-08-11 16:46:57.010569,17360.0,75.265,44.263,97,8,23.09,23.444
2025-08-11 16:47:07.086587,17370.01,76.038,44.488,91,8,23.154,23.444
2025-08-11 16:47:17.031353,17380.01,76.844,45.068,91,8,23.025,23.315
2025-08-11 16:47:27.086210,17390.01,77.553,46.1,91,70,23.154,23.348
2025-08-11 16:47:37.013495,17400.0,78.004,45.938,91,70,23.154,23.412
2025-08-11 16:47:47.016865,17410.0,78.552,47.518,91,70,23.122,23.348
2025-08-11 16:47:57.021388,17420.01,79.003,48.291,91,70,23.154,23.38
2025-08-11 16:48:07.018552,17430.0,79.39,49.548,91,70,23.09,23.38
2025-08-11 16:48:17.016156,17440.0,80.034,50.869,91,70,23.122,23.315
2025-08-11 16:48:27.013654,17450.0,80.453,51.707,91,70,22.961,23.444
2025-08-11 16:48:37.011188,17460.0,80.969,53.028,91,70,23.122,23.38
2025-08-11 16:48:47.022015,17470.0,81.291,53.479,91,70,23.09,23.38
2025-08-11 16:48:57.018742,17480.0,81.678,54.93,91,70,23.122,23.38
2025-08-11 16:49:07.029063,17490.01,82.064,56.283,91,70,23.154,23.412
2025-08-11 16:49:17.026141,17500.01,82.419,57.314,91,70,23.09,23.38
2025-08-11 16:49:27.023955,17510.01,82.645,57.701,91,70,23.025,23.444
2025-08-11 16:49:37.021523,17520.01,82.838,59.216,91,70,23.058,23.251
2025-08-11 16:49:47.019592,17530.01,83.031,59.377,91,70,23.09,23.251
2025-08-11 16:49:57.017712,17540.0,83.128,60.183,91,70,23.09,23.283
2025-08-11 16:50:07.014208,17550.0,83.837,61.729,91,70,22.993,23.251
2025-08-11 16:50:17.005884,17559.98,84.063,61.601,91,70,23.122,23.412
2025-08-11 16:50:27.006984,17570.0,84.514,62.89,91,70,23.058,23.348
2025-08-11 16:50:37.026101,17580.0,84.675,62.696,91,70,23.09,23.38
2025-08-11 16:50:47.020091,17590.01,85.158,63.244,91,70,23.122,23.315
2025-08-11 16:50:57.016643,17600.0,85.223,63.889,91,70,22.993,23.251
2025-08-11 16:51:07.013382,17610.01,85.48,64.565,91,70,23.058,23.412
2025-08-11 16:51:17.082846,17620.01,85.545,64.888,26,70,23.025,23.38
2025-08-11 16:51:27.020053,17630.01,85.577,64.63,26,70,23.09,23.38
2025-08-11 16:51:37.017818,17640.01,85.416,65.983,26,70,23.122,23.348
2025-08-11 16:51:47.015464,17650.01,84.32,66.016,26,70,23.058,23.444
2025-08-11 16:51:57.013192,17660.0,82.967,65.564,26,70,23.122,23.444
2025-08-11 16:52:07.023464,17670.01,81.646,65.758,26,70,23.122,23.412
2025-08-11 16:52:17.024420,17680.01,79.97,66.145,26,70,23.058,23.412
2025-08-11 16:52:27.030927,17690.01,78.648,66.531,26,70,23.09,23.38
2025-08-11 16:52:37.027833,17700.01,77.295,66.757,26,70,23.09,23.38
2025-08-11 16:52:47.013712,17710.0,75.716,66.596,26,70,23.122,23.38
2025-08-11 16:52:57.092261,17720.01,74.298,66.886,26,97,23.09,23.315
2025-08-11 16:53:07.020680,17730.01,73.073,66.306,26,97,23.122,23.444
2025-08-11 16:53:17.017882,17740.0,71.494,66.048,26,97,23.154,23.251
2025-08-11 16:53:27.027562,17750.01,70.463,66.499,26,97,23.09,23.348
2025-08-11 16:53:37.025276,17760.01,69.238,66.757,26,97,22.993,23.154
2025-08-11 16:53:47.023270,17770.01,68.336,67.047,26,97,22.961,23.315
2025-08-11 16:53:57.033519,17780.01,67.176,66.854,26,97,23.025,23.251
2025-08-11 16:54:07.031104,17790.01,66.241,67.24,26,97,23.09,23.315
2025-08-11 16:54:17.015393,17800.0,65.693,67.595,26,97,23.058,23.348
2025-08-11 16:54:27.026487,17810.01,64.791,66.918,26,97,23.058,23.348
2025-08-11 16:54:37.023568,17820.01,64.469,67.885,26,97,23.025,23.315
2025-08-11 16:54:47.021194,17830.01,63.792,67.724,26,97,23.025,23.348
2025-08-11 16:54:57.020327,17840.01,63.212,67.401,26,97,22.864,23.315
2025-08-11 16:55:07.016124,17850.01,62.729,67.724,26,97,23.058,23.283
2025-08-11 16:55:17.021546,17860.01,62.02,66.821,26,97,22.832,23.283
2025-08-11 16:55:27.023556,17870.01,61.762,67.917,26,97,22.929,23.187
2025-08-11 16:55:37.008299,17880.01,61.375,67.885,26,97,22.896,23.219
2025-08-11 16:55:47.018535,17890.01,61.021,67.627,26,97,22.896,23.187
2025-08-11 16:55:57.030295,17900.01,60.473,67.659,26,97,22.929,23.251
2025-08-11 16:56:07.026897,17910.01,60.376,68.175,26,97,22.961,23.219
2025-08-11 16:56:17.088285,17920.01,60.344,68.336,78,97,22.993,23.315
2025-08-11 16:56:27.021336,17930.01,60.15,67.917,78,97,22.961,23.315
2025-08-11 16:56:37.019053,17940.01,60.344,67.595,78,97,23.025,23.315
2025-08-11 16:56:47.029294,17950.01,61.214,67.82,78,97,23.058,23.348
2025-08-11 16:56:57.026753,17960.01,62.148,67.401,78,97,23.025,23.38
2025-08-11 16:57:07.024581,17970.01,63.309,68.143,78,97,23.025,23.251
2025-08-11 16:57:17.021871,17980.01,64.501,68.4,78,97,22.993,23.444
2025-08-11 16:57:27.019045,17990.01,65.339,67.917,78,97,22.961,23.187
2025-08-11 16:57:37.016559,18000.01,66.499,67.949,78,97,22.864,23.219
2025-08-11 16:57:47.026654,18010.01,67.53,68.497,78,97,22.961,23.251
2025-08-11 16:57:57.013339,18020.0,68.819,68.755,78,97,22.832,23.154
2025-08-11 16:58:07.021494,18030.01,69.689,69.303,78,97,22.896,23.154
2025-08-11 16:58:17.031908,18040.01,70.85,69.303,78,97,22.864,23.187
2025-08-11 16:58:27.029273,18050.01,71.72,69.979,78,97,22.993,23.154
2025-08-11 16:58:37.014157,18060.01,72.783,70.141,78,97,22.864,23.187
2025-08-11 16:58:47.024399,18070.01,73.557,70.205,78,97,22.832,23.187
2025-08-11 16:58:57.021607,18080.01,74.556,71.011,78,97,22.864,23.154
2025-08-11 16:59:07.019765,18090.01,75.265,70.785,78,97,22.832,23.187
2025-08-11 16:59:17.017117,18100.0,76.07,71.72,78,97,22.993,23.187
2025-08-11 16:59:27.028831,18110.01,76.779,72.042,78,97,22.864,23.251
2025-08-11 16:59:37.011997,18120.0,77.134,71.397,78,97,22.929,23.219
2025-08-11 16:59:47.089791,18130.01,77.939,71.945,72,97,22.864,23.154
2025-08-11 16:59:57.019160,18140.01,78.358,72.268,72,97,22.832,23.187
2025-08-11 17:00:07.017131,18150.01,78.938,72.396,72,97,22.929,23.187
2025-08-11 17:00:17.027835,18160.01,79.196,72.074,72,97,23.025,23.251
2025-08-11 17:00:27.024838,18170.01,79.615,72.815,72,97,22.864,23.283
2025-08-11 17:00:37.022422,18180.01,80.066,72.654,72,97,23.058,23.219
2025-08-11 17:00:47.096530,18190.01,80.034,72.074,72,45,22.832,23.219
2025-08-11 17:00:57.017432,18200.01,80.195,72.396,72,45,22.993,23.38
2025-08-11 17:01:07.017598,18210.01,80.228,71.72,72,45,23.058,23.283
2025-08-11 17:01:17.025215,18220.01,80.356,71.559,72,45,22.864,23.219
2025-08-11 17:01:27.022574,18230.01,80.324,71.43,72,45,23.025,23.283
2025-08-11 17:01:37.020054,18240.0,80.518,70.656,72,45,22.896,23.251
2025-08-11 17:01:47.020517,18250.01,80.55,69.528,72,45,22.929,23.348
2025-08-11 17:01:57.018219,18260.01,80.356,69.399,72,45,22.929,23.38
2025-08-11 17:02:07.025453,18270.01,80.421,68.658,72,45,22.896,23.348
2025-08-11 17:02:17.010465,18280.0,80.228,67.949,72,45,22.961,23.348
2025-08-11 17:02:27.020621,18290.0,80.066,67.563,72,45,22.961,23.315
2025-08-11 17:02:37.018212,18300.0,80.002,66.918,72,45,22.896,23.154
2025-08-11 17:02:47.015778,18310.0,79.68,66.112,72,45,22.961,23.283
2025-08-11 17:02:57.013403,18320.0,79.97,65.79,72,45,22.896,23.187
2025-08-11 17:03:07.090375,18330.01,79.841,65.5,27,45,22.896,23.187
2025-08-11 17:03:17.008172,18340.0,79.422,64.855,27,45,23.025,23.219
2025-08-11 17:03:27.018339,18350.01,78.874,64.469,27,45,22.993,23.283
2025-08-11 17:03:37.028583,18360.01,78.101,64.211,27,45,23.025,23.348
2025-08-11 17:03:47.026837,18370.01,77.134,64.05,27,45,22.929,23.219
2025-08-11 17:03:57.022846,18380.0,75.845,63.405,27,45,22.929,23.315
2025-08-11 17:04:07.020772,18390.01,74.523,62.664,27,45,23.09,23.283
2025-08-11 17:04:17.030359,18400.01,73.299,62.761,27,45,22.961,23.219
2025-08-11 17:04:27.014861,18410.01,72.203,62.052,27,45,22.961,23.283
2025-08-11 17:04:37.012844,18420.0,70.85,61.568,27,45,22.961,23.219
2025-08-11 17:04:47.023103,18430.0,69.754,61.117,27,45,22.961,23.315
2025-08-11 17:04:57.033289,18440.01,68.4,60.892,27,45,22.929,23.154
2025-08-11 17:05:07.017839,18450.01,67.208,60.505,27,45,22.929,23.219
2025-08-11 17:05:17.015218,18460.0,66.08,59.538,27,45,22.929,23.187
2025-08-11 17:05:27.025673,18470.01,65.436,59.57,27,45,22.864,23.154
2025-08-11 17:05:37.023402,18480.01,64.694,59.055,27,45,22.864,23.154
2025-08-11 17:05:47.020955,18490.01,63.695,58.99,27,45,22.929,23.154
2025-08-11 17:05:57.032365,18500.01,62.954,58.571,27,45,22.896,23.187
2025-08-11 17:06:07.015502,18510.0,62.374,57.895,27,45,22.929,23.154
2025-08-11 17:06:17.012620,18520.0,61.601,57.604,27,45,22.864,23.219
2025-08-11 17:06:27.023010,18530.01,60.795,57.121,27,45,22.896,23.187
2025-08-11 17:06:37.020359,18540.01,60.054,56.799,27,45,22.896,23.154
2025-08-11 17:06:47.017448,18550.01,59.731,56.09,27,45,22.993,23.251
2025-08-11 17:06:57.015497,18560.01,59.087,56.315,27,45,22.929,23.283
2025-08-11 17:07:07.025954,18570.01,58.604,55.671,27,45,22.896,23.283
2025-08-11 17:07:17.023354,18580.01,58.056,55.51,27,45,22.993,23.219
2025-08-11 17:07:27.033540,18590.01,57.83,54.801,27,45,22.929,23.348
2025-08-11 17:07:37.032429,18600.01,57.411,54.704,27,45,22.896,23.251
2025-08-11 17:07:47.015386,18610.0,56.896,53.963,27,45,22.993,23.251
2025-08-11 17:07:57.025856,18620.01,56.38,53.673,27,45,22.929,23.283
2025-08-11 17:08:07.023343,18630.01,56.348,53.544,27,45,23.025,23.348
2025-08-11 17:08:17.021062,18640.01,55.864,53.157,27,45,22.993,23.283
2025-08-11 17:08:27.031353,18650.01,55.478,53.125,27,45,22.961,23.412
2025-08-11 17:08:37.033785,18660.01,55.381,53.125,27,45,23.09,23.444
2025-08-11 17:08:47.083494,18670.02,54.865,52.545,27,9,23.025,23.348
2025-08-11 17:08:57.025524,18680.01,54.543,52.352,27,9,23.058,23.315
2025-08-11 17:09:07.024819,18690.01,54.156,52.029,27,9,22.961,23.348
2025-08-11 17:09:17.022806,18700.01,53.963,51.32,27,9,22.864,23.187
2025-08-11 17:09:27.021248,18710.0,53.608,50.901,27,9,22.929,23.154
2025-08-11 17:09:37.031057,18720.01,53.576,50.031,27,9,22.896,23.187
2025-08-11 17:09:47.029661,18730.01,53.222,49.483,27,9,22.929,23.251
2025-08-11 17:09:57.026787,18740.01,52.964,48.646,27,9,22.929,23.154
2025-08-11 17:10:07.024167,18750.01,52.706,48.065,27,9,22.896,23.251
2025-08-11 17:10:17.021615,18760.01,52.513,47.453,27,9,22.961,23.315
2025-08-11 17:10:27.010413,18770.0,52.255,46.809,27,9,22.929,23.283
2025-08-11 17:10:37.181761,18780.01,52.384,46.583,91,46,22.993,23.251
2025-08-11 17:10:47.027480,18790.01,52.029,45.971,91,46,22.961,23.251
2025-08-11 17:10:57.025070,18800.0,52.803,45.874,91,46,22.896,23.283
2025-08-11 17:11:07.022578,18810.0,53.512,46.1,91,46,22.929,23.187
2025-08-11 17:11:17.020259,18820.01,54.575,45.842,91,46,22.896,23.187
2025-08-11 17:11:27.030456,18830.01,55.993,46.39,91,46,22.929,23.154
2025-08-11 17:11:37.027982,18840.01,57.604,46.551,91,46,22.896,23.187
2025-08-11 17:11:47.024875,18850.01,58.926,47.163,91,46,22.864,23.154
2025-08-11 17:11:57.022544,18860.0,60.505,47.904,91,46,22.864,23.154
2025-08-11 17:12:07.020069,18870.0,62.31,48.42,91,46,22.832,23.154
2025-08-11 17:12:17.030502,18880.01,63.631,48.774,91,46,22.832,23.154
2025-08-11 17:12:27.028152,18890.01,65.146,49.193,91,46,22.864,23.154
2025-08-11 17:12:37.094133,18900.01,66.273,50.031,91,20,22.864,23.154
2025-08-11 17:12:47.022459,18910.01,67.788,50.611,91,20,22.832,23.154
2025-08-11 17:12:57.020079,18920.01,69.077,50.708,91,20,22.832,23.154
2025-08-11 17:13:07.017332,18930.0,70.205,51.159,91,20,22.832,23.154
2025-08-11 17:13:17.027409,18940.01,71.269,51.449,91,20,22.832,23.154
2025-08-11 17:13:27.024520,18950.01,72.493,51.449,91,20,22.832,23.154
2025-08-11 17:13:37.009325,18960.0,73.621,51.771,91,20,22.832,23.154
2025-08-11 17:13:47.020217,18970.0,74.33,51.804,91,20,22.832,23.154
2025-08-11 17:13:57.016573,18980.01,74.846,51.997,91,20,22.832,23.154
2025-08-11 17:14:07.027222,18990.01,75.49,52.319,91,20,22.832,23.154
2025-08-11 17:14:17.025042,19000.01,76.264,52.416,91,20,22.832,23.154
2025-08-11 17:14:27.021835,19010.01,76.876,52.609,91,20,22.832,23.154
2025-08-11 17:14:37.019524,19020.01,77.424,52.964,91,20,22.832,23.154
2025-08-11 17:14:47.029749,19030.01,78.165,52.932,91,20,22.832,23.154
2025-08-11 17:14:57.026849,19040.01,78.745,53.318,91,20,22.864,23.154
2025-08-11 17:15:07.024689,19050.01,79.422,53.093,91,20,22.896,23.154
2025-08-11 17:15:17.022239,19060.01,79.809,53.351,91,20,22.864,23.154
2025-08-11 17:15:27.032399,19070.01,80.099,52.964,91,20,22.832,23.187
2025-08-11 17:15:37.017263,19080.0,80.453,53.447,91,20,22.896,23.219
2025-08-11 17:15:47.082230,19090.0,80.582,52.932,30,20,22.864,23.187
2025-08-11 17:15:57.011821,19100.0,80.646,53.157,30,20,22.864,23.154
2025-08-11 17:16:07.035190,19110.01,80.55,53.318,30,20,22.832,23.154
2025-08-11 17:16:17.021744,19120.01,79.583,53.447,30,20,22.832,23.154
2025-08-11 17:16:27.019078,19130.01,78.616,53.673,30,20,22.832,23.187
2025-08-11 17:16:37.027735,19140.01,77.456,53.318,30,20,22.832,23.154
2025-08-11 17:16:47.025178,19150.0,76.038,52.867,30,20,22.832,23.154
2025-08-11 17:16:57.022606,19160.0,74.491,52.545,30,20,22.832,23.154
2025-08-11 17:17:07.019425,19170.01,73.138,52.384,30,20,22.864,23.154
2025-08-11 17:17:17.030492,19180.01,71.623,52.158,30,20,22.864,23.154
2025-08-11 17:17:27.027035,19190.01,70.527,51.9,30,20,22.832,23.154
2025-08-11 17:17:37.025499,19200.01,69.142,51.61,30,20,22.832,23.154
2025-08-11 17:17:47.022419,19210.01,67.82,51.32,30,20,22.832,23.187
2025-08-11 17:17:57.032524,19220.01,66.757,51.353,30,20,22.832,23.154
2025-08-11 17:18:07.016561,19230.01,65.661,50.901,30,20,22.832,23.154
2025-08-11 17:18:17.027101,19240.01,64.63,50.676,30,20,22.832,23.154
2025-08-11 17:18:27.023987,19250.01,63.663,50.096,30,20,22.832,23.154
2025-08-11 17:18:37.022488,19260.0,62.793,49.967,30,20,22.832,23.251
2025-08-11 17:18:47.018842,19270.01,61.955,49.645,30,20,22.929,23.187
2025-08-11 17:18:57.029393,19280.01,61.246,49.193,30,20,22.864,23.187
2025-08-11 17:19:07.014002,19290.0,60.44,48.742,30,20,22.832,23.187
2025-08-11 17:19:17.024039,19300.01,59.828,48.517,30,20,22.896,23.187
2025-08-11 17:19:27.021562,19310.01,59.184,48.259,30,20,22.896,23.187
2025-08-11 17:19:37.019669,19320.01,58.378,47.711,30,20,22.832,23.187
2025-08-11 17:19:47.017286,19330.01,58.023,47.292,30,20,22.864,23.154
2025-08-11 17:19:57.075417,19340.01,57.443,46.97,30,58,22.832,23.154
2025-08-11 17:20:07.025061,19350.0,56.863,47.099,30,58,22.896,23.187
2025-08-11 17:20:17.034733,19360.01,56.605,46.905,30,58,22.832,23.251
2025-08-11 17:20:27.019658,19370.0,56.219,47.163,30,58,22.832,23.154
2025-08-11 17:20:37.016316,19380.01,55.832,47.485,30,58,22.864,23.154
2025-08-11 17:20:47.026656,19390.01,55.413,47.937,30,58,22.864,23.154
2025-08-11 17:20:57.024234,19400.01,55.059,48.291,30,58,22.832,23.187
2025-08-11 17:21:07.021906,19410.01,54.897,48.549,30,58,22.896,23.154
2025-08-11 17:21:17.020091,19420.0,54.575,48.388,30,58,22.832,23.187
2025-08-11 17:21:27.016213,19430.01,54.382,49.322,30,58,22.832,23.154
2025-08-11 17:21:37.026844,19440.01,54.253,49.29,30,58,22.864,23.154
2025-08-11 17:21:47.015064,19450.0,54.027,49.806,30,58,22.832,23.219
2025-08-11 17:21:57.022207,19460.01,53.898,50.257,30,58,22.864,23.154
2025-08-11 17:22:07.019584,19470.01,53.802,50.45,30,58,22.864,23.154
2025-08-11 17:22:17.017196,19480.01,53.641,50.289,30,58,22.832,23.154
2025-08-11 17:22:27.020043,19490.0,53.641,50.837,30,58,22.832,23.154
2025-08-11 17:22:37.024608,19500.01,53.479,50.708,30,58,22.864,23.187
2025-08-11 17:22:47.022726,19510.01,53.512,51.449,30,58,22.832,23.154
2025-08-11 17:22:57.032549,19520.01,53.447,51.61,30,58,22.832,23.219
2025-08-11 17:23:07.103462,19530.01,53.383,51.707,17,58,22.832,23.154
2025-08-11 17:23:17.027961,19540.01,53.351,51.9,17,58,22.864,23.154
2025-08-11 17:23:27.012351,19550.0,53.254,52.029,17,58,22.832,23.154
2025-08-11 17:23:37.021950,19560.01,52.738,51.578,17,58,22.832,23.154
2025-08-11 17:23:47.019372,19570.0,52.609,52.48,17,58,22.832,23.154
2025-08-11 17:23:57.017094,19580.01,52.255,52.384,17,58,22.832,23.154
2025-08-11 17:24:07.014238,19590.01,51.933,52.223,17,58,22.929,23.154
2025-08-11 17:24:17.011746,19600.01,51.643,52.642,17,58,22.832,23.154
2025-08-11 17:24:27.021888,19610.01,51.32,52.384,17,58,22.832,23.154
2025-08-11 17:24:37.019011,19620.01,50.998,52.835,17,58,22.832,23.187
2025-08-11 17:24:47.016456,19630.01,50.772,52.803,17,58,22.832,23.154
2025-08-11 17:24:57.026771,19640.01,50.257,52.384,17,58,22.832,23.154
2025-08-11 17:25:07.024119,19650.01,49.838,52.609,17,58,22.832,23.154
2025-08-11 17:25:17.021241,19660.0,49.387,52.674,17,58,22.832,23.154
2025-08-11 17:25:27.031221,19670.01,49.064,52.674,17,58,22.864,23.154
2025-08-11 17:25:37.016198,19680.0,48.903,52.545,17,58,22.832,23.154
2025-08-11 17:25:47.026277,19690.01,48.871,52.545,17,58,22.832,23.154
2025-08-11 17:25:57.024358,19700.01,48.581,52.223,17,58,22.832,23.154
2025-08-11 17:26:07.020850,19710.01,48.323,52.545,17,58,22.832,23.154
2025-08-11 17:26:17.018389,19720.0,48.033,52.835,17,58,22.832,23.154
2025-08-11 17:26:27.028737,19730.01,48.162,52.255,17,58,22.832,23.154
2025-08-11 17:26:37.026129,19740.01,47.937,52.448,17,58,22.832,23.154
2025-08-11 17:26:47.023361,19750.0,47.775,51.965,17,58,22.864,23.154
2025-08-11 17:26:57.031968,19760.01,47.614,52.352,17,58,22.832,23.154
2025-08-11 17:27:07.024371,19770.01,47.518,52.384,17,58,22.864,23.154
2025-08-11 17:27:17.031737,19780.01,47.389,52.384,17,58,22.832,23.154
2025-08-11 17:27:27.014834,19790.0,47.292,52.062,17,58,22.896,23.154
2025-08-11 17:27:37.010913,19800.0,47.099,52.255,17,58,22.832,23.154
2025-08-11 17:27:47.021889,19810.01,47.195,52.094,17,58,22.832,23.154
2025-08-11 17:27:57.017861,19820.01,47.131,51.804,17,58,22.832,23.154
2025-08-11 17:28:07.100531,19830.01,47.195,51.933,17,86,22.832,23.154
2025-08-11 17:28:17.025776,19840.0,46.809,52.416,17,86,22.832,23.154
2025-08-11 17:28:27.022712,19850.01,46.809,52.19,17,86,22.832,23.154
2025-08-11 17:28:37.034322,19860.01,46.68,52.158,17,86,22.832,23.154
2025-08-11 17:28:47.029967,19870.01,46.712,52.513,17,86,22.832,23.154
2025-08-11 17:28:57.095812,19880.01,46.776,53.866,76,86,22.832,23.154
2025-08-11 17:29:07.038344,19890.01,47.099,53.415,76,86,22.832,23.154
2025-08-11 17:29:17.035379,19900.01,47.646,54.188,76,86,22.832,23.154
2025-08-11 17:29:27.032646,19910.01,48.613,54.994,76,86,22.832,23.154
2025-08-11 17:29:37.030011,19920.0,50.031,55.349,76,86,22.832,23.154
2025-08-11 17:29:47.014088,19930.01,51.353,55.768,76,86,22.832,23.154
2025-08-11 17:29:57.024131,19940.01,52.964,56.573,76,86,22.832,23.154
2025-08-11 17:30:07.096212,19950.01,54.285,56.96,72,86,22.832,23.154
2025-08-11 17:30:17.032152,19960.01,55.993,57.411,72,86,22.832,23.154
2025-08-11 17:30:27.029300,19970.01,57.54,57.959,72,86,22.832,23.154
2025-08-11 17:30:37.026800,19980.01,58.894,58.539,72,86,22.832,23.154
2025-08-11 17:30:47.010967,19990.0,60.279,59.184,72,86,22.832,23.154
2025-08-11 17:30:57.021091,20000.01,61.762,59.603,72,86,22.832,23.154
2025-08-11 17:31:07.018493,20010.01,62.954,60.763,72,86,22.832,23.154
2025-08-11 17:31:17.016165,20020.01,64.146,60.956,72,86,22.832,23.154
2025-08-11 17:31:27.026465,20030.01,64.791,61.214,72,86,22.832,23.154
2025-08-11 17:31:37.023777,20040.01,65.919,62.02,72,86,22.832,23.154
2025-08-11 17:31:47.021258,20050.0,66.757,61.729,72,86,22.832,23.154
2025-08-11 17:31:57.031152,20060.01,67.659,62.825,72,86,22.832,23.154
2025-08-11 17:32:07.028941,20070.01,68.626,62.696,72,86,22.832,23.154
2025-08-11 17:32:17.025892,20080.01,69.464,63.856,72,86,22.832,23.154
2025-08-11 17:32:27.023355,20090.01,70.237,64.565,72,86,22.8,23.154
2025-08-11 17:32:37.021032,20100.01,71.043,64.372,72,86,22.832,23.154
2025-08-11 17:32:47.017714,20110.01,71.688,64.791,72,86,22.832,23.154
2025-08-11 17:32:57.014830,20120.0,72.106,65.178,72,86,22.832,23.154
2025-08-11 17:33:07.012175,20130.0,72.687,65.887,72,86,22.832,23.154
2025-08-11 17:33:17.021987,20140.0,72.783,65.693,72,86,22.832,23.154
2025-08-11 17:33:27.081867,20150.01,73.589,65.854,72,43,22.832,23.154
2025-08-11 17:33:37.029487,20160.01,73.879,66.37,72,43,22.832,23.154
2025-08-11 17:33:47.013834,20170.01,74.008,66.145,72,43,22.832,23.154
2025-08-11 17:33:57.011229,20180.0,74.717,66.209,72,43,22.832,23.154
2025-08-11 17:34:07.024243,20190.0,75.039,66.177,72,43,22.832,23.154
2025-08-11 17:34:17.018622,20200.01,75.394,65.468,72,43,22.832,23.154
2025-08-11 17:34:27.030034,20210.01,75.619,65.081,72,43,22.832,23.154
2025-08-11 17:34:37.029419,20220.01,75.909,64.469,72,43,22.832,23.154
2025-08-11 17:34:47.023674,20230.01,75.941,64.533,72,43,22.832,23.154
2025-08-11 17:34:57.020801,20240.01,76.264,64.372,72,43,22.832,23.154
2025-08-11 17:35:07.031076,20250.01,76.521,63.921,72,43,22.832,23.154
2025-08-11 17:35:17.028173,20260.01,76.393,63.309,72,43,22.832,23.154
2025-08-11 17:35:27.013842,20270.0,76.65,63.212,72,43,22.832,23.154
2025-08-11 17:35:37.083667,20280.01,76.65,62.471,63,43,22.832,23.154
2025-08-11 17:35:47.033345,20290.01,76.779,62.245,63,43,22.832,23.154
2025-08-11 17:35:57.017636,20300.01,76.521,61.891,63,43,22.832,23.154
2025-08-11 17:36:07.015654,20310.01,76.264,61.729,63,43,22.832,23.154
2025-08-11 17:36:17.025321,20320.01,76.199,61.826,63,43,22.832,23.154
2025-08-11 17:36:27.009949,20330.0,76.07,61.375,63,43,22.832,23.154
2025-08-11 17:36:37.020387,20340.01,75.941,61.117,63,43,22.832,23.154
2025-08-11 17:36:47.030322,20350.01,75.684,60.827,63,43,22.832,23.154
2025-08-11 17:36:57.027352,20360.01,75.716,60.698,63,43,22.832,23.154
2025-08-11 17:37:07.024979,20370.01,75.329,60.505,63,43,22.832,23.154
2025-08-11 17:37:17.022367,20380.01,75.232,60.312,63,43,22.832,23.154
2025-08-11 17:37:27.019288,20390.01,75.104,60.183,63,43,22.832,23.154
2025-08-11 17:37:37.029827,20400.01,74.813,59.957,63,43,22.832,23.154
2025-08-11 17:37:47.027429,20410.01,74.749,59.667,63,43,22.832,23.154
2025-08-11 17:37:57.011515,20420.0,74.588,59.506,63,43,22.832,23.154
2025-08-11 17:38:07.008853,20430.0,74.072,58.829,63,43,22.832,23.154
2025-08-11 17:38:17.031298,20440.01,73.911,59.28,63,43,22.832,23.154
2025-08-11 17:38:27.028831,20450.01,73.621,59.022,63,43,22.832,23.154
2025-08-11 17:38:37.026057,20460.01,73.686,58.926,63,43,22.832,23.154
2025-08-11 17:38:47.023158,20470.01,73.363,58.668,63,43,22.832,23.154
2025-08-11 17:38:57.021072,20480.01,73.331,58.958,63,43,22.832,23.154
2025-08-11 17:39:07.018064,20490.01,73.396,58.539,63,43,22.832,23.154
2025-08-11 17:39:17.093509,20500.01,73.234,58.41,58,43,22.832,23.154
2025-08-11 17:39:27.025495,20510.0,73.17,57.895,58,43,22.832,23.154
2025-08-11 17:39:37.010195,20520.0,72.912,58.088,58,43,22.832,23.154
2025-08-11 17:39:47.020226,20530.01,72.783,58.056,58,43,22.832,23.154
2025-08-11 17:39:57.020749,20540.0,72.59,57.669,58,43,22.832,23.154
2025-08-11 17:40:07.027616,20550.01,72.364,57.701,58,43,22.832,23.154
2025-08-11 17:40:17.095545,20560.01,72.364,58.185,58,65,22.832,23.154
2025-08-11 17:40:27.009400,20570.0,72.203,58.217,58,65,22.832,23.154
2025-08-11 17:40:37.019146,20580.0,71.849,57.927,58,65,22.832,23.154
2025-08-11 17:40:47.016362,20590.0,71.816,58.442,58,65,22.832,23.154
2025-08-11 17:40:57.027190,20600.01,71.526,57.862,58,65,22.832,23.154
2025-08-11 17:41:07.023816,20610.01,71.301,58.926,58,65,22.832,23.122
2025-08-11 17:41:17.021319,20620.01,71.14,58.861,58,65,22.832,23.154
2025-08-11 17:41:27.083255,20630.01,70.979,58.668,8,65,22.832,23.154
2025-08-11 17:41:37.028553,20640.01,70.624,58.797,8,65,22.832,23.154
2025-08-11 17:41:47.026075,20650.01,70.205,59.28,8,65,22.8,23.154
2025-08-11 17:41:57.023336,20660.01,69.109,59.409,8,65,22.768,23.122
2025-08-11 17:42:07.088392,20670.01,67.788,59.635,8,41,22.8,23.154
2025-08-11 17:42:17.018084,20680.01,66.499,59.57,8,41,22.8,23.154
2025-08-11 17:42:27.027807,20690.01,65.178,59.055,8,41,22.832,23.154
2025-08-11 17:42:37.012582,20700.01,63.921,59.313,8,41,22.768,23.154
2025-08-11 17:42:47.023538,20710.01,62.6,59.151,8,41,22.832,23.154
2025-08-11 17:42:57.021068,20720.01,61.246,58.732,8,41,22.8,23.122
2025-08-11 17:43:07.030698,20730.01,59.957,58.12,8,41,22.832,23.154
2025-08-11 17:43:17.027755,20740.01,58.958,57.314,8,41,22.832,23.154
2025-08-11 17:43:27.025729,20750.01,57.83,57.089,8,41,22.8,23.154
2025-08-11 17:43:37.022572,20760.01,56.638,56.412,8,41,22.8,23.154
2025-08-11 17:43:47.019693,20770.01,55.51,55.671,8,41,22.8,23.154
2025-08-11 17:43:57.021381,20780.0,54.575,55.252,8,41,22.832,23.154
2025-08-11 17:44:07.014076,20790.01,53.544,54.575,8,41,22.832,23.154
2025-08-11 17:44:17.011941,20800.0,52.899,54.124,8,41,22.832,23.154
2025-08-11 17:44:27.021940,20810.01,52.029,53.447,8,41,22.8,23.154
2025-08-11 17:44:37.019475,20820.0,51.095,53.093,8,41,22.832,23.154
2025-08-11 17:44:47.028738,20830.01,50.321,52.48,8,41,22.832,23.09
2025-08-11 17:44:57.013062,20840.0,49.548,51.9,8,41,22.8,23.122
2025-08-11 17:45:07.014954,20850.01,49.032,51.546,8,41,22.832,23.154
2025-08-11 17:45:17.031735,20860.02,48.42,50.869,8,41,22.832,23.154
2025-08-11 17:45:27.018542,20870.01,47.84,50.644,8,41,22.832,23.154
2025-08-11 17:45:37.022639,20880.01,47.324,49.935,8,41,22.832,23.154
2025-08-11 17:45:47.028722,20890.01,46.873,49.612,8,41,22.832,23.154
2025-08-11 17:45:57.026853,20900.01,46.39,49.612,8,41,22.832,23.154
2025-08-11 17:46:07.036893,20910.01,45.81,49.258,8,41,22.832,23.154
2025-08-11 17:46:17.021609,20920.01,45.584,49.0,8,41,22.832,23.154
2025-08-11 17:46:27.032393,20930.01,45.068,48.71,8,41,22.832,23.154
2025-08-11 17:46:37.019864,20940.01,44.553,48.033,8,41,22.832,23.154
2025-08-11 17:46:47.027155,20950.0,44.295,48.227,8,41,22.832,23.154
2025-08-11 17:46:57.012030,20960.0,43.908,47.614,8,41,22.832,23.154
2025-08-11 17:47:07.021998,20970.0,43.618,47.937,8,41,22.832,23.154
2025-08-11 17:47:17.019839,20980.01,43.264,47.808,8,41,22.832,23.154
2025-08-11 17:47:27.029631,20990.01,43.038,47.228,8,41,22.832,23.154
2025-08-11 17:47:37.017024,21000.0,42.845,47.356,8,41,22.832,23.154
2025-08-11 17:47:47.026675,21010.0,42.555,47.324,8,41,22.832,23.154
2025-08-11 17:47:57.082823,21020.01,42.232,46.647,4,41,22.832,23.154
2025-08-11 17:48:07.019550,21030.0,42.136,46.744,4,41,22.832,23.154
2025-08-11 17:48:17.029999,21040.01,41.652,46.519,4,41,22.832,23.154
2025-08-11 17:48:27.028378,21050.01,41.556,46.519,4,41,22.832,23.154
2025-08-11 17:48:37.024402,21060.01,41.233,46.325,4,41,22.832,23.154
2025-08-11 17:48:47.034428,21070.01,40.911,46.164,4,41,22.832,23.154
2025-08-11 17:48:57.018446,21080.01,40.653,45.745,4,41,22.832,23.154
2025-08-11 17:49:07.015981,21090.0,40.363,45.81,4,41,22.8,23.154
2025-08-11 17:49:17.025908,21100.01,40.073,45.391,4,41,22.832,23.154
2025-08-11 17:49:27.023375,21110.01,39.944,45.391,4,41,22.832,23.154
2025-08-11 17:49:37.020919,21120.01,39.622,45.487,4,41,22.832,23.154
2025-08-11 17:49:47.097255,21130.01,39.332,44.811,4,49,22.832,23.154
2025-08-11 17:49:57.027931,21140.01,39.106,45.133,4,49,22.832,23.122
2025-08-11 17:50:07.038531,21150.01,38.945,44.843,4,49,22.832,23.122
2025-08-11 17:50:17.022892,21160.01,38.591,44.875,4,49,22.8,23.154
2025-08-11 17:50:27.033145,21170.01,38.301,45.133,4,49,22.8,23.09
2025-08-11 17:50:37.030496,21180.01,38.269,45.165,4,49,22.832,23.154
2025-08-11 17:50:47.028135,21190.01,37.979,44.907,4,49,22.832,23.154
2025-08-11 17:50:57.024982,21200.0,38.043,44.746,4,49,22.832,23.154
2025-08-11 17:51:07.034995,21210.01,37.882,44.746,4,49,22.832,23.154
2025-08-11 17:51:17.018991,21220.01,37.85,45.229,4,49,22.832,23.154
2025-08-11 17:51:27.030432,21230.01,37.785,45.229,4,49,22.832,23.154
2025-08-11 17:51:37.027033,21240.01,37.688,45.197,4,49,22.8,23.154
2025-08-11 17:51:47.024625,21250.01,37.463,45.133,4,49,22.832,23.154
2025-08-11 17:51:57.022439,21260.0,37.398,45.036,4,49,22.768,23.09
2025-08-11 17:52:07.020173,21270.0,37.431,44.746,4,49,22.832,23.154
2025-08-11 17:52:17.089878,21280.01,37.302,45.004,4,33,22.8,23.154
2025-08-11 17:52:27.014585,21290.01,37.173,44.907,4,33,22.832,23.154
2025-08-11 17:52:37.024661,21300.01,37.141,44.972,4,33,22.8,23.09
2025-08-11 17:52:47.022327,21310.0,37.076,44.811,4,33,22.832,23.154
2025-08-11 17:52:57.020479,21320.01,36.947,44.456,4,33,22.703,23.122
2025-08-11 17:53:07.030406,21330.01,36.818,44.263,4,33,22.768,23.122
2025-08-11 17:53:17.015086,21340.0,36.754,43.779,4,33,22.8,23.122
2025-08-11 17:53:27.038111,21350.01,36.722,43.747,4,33,22.8,23.122
2025-08-11 17:53:37.027963,21360.01,36.528,43.264,4,33,22.8,23.09
2025-08-11 17:53:47.033145,21370.01,36.496,43.103,4,33,22.8,23.09
2025-08-11 17:53:57.017869,21380.01,36.399,43.103,4,33,22.832,23.058
2025-08-11 17:54:07.027849,21390.01,36.399,42.941,4,33,22.8,23.122
2025-08-11 17:54:17.029025,21400.0,36.174,42.684,4,33,22.768,23.122
2025-08-11 17:54:27.022912,21410.0,36.077,42.458,4,33,22.8,23.122
2025-08-11 17:54:37.020467,21420.0,36.206,42.361,4,33,22.832,23.09
2025-08-11 17:54:47.017656,21430.0,36.013,41.975,4,33,22.8,23.122
2025-08-11 17:54:57.086563,21440.01,35.852,41.749,4,14,22.768,23.154
2025-08-11 17:55:07.024846,21450.01,35.787,41.459,4,14,22.8,23.122
2025-08-11 17:55:17.023654,21460.01,35.755,41.201,4,14,22.832,23.154
2025-08-11 17:55:27.019890,21470.01,35.69,40.75,4,14,22.832,23.154
2025-08-11 17:55:37.031297,21480.01,35.497,40.46,4,14,22.832,23.154
2025-08-11 17:55:47.028505,21490.01,35.465,40.073,4,14,22.832,23.154
2025-08-11 17:55:57.091368,21500.01,35.4,39.525,10,14,22.832,23.154
2025-08-11 17:56:07.022089,21510.01,35.271,39.203,10,14,22.832,23.154
2025-08-11 17:56:17.032479,21520.01,35.207,38.849,10,14,22.832,23.154
2025-08-11 17:56:27.029466,21530.01,35.143,38.333,10,14,22.8,23.154
2025-08-11 17:56:37.027078,21540.01,35.175,38.043,10,14,22.8,23.154
2025-08-11 17:56:47.024354,21550.01,35.078,37.721,10,14,22.8,23.154
2025-08-11 17:56:57.034784,21560.01,35.175,37.431,10,14,22.832,23.154
2025-08-11 17:57:07.019085,21570.0,35.207,37.205,10,14,22.832,23.154
2025-08-11 17:57:17.029463,21580.01,35.143,37.044,10,14,22.832,23.154
2025-08-11 17:57:27.013990,21590.0,35.207,36.722,10,14,22.8,23.154
2025-08-11 17:57:37.024097,21600.01,35.207,36.593,10,14,22.832,23.154
2025-08-11 17:57:47.021146,21610.01,35.271,36.464,10,14,22.8,23.154
2025-08-11 17:57:57.031565,21620.01,35.336,36.206,10,14,22.832,23.09
2025-08-11 17:58:07.016286,21630.01,35.465,35.884,10,14,22.832,23.122
2025-08-11 17:58:17.026512,21640.01,35.271,35.755,10,14,22.8,23.058
2025-08-11 17:58:27.023800,21650.01,35.11,35.497,10,14,22.8,23.058
2025-08-11 17:58:37.020889,21660.01,35.207,35.658,10,14,22.832,23.058
2025-08-11 17:58:47.019524,21670.01,35.271,35.529,10,14,22.735,23.09
2025-08-11 17:58:57.028649,21680.01,35.271,35.336,10,14,22.8,23.058
2025-08-11 17:59:07.026148,21690.01,35.336,35.11,10,14,22.8,23.122
2025-08-11 17:59:17.024230,21700.01,35.304,35.239,10,14,22.768,23.025
2025-08-11 17:59:27.033580,21710.01,35.4,35.046,10,14,22.832,23.058
2025-08-11 17:59:37.030791,21720.01,35.271,34.82,10,14,22.832,23.122
2025-08-11 17:59:47.028231,21730.01,35.433,34.917,10,14,22.8,23.154
2025-08-11 17:59:57.014984,21740.0,35.433,34.724,10,14,22.8,23.122
2025-08-11 18:00:07.035440,21750.01,35.4,34.627,10,14,22.832,23.122
2025-08-11 18:00:17.024427,21760.01,35.465,34.466,10,14,22.735,23.122
2025-08-11 18:00:27.030476,21770.01,35.433,34.595,10,14,22.832,23.154
2025-08-11 18:00:37.027723,21780.01,35.433,34.53,10,14,22.768,23.122
2025-08-11 18:00:47.025208,21790.01,35.433,34.466,10,14,22.703,23.122
2025-08-11 18:00:57.022757,21800.01,35.433,34.305,10,14,22.8,23.154
2025-08-11 18:01:07.032557,21810.01,35.368,34.369,10,14,22.8,23.154
2025-08-11 18:01:17.017306,21820.01,35.175,34.337,10,14,22.8,23.154
2025-08-11 18:01:27.028182,21830.01,35.239,34.272,10,14,22.832,23.154
2025-08-11 18:01:37.025536,21840.01,35.143,34.272,10,14,22.832,23.122
2025-08-11 18:01:47.098516,21850.01,35.336,34.466,10,59,22.832,23.122
2025-08-11 18:01:57.032815,21860.01,35.207,34.144,10,59,22.8,23.154
2025-08-11 18:02:07.032590,21870.01,35.304,34.401,10,59,22.768,23.122
2025-08-11 18:02:17.028104,21880.0,35.336,35.304,10,59,22.768,23.154
2025-08-11 18:02:27.025310,21890.01,35.433,35.787,10,59,22.832,23.122
2025-08-11 18:02:37.035094,21900.01,35.529,36.561,10,59,22.832,23.122
2025-08-11 18:02:47.019891,21910.0,35.4,36.979,10,59,22.768,23.09
2025-08-11 18:02:57.095125,21920.01,35.626,37.979,17,59,22.832,23.025
2025-08-11 18:03:07.027917,21930.01,35.819,37.946,17,59,22.735,23.058
2025-08-11 18:03:17.026135,21940.01,35.852,38.752,17,59,22.735,23.058
2025-08-11 18:03:27.007652,21949.99,36.142,39.719,17,59,22.703,23.09
2025-08-11 18:03:37.019023,21960.0,36.399,40.041,17,59,22.703,23.09
2025-08-11 18:03:47.027895,21970.01,36.689,40.46,17,59,22.703,22.961
2025-08-11 18:03:57.023412,21980.0,37.012,41.523,17,59,22.8,23.025
2025-08-11 18:04:07.032240,21990.01,37.302,41.878,17,59,22.735,22.961
2025-08-11 18:04:17.088238,22000.01,37.721,42.877,17,93,22.639,23.025
2025-08-11 18:04:27.026387,22010.01,37.914,43.167,17,93,22.671,23.09
2025-08-11 18:04:37.024032,22020.0,38.301,43.328,17,93,22.735,23.025
2025-08-11 18:04:47.020873,22030.01,38.655,44.005,17,93,22.832,23.09
2025-08-11 18:04:57.031949,22040.01,39.106,44.939,17,93,22.735,23.09
2025-08-11 18:05:07.015591,22050.01,39.525,46.454,17,93,22.8,22.929
2025-08-11 18:05:17.029970,22060.01,39.88,47.421,17,93,22.8,22.993
2025-08-11 18:05:27.023002,22070.01,40.041,48.194,17,93,22.703,23.09
2025-08-11 18:05:37.033324,22080.01,40.396,48.742,17,93,22.606,23.058
2025-08-11 18:05:47.017867,22090.01,40.847,49.935,17,93,22.639,23.09
2025-08-11 18:05:57.029498,22100.01,41.104,49.773,17,93,22.735,23.154
2025-08-11 18:06:07.012158,22110.0,41.362,50.579,17,93,22.671,23.058
2025-08-11 18:06:17.022122,22120.01,41.717,51.868,17,93,22.671,22.993
2025-08-11 18:06:27.019666,22130.01,42.039,52.416,17,93,22.735,23.122
2025-08-11 18:06:37.016638,22140.01,42.49,52.835,17,93,22.703,23.09
2025-08-11 18:06:47.027221,22150.0,42.716,53.898,17,93,22.8,23.122
2025-08-11 18:06:57.037380,22160.01,42.877,54.35,17,93,22.735,23.154
2025-08-11 18:07:07.035209,22170.01,43.36,54.962,17,93,22.8,23.154
2025-08-11 18:07:17.019215,22180.0,43.554,55.445,17,93,22.768,23.122
2025-08-11 18:07:27.028677,22190.0,43.973,55.413,17,93,22.703,23.09
2025-08-11 18:07:37.026497,22200.01,44.005,55.929,17,93,22.8,23.154
2025-08-11 18:07:47.023799,22210.0,44.327,56.154,17,93,22.832,23.122
2025-08-11 18:07:57.088747,22220.01,44.778,56.734,17,58,22.832,23.154
2025-08-11 18:08:07.032241,22230.01,45.036,57.024,17,58,22.768,23.154
2025-08-11 18:08:17.028170,22240.01,45.101,56.896,17,58,22.768,23.122
2025-08-11 18:08:27.025635,22250.0,45.294,56.799,17,58,22.832,23.154
2025-08-11 18:08:37.036788,22260.01,45.197,56.219,17,58,22.8,23.154
2025-08-11 18:08:47.033340,22270.01,45.455,56.315,17,58,22.832,23.154
2025-08-11 18:08:57.020054,22280.01,45.487,55.993,17,58,22.8,23.154
2025-08-11 18:09:07.027943,22290.01,45.874,55.768,17,58,22.832,23.154
2025-08-11 18:09:17.025069,22300.01,45.874,55.026,17,58,22.832,23.154
2025-08-11 18:09:27.022357,22310.0,45.874,54.704,17,58,22.832,23.122
2025-08-11 18:09:37.019692,22320.01,45.681,54.801,17,58,22.8,23.154
2025-08-11 18:09:47.016909,22330.0,45.777,54.575,17,58,22.832,23.154
2025-08-11 18:09:57.027343,22340.01,45.81,54.124,17,58,22.8,23.122
2025-08-11 18:10:07.024824,22350.01,45.842,53.544,17,58,22.832,23.122
2025-08-11 18:10:17.022516,22360.0,45.745,53.673,17,58,22.8,23.154
2025-08-11 18:10:27.032406,22370.01,45.938,53.286,17,58,22.832,23.154
2025-08-11 18:10:37.016714,22380.0,45.874,53.157,17,58,22.832,23.122
2025-08-11 18:10:47.027560,22390.01,45.745,53.351,17,58,22.832,23.154
2025-08-11 18:10:57.092946,22400.01,45.842,52.642,35,58,22.832,23.09
2025-08-11 18:11:07.034004,22410.01,45.938,52.964,35,58,22.8,23.154
2025-08-11 18:11:17.032019,22420.01,46.164,52.706,35,58,22.832,23.154
2025-08-11 18:11:27.029043,22430.01,46.39,52.48,35,58,22.8,23.154
2025-08-11 18:11:37.026384,22440.01,46.68,52.352,35,58,22.768,23.09
2025-08-11 18:11:47.023415,22450.01,46.873,52.48,35,58,22.8,23.154
2025-08-11 18:11:57.021231,22460.01,47.389,52.899,35,58,22.8,23.154
2025-08-11 18:12:07.030857,22470.01,47.904,52.223,35,58,22.8,23.09
2025-08-11 18:12:17.027998,22480.01,48.227,52.255,35,58,22.768,23.09
2025-08-11 18:12:27.025757,22490.01,48.678,52.738,35,58,22.735,23.154
2025-08-11 18:12:37.011303,22500.0,49.032,52.545,35,58,22.8,23.058
2025-08-11 18:12:47.020512,22510.0,49.387,52.642,35,58,22.8,22.993
2025-08-11 18:12:57.030782,22520.01,49.741,52.062,35,58,22.735,23.025
2025-08-11 18:13:07.028159,22530.01,50.063,52.867,35,58,22.8,23.09
2025-08-11 18:13:17.025412,22540.01,50.579,52.609,35,58,22.8,23.025
2025-08-11 18:13:27.022711,22550.01,51.03,52.899,35,58,22.768,23.09
2025-08-11 18:13:37.020188,22560.01,51.353,53.222,35,58,22.735,23.09
2025-08-11 18:13:47.017965,22570.01,51.771,53.093,35,58,22.832,23.154
2025-08-11 18:13:57.027679,22580.01,52.029,53.222,35,58,22.8,23.122
2025-08-11 18:14:07.025190,22590.01,52.287,52.964,35,58,22.832,23.154
2025-08-11 18:14:17.022288,22600.01,52.448,52.964,35,58,22.832,23.154
2025-08-11 18:14:27.019784,22610.0,52.609,53.157,35,58,22.8,23.154
2025-08-11 18:14:37.016203,22620.01,52.674,53.125,35,58,22.768,23.154
2025-08-11 18:14:47.013468,22630.01,52.835,52.835,35,58,22.671,23.154
2025-08-11 18:14:57.023908,22640.01,52.996,52.964,35,58,22.832,23.154
2025-08-11 18:15:07.021411,22650.01,53.222,53.447,35,58,22.8,23.154
2025-08-11 18:15:17.018812,22660.0,53.383,53.157,35,58,22.832,23.122
2025-08-11 18:15:27.028521,22670.01,53.544,53.254,35,58,22.639,23.154
2025-08-11 18:15:37.026155,22680.01,53.898,53.608,35,58,22.703,23.154
2025-08-11 18:15:47.010228,22690.0,53.963,53.254,35,58,22.832,23.154
2025-08-11 18:15:57.088163,22700.01,54.092,53.77,59,58,22.832,23.154
2025-08-11 18:16:07.017239,22710.01,54.027,53.512,59,58,22.832,23.154
2025-08-11 18:16:17.014929,22720.01,54.543,53.834,59,58,22.832,23.154
2025-08-11 18:16:27.011711,22730.0,54.962,53.705,59,58,22.8,23.154
2025-08-11 18:16:37.035933,22740.01,55.671,53.544,59,58,22.832,23.154
2025-08-11 18:16:47.019809,22750.01,56.412,53.737,59,58,22.832,23.154
2025-08-11 18:16:57.030446,22760.01,57.25,53.802,59,58,22.832,23.154
2025-08-11 18:17:07.027386,22770.01,58.056,54.479,59,58,22.832,23.154
2025-08-11 18:17:17.016282,22780.0,58.442,54.06,59,58,22.832,23.154
2025-08-11 18:17:27.022108,22790.01,59.151,54.543,59,58,22.832,23.154
2025-08-11 18:17:37.020077,22800.01,59.925,54.994,59,58,22.832,23.154
2025-08-11 18:17:47.075744,22810.01,60.537,54.672,59,2,22.832,23.154
2025-08-11 18:17:57.014546,22820.01,61.085,54.769,59,2,22.832,23.154
2025-08-11 18:18:07.024609,22830.01,61.665,54.736,59,2,22.832,23.154
2025-08-11 18:18:17.034883,22840.01,62.084,54.446,59,2,22.832,23.154
2025-08-11 18:18:27.032126,22850.01,62.535,53.673,59,2,22.832,23.154
2025-08-11 18:18:37.029406,22860.01,62.729,53.447,59,2,22.832,23.154
2025-08-11 18:18:47.026272,22870.01,63.309,52.642,59,2,22.832,23.154
2025-08-11 18:18:57.024913,22880.01,63.373,52.094,59,2,22.832,23.154
2025-08-11 18:19:07.021013,22890.01,63.824,51.449,59,2,22.832,23.154
2025-08-11 18:19:17.018540,22900.01,63.889,51.03,59,2,22.832,23.154
2025-08-11 18:19:27.015384,22910.01,64.082,50.386,59,2,22.832,23.154
2025-08-11 18:19:37.012653,22920.01,64.308,49.677,59,2,22.832,23.154
2025-08-11 18:19:47.022787,22930.01,64.501,49.161,59,2,22.832,23.154
2025-08-11 18:19:57.019769,22940.01,64.501,48.613,59,2,22.832,23.154
2025-08-11 18:20:07.030354,22950.01,64.565,48.259,59,2,22.832,23.154
2025-08-11 18:20:17.028246,22960.01,64.759,47.711,59,2,22.832,23.154
2025-08-11 18:20:27.025192,22970.01,64.662,47.518,59,2,22.832,23.154
2025-08-11 18:20:37.035523,22980.01,64.694,47.034,59,2,22.832,23.154
2025-08-11 18:20:47.019971,22990.01,64.598,46.841,59,2,22.832,23.154
2025-08-11 18:20:57.019745,23000.01,64.759,46.615,59,2,22.832,23.154
2025-08-11 18:21:07.014629,23010.01,64.791,46.293,59,2,22.832,23.154
2025-08-11 18:21:17.091370,23020.01,65.146,46.615,59,96,22.832,23.154
2025-08-11 18:21:27.021309,23030.0,65.339,46.744,59,96,22.832,23.154
2025-08-11 18:21:37.018582,23040.01,65.049,46.744,59,96,22.832,23.154
2025-08-11 18:21:47.029280,23050.01,65.371,47.937,59,96,22.832,23.154
2025-08-11 18:21:57.026965,23060.01,65.113,48.162,59,96,22.832,23.154
2025-08-11 18:22:07.017370,23070.0,65.5,49.902,59,96,22.832,23.154
2025-08-11 18:22:17.006692,23079.99,65.629,51.191,59,96,22.832,23.154
2025-08-11 18:22:27.073382,23090.01,65.726,52.771,48,96,22.832,23.154
2025-08-11 18:22:37.007389,23100.0,65.532,53.222,48,96,22.832,23.154
2025-08-11 18:22:47.029869,23110.01,65.887,55.188,48,96,22.832,23.154
2025-08-11 18:22:57.026227,23120.01,65.951,56.315,48,96,22.832,23.154
2025-08-11 18:23:07.023232,23130.01,66.048,57.121,48,96,22.832,23.154
2025-08-11 18:23:17.020751,23140.01,66.241,58.475,48,96,22.832,23.154
2025-08-11 18:23:27.030453,23150.01,65.983,59.28,48,96,22.832,23.154
2025-08-11 18:23:37.086302,23160.01,65.854,59.893,48,79,22.832,23.154
2025-08-11 18:23:47.025406,23170.01,66.209,61.149,48,79,22.832,23.154
2025-08-11 18:23:57.022405,23180.01,66.048,61.729,48,79,22.832,23.154
2025-08-11 18:24:07.020607,23190.01,66.112,61.375,48,79,22.832,23.154
2025-08-11 18:24:17.024223,23200.01,65.983,62.181,48,79,22.832,23.154
2025-08-11 18:24:27.027275,23210.01,66.145,62.245,48,79,22.832,23.154
2025-08-11 18:24:37.024206,23220.01,66.112,62.857,48,79,22.832,23.154
2025-08-11 18:24:47.021162,23230.01,66.177,63.147,48,79,22.832,23.154
2025-08-11 18:24:57.031358,23240.01,66.37,63.405,48,79,22.832,23.154
2025-08-11 18:25:07.019782,23250.01,66.016,62.729,48,79,22.832,23.154
2025-08-11 18:25:17.025781,23260.01,66.209,63.824,48,79,22.864,23.219
2025-08-11 18:25:27.023075,23270.01,66.145,63.889,48,79,22.832,23.154
2025-08-11 18:25:37.019897,23280.01,65.983,63.76,48,79,22.832,23.154
2025-08-11 18:25:47.030370,23290.01,65.854,63.889,48,79,22.832,23.187
2025-08-11 18:25:57.027723,23300.01,66.112,64.211,48,79,22.832,23.154
2025-08-11 18:26:07.017099,23310.0,66.145,64.179,48,79,22.832,23.154
2025-08-11 18:26:17.021922,23320.01,66.273,64.146,48,79,22.832,23.154
2025-08-11 18:26:27.018935,23330.01,65.822,63.856,48,79,22.832,23.187
2025-08-11 18:26:37.029464,23340.01,65.854,64.05,48,79,22.832,23.251
2025-08-11 18:26:47.026899,23350.01,65.854,64.437,48,79,22.864,23.187
2025-08-11 18:26:57.024493,23360.0,65.661,63.856,48,79,22.864,23.187
2025-08-11 18:27:07.081897,23370.01,65.726,64.082,8,79,22.832,23.154
2025-08-11 18:27:17.023297,23380.01,65.854,64.275,8,79,22.864,23.187
2025-08-11 18:27:27.028750,23390.01,65.371,63.921,8,79,22.832,23.187
2025-08-11 18:27:37.026325,23400.01,64.533,64.146,8,79,22.832,23.187
2025-08-11 18:27:47.023779,23410.01,63.921,63.921,8,79,22.864,23.219
2025-08-11 18:27:57.020700,23420.0,63.147,64.243,8,79,22.961,23.283
2025-08-11 18:28:07.018285,23430.0,61.858,63.728,8,79,22.929,23.219
2025-08-11 18:28:17.028620,23440.01,60.924,64.114,8,79,22.961,23.283
2025-08-11 18:28:27.016235,23450.0,60.118,64.211,8,79,22.864,23.315
2025-08-11 18:28:37.010539,23460.0,59.313,64.308,8,79,23.09,23.38
2025-08-11 18:28:47.076424,23470.0,58.41,63.889,49,79,23.09,23.477
2025-08-11 18:28:57.076538,23480.0,57.508,63.631,49,49,23.09,23.412
2025-08-11 18:29:07.015053,23490.0,57.218,63.373,49,49,23.154,23.477
2025-08-11 18:29:17.025225,23500.01,57.121,62.857,49,49,23.122,23.477
2025-08-11 18:29:27.022230,23510.01,57.25,62.535,49,49,23.122,23.477
2025-08-11 18:29:37.032707,23520.01,57.443,61.697,49,49,23.154,23.477
2025-08-11 18:29:47.031547,23530.01,57.83,61.697,49,49,23.154,23.477
2025-08-11 18:29:57.027201,23540.01,57.991,60.473,49,49,23.154,23.477
2025-08-11 18:30:07.024330,23550.01,58.539,60.408,49,49,23.154,23.477
2025-08-11 18:30:17.022051,23560.01,58.797,60.279,49,49,23.154,23.412
2025-08-11 18:30:27.019185,23570.01,59.055,59.699,49,49,23.154,23.477
2025-08-11 18:30:37.018546,23580.0,59.731,59.474,49,49,23.154,23.477
2025-08-11 18:30:47.026721,23590.01,59.957,58.958,49,49,23.154,23.477
2025-08-11 18:30:57.013811,23600.01,60.118,57.959,49,49,23.154,23.477
2025-08-11 18:31:07.020400,23610.01,60.44,57.701,49,49,23.154,23.477
2025-08-11 18:31:17.030895,23620.01,60.924,57.121,49,49,23.154,23.477
2025-08-11 18:31:27.027537,23630.01,61.214,57.282,49,49,23.154,23.477
2025-08-11 18:31:37.026199,23640.01,61.246,56.638,49,49,23.154,23.477
2025-08-11 18:31:47.022369,23650.01,61.633,56.541,49,49,23.154,23.477
2025-08-11 18:31:57.021360,23660.01,61.697,56.477,49,49,23.122,23.477
2025-08-11 18:32:07.085363,23670.0,62.02,56.122,94,49,23.154,23.444
2025-08-11 18:32:17.013503,23680.0,62.471,56.315,94,49,23.154,23.477
2025-08-11 18:32:27.011475,23690.0,62.922,56.283,94,49,23.154,23.477
2025-08-11 18:32:37.020800,23700.01,63.985,56.187,94,49,23.154,23.477
2025-08-11 18:32:47.017575,23710.01,65.146,56.154,94,49,23.122,23.444
2025-08-11 18:32:57.027871,23720.01,66.145,55.929,94,49,23.154,23.477
2025-08-11 18:33:07.025006,23730.01,67.53,56.702,94,49,23.122,23.477
2025-08-11 18:33:17.022500,23740.01,68.884,56.509,94,49,23.154,23.477
2025-08-11 18:33:27.019177,23750.01,70.205,56.96,94,49,23.154,23.477
2025-08-11 18:33:37.016990,23760.01,71.397,57.024,94,49,23.154,23.477
2025-08-11 18:33:47.027065,23770.01,72.783,57.637,94,49,23.154,23.477
2025-08-11 18:33:57.025024,23780.01,74.04,57.701,94,49,23.154,23.477
2025-08-11 18:34:07.021441,23790.0,74.975,57.83,94,49,23.154,23.477
2025-08-11 18:34:17.034710,23800.01,76.038,58.217,94,49,23.154,23.477
2025-08-11 18:34:27.028123,23810.01,76.973,58.571,94,49,23.154,23.477
2025-08-11 18:34:37.012489,23820.0,77.939,58.99,94,49,23.154,23.477
2025-08-11 18:34:47.025106,23830.01,78.777,58.668,94,49,23.154,23.477
2025-08-11 18:34:57.019693,23840.01,79.68,59.377,94,49,23.154,23.477
2025-08-11 18:35:07.032238,23850.01,80.324,59.506,94,49,23.154,23.477
2025-08-11 18:35:17.033295,23860.01,81.065,59.119,94,49,23.154,23.477
2025-08-11 18:35:27.015844,23870.0,81.549,59.699,94,49,23.154,23.477
2025-08-11 18:35:37.008556,23880.0,82.226,60.021,94,49,23.154,23.477
2025-08-11 18:35:47.018964,23890.01,82.645,59.796,94,49,23.154,23.477
2025-08-11 18:35:57.084009,23900.0,83.225,60.086,94,57,23.154,23.477
2025-08-11 18:36:07.027037,23910.01,83.805,60.956,94,57,23.154,23.477
2025-08-11 18:36:17.023681,23920.01,84.288,61.407,94,57,23.154,23.477
2025-08-11 18:36:27.021904,23930.01,84.449,60.795,94,57,23.154,23.477
2025-08-11 18:36:37.017983,23940.01,84.933,61.794,94,57,23.154,23.477
2025-08-11 18:36:47.030106,23950.01,85.448,62.052,94,57,23.154,23.477
2025-08-11 18:36:57.082809,23960.0,85.416,61.697,47,57,23.154,23.477
2025-08-11 18:37:07.024230,23970.01,85.738,62.567,47,57,23.154,23.477
2025-08-11 18:37:17.021189,23980.01,85.706,62.696,47,57,23.154,23.477
2025-08-11 18:37:27.017550,23990.01,84.804,62.986,47,57,23.154,23.477
2025-08-11 18:37:37.028215,24000.01,84.127,62.729,47,57,23.154,23.477
2025-08-11 18:37:47.025242,24010.01,83.289,63.309,47,57,23.154,23.477
2025-08-11 18:37:57.022756,24020.0,82.161,63.244,47,57,23.154,23.477
2025-08-11 18:38:07.019181,24030.01,81.227,63.212,47,57,23.187,23.477
2025-08-11 18:38:17.094564,24040.01,80.002,62.793,47,26,23.154,23.477
2025-08-11 18:38:27.029712,24050.01,79.196,63.051,47,26,23.154,23.477
2025-08-11 18:38:37.024003,24060.01,78.229,62.503,47,26,23.154,23.477
2025-08-11 18:38:47.020450,24070.01,77.488,61.987,47,26,23.154,23.477
2025-08-11 18:38:57.037955,24080.01,76.457,61.601,47,26,23.154,23.477
2025-08-11 18:39:07.028253,24090.01,75.684,60.795,47,26,23.154,23.573
2025-08-11 18:39:17.025977,24100.01,75.104,60.408,47,26,23.154,23.573
2025-08-11 18:39:27.022811,24110.01,74.169,59.345,47,26,23.219,23.67
2025-08-11 18:39:37.020114,24120.0,73.234,58.926,47,26,23.154,23.573
2025-08-11 18:39:47.030029,24130.01,72.654,58.475,47,26,23.187,23.573
2025-08-11 18:39:57.027732,24140.01,71.784,57.54,47,26,23.219,23.638
2025-08-11 18:40:07.025042,24150.01,71.075,57.314,47,26,23.187,23.509
2025-08-11 18:40:17.022355,24160.01,70.56,56.734,47,26,23.154,23.509
2025-08-11 18:40:27.020583,24170.01,70.076,56.219,47,26,23.154,23.509
2025-08-11 18:40:37.016925,24180.01,69.432,55.896,47,26,23.154,23.509
2025-08-11 18:40:47.014933,24190.01,69.045,55.252,47,26,23.251,23.541
2025-08-11 18:40:57.025218,24200.01,68.562,55.22,47,26,23.187,23.541
2025-08-11 18:41:07.022137,24210.01,68.175,54.479,47,26,23.154,23.509
2025-08-11 18:41:17.031461,24220.01,67.917,54.382,47,26,23.154,23.477
2025-08-11 18:41:27.016525,24230.01,67.466,54.124,47,26,23.187,23.605
2025-08-11 18:41:37.028679,24240.01,67.047,53.705,47,26,23.154,23.541
2025-08-11 18:41:47.024174,24250.01,66.821,53.125,47,26,23.154,23.573
2025-08-11 18:41:57.033327,24260.01,66.596,52.996,47,26,23.154,23.573
2025-08-11 18:42:07.019997,24270.01,66.016,52.771,47,26,23.219,23.605
2025-08-11 18:42:17.019406,24280.01,65.822,52.352,47,26,23.219,23.638
2025-08-11 18:42:27.025385,24290.01,65.564,51.997,47,26,23.251,23.702
2025-08-11 18:42:37.023263,24300.01,65.5,51.997,47,26,23.219,23.702
2025-08-11 18:42:47.081746,24310.0,64.984,51.61,33,26,23.219,23.573
2025-08-11 18:42:57.017397,24320.01,64.727,51.578,33,26,23.154,23.605
2025-08-11 18:43:07.015308,24330.01,64.372,51.127,33,26,23.315,23.767
2025-08-11 18:43:17.025074,24340.01,63.953,50.934,33,26,23.315,23.702
2025-08-11 18:43:27.009385,24350.0,63.405,50.644,33,26,23.38,23.734
2025-08-11 18:43:37.020238,24360.01,62.986,50.354,33,26,23.38,23.767
2025-08-11 18:43:47.017107,24370.01,62.406,50.386,33,26,23.283,23.638
2025-08-11 18:43:57.014477,24380.0,62.084,50.289,33,26,23.219,23.638
2025-08-11 18:44:07.024776,24390.01,61.375,50.128,33,26,23.315,23.734
2025-08-11 18:44:17.022442,24400.01,60.956,49.612,33,26,23.315,23.799
2025-08-11 18:44:27.019208,24410.01,60.602,49.709,33,26,23.283,23.702
2025-08-11 18:44:37.029553,24420.01,60.054,49.483,33,26,23.251,23.605
2025-08-11 18:44:47.026868,24430.01,59.603,49.064,33,26,23.315,23.734
2025-08-11 18:44:57.011497,24440.0,59.119,49.161,33,26,23.38,23.67
2025-08-11 18:45:07.021415,24450.01,58.765,49.064,33,26,23.412,23.767
2025-08-11 18:45:17.022111,24460.01,58.378,48.581,33,26,23.412,23.799
2025-08-11 18:45:27.028868,24470.01,58.056,48.678,33,26,23.38,23.799
2025-08-11 18:45:37.026229,24480.01,57.798,48.065,33,26,23.412,23.767
2025-08-11 18:45:47.010562,24490.0,57.604,47.937,33,26,23.477,23.734
2025-08-11 18:45:57.020697,24500.01,57.282,48.065,33,26,23.444,23.799
2025-08-11 18:46:07.018026,24510.0,56.992,47.453,33,26,23.348,23.734
2025-08-11 18:46:17.028856,24520.01,56.896,47.614,33,26,23.444,23.799
2025-08-11 18:46:27.099894,24530.01,56.509,47.389,33,52,23.315,23.767
2025-08-11 18:46:37.023277,24540.01,56.509,47.872,33,52,23.38,23.767
2025-08-11 18:46:47.020569,24550.01,55.993,47.808,33,52,23.38,23.734
2025-08-11 18:46:57.019757,24560.01,55.832,47.582,33,52,23.412,23.799
2025-08-11 18:47:07.027299,24570.01,55.671,47.743,33,52,23.412,23.767
2025-08-11 18:47:17.024514,24580.01,55.606,48.227,33,52,23.477,23.67
2025-08-11 18:47:27.010495,24590.0,55.574,48.162,33,52,23.412,23.767
2025-08-11 18:47:37.019398,24600.01,55.284,48.646,33,52,23.38,23.799
2025-08-11 18:47:47.029481,24610.01,55.059,48.355,33,52,23.444,23.734
2025-08-11 18:47:57.046061,24620.03,55.059,49.129,33,52,23.412,23.799
2025-08-11 18:48:07.028123,24630.02,55.091,49.29,33,52,23.477,23.799
2025-08-11 18:48:17.030032,24640.01,54.93,49.322,33,52,23.412,23.799
2025-08-11 18:48:27.017423,24650.0,54.833,49.612,33,52,23.38,23.734
2025-08-11 18:48:37.016658,24660.01,54.962,49.612,33,52,23.412,23.734
2025-08-11 18:48:47.027749,24670.01,54.865,49.967,33,52,23.444,23.799
2025-08-11 18:48:57.025900,24680.0,54.801,50.386,33,52,23.444,23.767
2025-08-11 18:49:07.022493,24690.0,54.962,50.676,33,52,23.444,23.799
2025-08-11 18:49:17.020394,24700.0,54.897,50.869,33,52,23.412,23.799
2025-08-11 18:49:27.020846,24710.0,54.704,50.676,33,52,23.444,23.799
2025-08-11 18:49:37.027752,24720.01,54.704,50.708,33,52,23.38,23.799
2025-08-11 18:49:47.025155,24730.01,54.801,51.256,33,52,23.477,23.799
2025-08-11 18:49:57.022512,24740.01,54.672,51.32,33,52,23.477,23.799
2025-08-11 18:50:07.019897,24750.01,54.511,51.256,33,52,23.477,23.767
2025-08-11 18:50:17.018337,24760.0,54.736,51.224,33,52,23.38,23.799
2025-08-11 18:50:27.014348,24770.01,54.672,51.449,33,52,23.444,23.799
2025-08-11 18:50:37.025280,24780.01,54.704,51.546,33,52,23.477,23.799
2025-08-11 18:50:47.034862,24790.01,54.704,51.997,33,52,23.477,23.799
2025-08-11 18:50:57.032387,24800.01,54.897,51.868,33,52,23.477,23.767
2025-08-11 18:51:07.029997,24810.01,54.769,52.223,33,52,23.348,23.799
2025-08-11 18:51:17.027825,24820.01,54.93,51.771,33,52,23.444,23.799
2025-08-11 18:51:27.023902,24830.01,54.962,52.384,33,52,23.477,23.799
2025-08-11 18:51:37.021213,24840.01,54.897,52.19,33,52,23.477,23.799
2025-08-11 18:51:47.007417,24850.0,55.188,52.416,33,52,23.477,23.799
2025-08-11 18:51:57.028885,24860.01,55.026,51.933,33,52,23.477,23.799
2025-08-11 18:52:07.026120,24870.01,55.091,52.287,33,52,23.477,23.799
2025-08-11 18:52:17.171315,24880.01,55.026,52.158,44,2,23.477,23.799
2025-08-11 18:52:27.007847,24890.0,54.93,52.062,44,2,23.477,23.799
2025-08-11 18:52:37.018579,24900.01,54.93,51.804,44,2,23.444,23.799
2025-08-11 18:52:47.015959,24910.01,55.22,51.417,44,2,23.477,23.799
2025-08-11 18:52:57.025982,24920.01,55.542,50.515,44,2,23.444,23.799
2025-08-11 18:53:07.023677,24930.01,55.832,49.967,44,2,23.38,23.799
2025-08-11 18:53:17.033804,24940.01,55.896,49.226,44,2,23.477,23.799
2025-08-11 18:53:27.018475,24950.0,56.219,48.549,44,2,23.477,23.799
2025-08-11 18:53:37.015641,24960.0,56.315,47.84,44,2,23.477,23.799
2025-08-11 18:53:47.026105,24970.01,56.444,47.195,44,2,23.477,23.799
2025-08-11 18:53:57.023621,24980.01,56.541,46.712,44,2,23.477,23.799
2025-08-11 18:54:07.021484,24990.01,56.638,46.1,44,2,23.477,23.799
2025-08-11 18:54:17.031545,25000.01,56.734,45.52,44,2,23.477,23.799
2025-08-11 18:54:27.027931,25010.01,56.863,45.133,44,2,23.477,23.799
2025-08-11 18:54:37.024962,25020.01,57.057,44.553,44,2,23.477,23.799
2025-08-11 18:54:47.022937,25030.01,57.121,44.198,44,2,23.477,23.799
2025-08-11 18:54:57.019344,25040.01,57.089,43.844,44,2,23.477,23.799
2025-08-11 18:55:07.021842,25050.0,57.121,43.296,44,2,23.477,23.799
2025-08-11 18:55:17.027196,25060.01,57.089,43.167,44,2,23.477,23.799
2025-08-11 18:55:27.024124,25070.01,57.153,42.877,44,2,23.477,23.799
2025-08-11 18:55:37.021817,25080.01,57.186,42.394,44,2,23.477,23.799
2025-08-11 18:55:47.018755,25090.0,57.186,42.168,44,2,23.477,23.799
2025-08-11 18:55:57.096928,25100.01,57.604,42.619,44,83,23.477,23.799
2025-08-11 18:56:07.026899,25110.01,57.411,42.587,44,83,23.477,23.799
2025-08-11 18:56:17.023966,25120.01,57.604,42.748,44,83,23.477,23.799
2025-08-11 18:56:27.034921,25130.01,57.443,42.813,44,83,23.477,23.799
2025-08-11 18:56:37.019903,25140.0,57.604,44.23,44,83,23.477,23.799
2025-08-11 18:56:47.028736,25150.01,57.604,44.939,44,83,23.477,23.799
2025-08-11 18:56:57.026577,25160.01,57.733,45.938,44,83,23.477,23.799
2025-08-11 18:57:07.013041,25170.0,57.83,46.97,44,83,23.477,23.799
2025-08-11 18:57:17.010500,25180.0,58.281,48.646,44,83,23.509,23.799
2025-08-11 18:57:27.018436,25190.01,58.378,49.612,44,83,23.477,23.799
2025-08-11 18:57:37.015672,25200.01,58.539,50.708,44,83,23.477,23.799
2025-08-11 18:57:47.025945,25210.01,58.861,51.739,44,83,23.477,23.799
2025-08-11 18:57:57.010025,25220.0,58.99,52.706,44,83,23.477,23.799
2025-08-11 18:58:07.011339,25230.0,59.248,52.964,44,83,23.477,23.799
2025-08-11 18:58:17.017392,25240.01,59.184,53.512,44,83,23.477,23.799
2025-08-11 18:58:27.028042,25250.01,59.57,54.672,44,83,23.477,23.799
2025-08-11 18:58:37.025992,25260.01,59.731,54.897,44,83,23.477,23.831
2025-08-11 18:58:47.022945,25270.01,60.15,56.154,44,83,23.477,23.831
2025-08-11 18:58:57.020095,25280.01,60.344,56.541,44,83,23.477,23.799
2025-08-11 18:59:07.017723,25290.0,60.569,57.282,44,83,23.509,23.799
2025-08-11 18:59:17.015068,25300.0,60.795,57.766,44,83,23.477,23.799
2025-08-11 18:59:27.012200,25310.0,61.053,58.152,44,83,23.477,23.863
2025-08-11 18:59:37.009923,25320.0,61.246,58.249,44,83,23.477,23.799
2025-08-11 18:59:47.020134,25330.01,61.601,59.474,44,83,23.477,23.799
2025-08-11 18:59:57.017059,25340.01,61.794,59.86,44,83,23.509,23.799
2025-08-11 19:00:07.014845,25350.0,61.826,59.699,44,83,23.477,23.831
2025-08-11 19:00:17.081537,25360.01,62.277,60.602,44,90,23.477,23.831
2025-08-11 19:00:27.023094,25370.01,62.438,60.988,44,90,23.573,23.928
2025-08-11 19:00:37.020620,25380.01,62.503,61.182,44,90,23.477,23.928
2025-08-11 19:00:47.089245,25390.01,62.567,61.053,14,90,23.477,23.896
2025-08-11 19:00:57.028586,25400.01,62.729,61.891,14,90,23.509,23.96
2025-08-11 19:01:07.026135,25410.0,62.6,62.567,14,90,23.477,23.96
2025-08-11 19:01:17.086588,25420.01,62.084,62.277,14,55,23.477,23.831
2025-08-11 19:01:27.021436,25430.01,61.568,62.6,14,55,23.509,23.863
2025-08-11 19:01:37.032488,25440.01,61.021,62.213,14,55,23.509,24.089
2025-08-11 19:01:47.029368,25450.01,60.344,62.052,14,55,23.541,24.057
2025-08-11 19:01:57.017675,25460.01,59.699,62.116,14,55,23.573,24.121
2025-08-11 19:02:07.024128,25470.01,59.087,61.729,14,55,23.638,24.024
2025-08-11 19:02:17.022790,25480.01,58.088,60.763,14,55,23.605,24.089
2025-08-11 19:02:27.031900,25490.01,57.701,60.634,14,55,23.541,24.089
2025-08-11 19:02:37.030048,25500.01,57.186,60.118,14,55,23.605,24.024
2025-08-11 19:02:47.014213,25510.01,56.09,59.055,14,55,23.638,23.96
2025-08-11 19:02:57.024525,25520.01,55.542,59.151,14,55,23.541,24.057
2025-08-11 19:03:07.022695,25530.01,55.155,58.797,14,55,23.541,24.121
2025-08-11 19:03:17.019049,25540.01,54.64,58.378,14,55,23.509,24.024
2025-08-11 19:03:27.029679,25550.01,53.834,57.637,14,55,23.509,23.928
2025-08-11 19:03:37.014302,25560.01,53.254,57.347,14,55,23.541,23.992
2025-08-11 19:03:47.024108,25570.01,53.028,57.121,14,55,23.509,24.024
2025-08-11 19:03:57.021544,25580.01,52.384,56.638,14,55,23.509,24.089
2025-08-11 19:04:07.031698,25590.01,51.965,56.251,14,55,23.702,24.057
2025-08-11 19:04:17.016903,25600.0,51.256,55.671,14,55,23.67,23.992
2025-08-11 19:04:27.014238,25610.0,50.998,55.123,14,55,23.509,23.928
2025-08-11 19:04:37.012203,25620.01,50.547,55.703,14,55,23.605,24.024
2025-08-11 19:04:47.023455,25630.01,50.16,54.801,14,55,23.638,23.896
2025-08-11 19:04:57.100307,25640.01,49.548,54.479,14,10,23.509,23.831
2025-08-11 19:05:07.030389,25650.01,49.387,54.124,14,10,23.605,23.928
2025-08-11 19:05:17.015658,25660.01,49.032,53.737,14,10,23.541,23.896
2025-08-11 19:05:27.012925,25670.0,48.646,53.061,14,10,23.477,23.863
2025-08-11 19:05:37.023930,25680.01,48.227,51.9,14,10,23.477,23.96
2025-08-11 19:05:47.034716,25690.01,47.937,51.03,14,10,23.509,23.863
2025-08-11 19:05:57.032008,25700.01,47.743,50.289,14,10,23.477,23.928
2025-08-11 19:06:07.029325,25710.01,47.356,49.419,14,10,23.509,23.896
2025-08-11 19:06:17.026927,25720.01,47.099,48.581,14,10,23.509,23.928
2025-08-11 19:06:27.024799,25730.01,46.744,47.808,14,10,23.573,23.928
2025-08-11 19:06:37.093824,25740.01,46.551,47.26,67,10,23.509,23.896
2025-08-11 19:06:47.019229,25750.01,46.39,46.551,67,10,23.509,23.896
2025-08-11 19:06:57.030651,25760.01,46.454,45.842,67,10,23.605,23.831
2025-08-11 19:07:07.028684,25770.01,47.131,45.004,67,10,23.573,23.96
2025-08-11 19:07:17.024903,25780.01,47.969,44.682,67,10,23.477,23.799
2025-08-11 19:07:27.034946,25790.01,48.968,44.295,67,10,23.477,23.831
2025-08-11 19:07:37.032003,25800.01,50.128,44.198,67,10,23.509,23.799
2025-08-11 19:07:47.030193,25810.01,51.32,43.973,67,10,23.477,23.896
2025-08-11 19:07:57.027286,25820.01,52.513,43.489,67,10,23.541,23.863
2025-08-11 19:08:07.024552,25830.01,53.512,43.36,67,10,23.509,23.831
2025-08-11 19:08:17.022213,25840.01,54.511,43.199,67,10,23.477,23.799
2025-08-11 19:08:27.032333,25850.01,55.381,43.07,67,10,23.477,23.799
2025-08-11 19:08:37.029495,25860.01,56.412,43.07,67,10,23.477,23.799
2025-08-11 19:08:47.014085,25870.0,57.572,43.103,67,10,23.477,23.799
2025-08-11 19:08:57.088886,25880.01,58.217,43.554,67,28,23.477,23.799
2025-08-11 19:09:07.021783,25890.01,59.151,43.586,67,28,23.477,23.799
2025-08-11 19:09:17.020009,25900.01,59.925,43.94,67,28,23.477,23.799
2025-08-11 19:09:27.016043,25910.01,60.666,43.973,67,28,23.477,23.799
2025-08-11 19:09:37.033792,25920.02,61.536,44.295,67,28,23.477,23.799
2025-08-11 19:09:47.026064,25930.02,62.084,44.778,67,28,23.477,23.799
2025-08-11 19:09:57.028103,25940.0,62.729,45.326,67,28,23.477,23.799
2025-08-11 19:10:07.027737,25950.01,63.115,45.938,67,28,23.477,23.799
2025-08-11 19:10:17.026205,25960.01,63.502,46.422,67,28,23.477,23.799
2025-08-11 19:10:27.024009,25970.01,64.114,46.68,67,28,23.477,23.799
2025-08-11 19:10:37.022908,25980.01,64.565,46.97,67,28,23.477,23.799
2025-08-11 19:10:47.019437,25990.01,65.178,47.324,67,28,23.477,23.799
2025-08-11 19:10:57.093823,26000.01,65.822,48.388,67,66,23.477,23.799
2025-08-11 19:11:07.032008,26010.01,66.209,48.549,67,66,23.477,23.799
2025-08-11 19:11:17.030845,26020.01,66.757,49.097,67,66,23.477,23.799
2025-08-11 19:11:27.022485,26030.01,67.047,49.161,67,66,23.477,23.799
2025-08-11 19:11:37.020278,26040.01,67.434,49.999,67,66,23.477,23.799
2025-08-11 19:11:47.017722,26050.01,67.756,51.288,67,66,23.477,23.799
2025-08-11 19:11:57.027963,26060.01,68.175,52.062,67,66,23.477,23.799
2025-08-11 19:12:07.025521,26070.01,68.304,52.996,67,66,23.477,23.799
2025-08-11 19:12:17.022712,26080.01,68.465,53.254,67,66,23.477,23.799
2025-08-11 19:12:27.021493,26090.01,68.755,53.705,67,66,23.477,23.799
2025-08-11 19:12:37.030497,26100.01,69.045,54.317,67,66,23.477,23.799
2025-08-11 19:12:47.027927,26110.01,69.367,55.896,67,66,23.477,23.799
2025-08-11 19:12:57.012168,26120.01,69.561,55.832,67,66,23.477,23.799
2025-08-11 19:13:07.023237,26130.01,69.528,56.799,67,66,23.477,23.799
2025-08-11 19:13:17.022526,26140.01,70.173,57.54,67,66,23.477,23.799
2025-08-11 19:13:27.084863,26150.01,70.463,58.41,73,66,23.444,23.799
2025-08-11 19:13:37.028058,26160.01,70.85,58.507,73,66,23.477,23.799
2025-08-11 19:13:47.025446,26170.01,70.979,58.99,73,66,23.477,23.799
2025-08-11 19:13:57.022532,26180.01,71.107,58.732,73,66,23.477,23.799
2025-08-11 19:14:07.081610,26190.01,71.849,59.893,73,77,23.477,23.799
2025-08-11 19:14:17.021896,26200.01,72.268,60.021,73,77,23.477,23.799
2025-08-11 19:14:27.032596,26210.01,72.654,61.149,73,77,23.477,23.799
2025-08-11 19:14:37.026161,26220.01,73.331,61.729,73,77,23.477,23.799
2025-08-11 19:14:47.023665,26230.01,73.589,61.697,73,77,23.477,23.799
2025-08-11 19:14:57.020130,26240.01,73.943,62.277,73,77,23.477,23.799
2025-08-11 19:15:07.019982,26250.0,74.33,62.438,73,77,23.477,23.799
2025-08-11 19:15:17.034184,26260.01,74.846,63.019,73,77,23.477,23.799
2025-08-11 19:15:27.024824,26270.01,75.104,63.76,73,77,23.477,23.799
2025-08-11 19:15:37.022736,26280.01,75.394,63.953,73,77,23.477,23.799
2025-08-11 19:15:47.020350,26290.0,76.006,64.598,73,77,23.477,23.799
2025-08-11 19:15:57.033076,26300.01,76.07,65.274,73,77,23.477,23.799
2025-08-11 19:16:07.027390,26310.01,76.103,65.178,73,77,23.477,23.799
2025-08-11 19:16:17.025530,26320.01,76.715,65.661,73,77,23.477,23.799
2025-08-11 19:16:27.022917,26330.01,76.779,66.338,73,77,23.477,23.799
2025-08-11 19:16:37.020550,26340.0,77.295,66.628,73,77,23.477,23.799
2025-08-11 19:16:47.017864,26350.0,77.521,66.37,73,77,23.477,23.799
2025-08-11 19:16:57.015285,26360.01,77.617,66.435,73,77,23.477,23.799
2025-08-11 19:17:07.018393,26370.01,77.714,67.144,73,77,23.477,23.799
2025-08-11 19:17:17.022502,26380.01,78.004,67.434,73,77,23.477,23.799
2025-08-11 19:17:27.020322,26390.01,78.133,67.724,73,77,23.477,23.799
2025-08-11 19:17:37.034064,26400.01,78.004,67.691,73,77,23.477,23.799
2025-08-11 19:17:47.027770,26410.01,78.455,68.11,73,77,23.477,23.831
2025-08-11 19:17:57.025732,26420.01,78.487,68.304,73,77,23.509,23.799
2025-08-11 19:18:07.022679,26430.01,78.713,68.562,73,77,23.477,23.831
2025-08-11 19:18:17.019712,26440.01,78.681,68.11,73,77,23.477,23.799
2025-08-11 19:18:27.017415,26450.01,79.035,68.658,73,77,23.477,23.799
2025-08-11 19:18:37.027545,26460.01,78.971,69.174,73,77,23.477,23.799
2025-08-11 19:18:47.025160,26470.01,79.229,68.755,73,77,23.477,23.799
2025-08-11 19:18:57.021619,26480.01,79.422,68.819,73,77,23.477,23.799
2025-08-11 19:19:07.019584,26490.01,79.583,69.528,73,77,23.477,23.799
2025-08-11 19:19:17.019650,26500.01,79.325,69.496,73,77,23.477,23.831
2025-08-11 19:19:27.026716,26510.01,79.551,69.367,73,77,23.477,23.831
2025-08-11 19:19:37.024735,26520.01,79.647,69.335,73,77,23.477,23.831
2025-08-11 19:19:47.022322,26530.01,79.809,69.657,73,77,23.477,23.831
2025-08-11 19:19:57.020995,26540.01,79.809,69.851,73,77,23.477,23.799
2025-08-11 19:20:07.028930,26550.01,79.744,69.722,73,77,23.477,23.799
2025-08-11 19:20:17.013956,26560.01,79.809,69.657,73,77,23.477,23.799
2025-08-11 19:20:27.023851,26570.0,79.938,69.754,73,77,23.477,23.831
2025-08-11 19:20:37.021939,26580.0,79.905,70.302,73,77,23.509,23.799
2025-08-11 19:20:47.020896,26590.01,79.938,69.979,73,77,23.477,23.831
2025-08-11 19:20:57.087979,26600.01,79.938,69.625,10,77,23.509,23.831
2025-08-11 19:21:07.014681,26610.0,79.744,69.657,10,77,23.477,23.799
2025-08-11 19:21:17.025101,26620.01,78.906,69.657,10,77,23.477,23.799
2025-08-11 19:21:27.021674,26630.0,78.229,70.205,10,77,23.509,23.831
2025-08-11 19:21:37.032520,26640.01,76.747,70.302,10,77,23.477,23.831
2025-08-11 19:21:47.017734,26650.01,75.522,70.044,10,77,23.509,23.831
2025-08-11 19:21:57.027232,26660.01,73.492,68.98,10,77,23.509,23.863
2025-08-11 19:22:07.024252,26670.01,72.139,69.399,10,77,23.477,23.863
2025-08-11 19:22:17.021973,26680.01,70.817,69.271,10,77,23.477,23.831
2025-08-11 19:22:27.019287,26690.0,69.464,68.98,10,77,23.509,23.799
2025-08-11 19:22:37.029291,26700.01,67.885,68.529,10,77,23.734,23.896
2025-08-11 19:22:47.020089,26710.01,66.725,68.433,10,77,23.509,24.024
2025-08-11 19:22:57.025622,26720.01,65.307,67.853,10,77,23.509,23.928
2025-08-11 19:23:07.022847,26730.0,63.953,66.725,10,77,23.67,23.928
2025-08-11 19:23:17.020498,26740.01,62.954,67.24,10,77,23.573,24.024
2025-08-11 19:23:27.103789,26750.01,61.665,66.402,10,92,23.541,23.928
2025-08-11 19:23:37.027620,26760.01,60.827,66.563,10,92,23.734,24.024
2025-08-11 19:23:47.025925,26770.01,59.828,65.983,10,92,23.734,24.024
2025-08-11 19:23:57.022857,26780.01,58.894,66.241,10,92,23.702,24.121
2025-08-11 19:24:07.020208,26790.01,58.152,66.273,10,92,23.734,24.121
2025-08-11 19:24:17.030070,26800.01,57.508,65.307,10,92,23.767,24.121
2025-08-11 19:24:27.014678,26810.0,56.863,65.661,10,92,23.734,24.121
2025-08-11 19:24:37.025428,26820.01,56.09,65.693,10,92,23.767,24.121
2025-08-11 19:24:47.091438,26830.01,55.639,65.822,23,92,23.734,24.121
2025-08-11 19:24:57.019327,26840.01,55.316,65.919,23,92,23.767,24.121
2025-08-11 19:25:07.017604,26850.01,54.704,65.178,23,92,23.799,24.121
2025-08-11 19:25:17.026849,26860.01,54.221,64.855,23,92,23.799,24.121
2025-08-11 19:25:27.024225,26870.01,54.446,65.822,23,92,23.799,24.121
2025-08-11 19:25:37.021812,26880.0,54.414,65.629,23,92,23.734,24.121
2025-08-11 19:25:47.018538,26890.0,54.188,65.564,23,92,23.605,24.121
2025-08-11 19:25:57.021712,26900.0,53.898,64.952,23,92,23.799,24.121
2025-08-11 19:26:07.026773,26910.01,53.931,64.598,23,92,23.799,24.121
2025-08-11 19:26:17.011969,26920.0,54.06,65.597,23,92,23.799,24.121
2025-08-11 19:26:27.023557,26930.01,54.156,65.661,23,92,23.799,24.121
2025-08-11 19:26:37.025919,26940.01,54.027,65.242,23,92,23.799,24.121
2025-08-11 19:26:47.015924,26950.01,54.124,64.694,23,92,23.799,24.153
2025-08-11 19:26:57.014499,26960.0,54.382,64.823,23,92,23.799,24.121
2025-08-11 19:27:07.023126,26970.01,54.285,64.63,23,92,23.799,24.121
2025-08-11 19:27:17.023799,26980.0,54.511,65.274,23,92,23.799,24.121
2025-08-11 19:27:27.030704,26990.01,54.511,65.371,23,92,23.799,24.121
2025-08-11 19:27:37.028449,27000.01,54.285,64.759,23,92,23.799,24.153
2025-08-11 19:27:47.012770,27010.0,54.543,65.339,23,92,23.799,24.121
2025-08-11 19:27:57.022753,27020.0,54.414,65.307,23,92,23.799,24.153
2025-08-11 19:28:07.020336,27030.01,54.317,64.469,23,92,23.799,24.121
2025-08-11 19:28:17.018475,27040.0,54.511,64.372,23,92,23.799,24.153
2025-08-11 19:28:27.013719,27050.0,54.607,64.662,23,92,23.799,24.121
2025-08-11 19:28:37.010378,27060.0,54.769,65.436,23,92,23.799,24.121
2025-08-11 19:28:47.019844,27070.01,54.575,64.855,23,92,23.799,24.153
2025-08-11 19:28:57.016082,27080.0,54.479,64.952,23,92,23.799,24.218
2025-08-11 19:29:07.026214,27090.01,54.672,64.63,23,92,23.799,24.153
2025-08-11 19:29:17.023052,27100.01,54.575,64.92,23,92,23.799,24.153
2025-08-11 19:29:27.021779,27110.01,54.543,64.662,23,92,23.799,24.153
2025-08-11 19:29:37.020388,27120.01,54.672,64.146,23,92,23.799,24.153
2025-08-11 19:29:47.017764,27130.01,54.93,65.21,23,92,23.831,24.25
2025-08-11 19:29:57.023492,27140.0,54.897,64.92,23,92,23.799,24.153
2025-08-11 19:30:07.073799,27150.0,54.704,64.243,23,3,23.799,24.218
2025-08-11 19:30:17.017832,27160.0,54.736,64.018,23,3,23.831,24.218
2025-08-11 19:30:27.028285,27170.01,54.769,63.47,23,3,23.831,24.282
2025-08-11 19:30:37.014509,27180.01,54.64,62.503,23,3,23.863,24.347
2025-08-11 19:30:47.022259,27190.01,54.479,61.182,23,3,23.896,24.379
2025-08-11 19:30:57.019717,27200.01,54.511,59.893,23,3,23.831,24.379
2025-08-11 19:31:07.016930,27210.0,54.188,58.378,23,3,23.799,24.379
2025-08-11 19:31:17.028819,27220.01,54.092,57.057,23,3,23.896,24.379
2025-08-11 19:31:27.020759,27230.0,53.77,55.768,23,3,24.024,24.411
2025-08-11 19:31:37.022892,27240.01,53.576,54.446,23,3,23.896,24.411
2025-08-11 19:31:47.020749,27250.0,53.157,53.351,23,3,23.863,24.379
2025-08-11 19:31:57.020406,27260.01,52.867,52.158,23,3,23.896,24.347
2025-08-11 19:32:07.014743,27270.01,52.545,51.224,23,3,23.896,24.314
2025-08-11 19:32:17.025202,27280.01,52.19,50.031,23,3,23.992,24.379
2025-08-11 19:32:27.022313,27290.01,51.868,49.064,23,3,23.799,24.218
2025-08-11 19:32:37.021667,27300.01,51.514,48.388,23,3,23.799,24.25
2025-08-11 19:32:47.015989,27310.0,51.03,47.614,23,3,23.799,24.314
2025-08-11 19:32:57.026400,27320.01,50.611,46.809,23,3,23.831,24.282
2025-08-11 19:33:07.086293,27330.01,50.418,46.1,23,56,23.96,24.153
2025-08-11 19:33:17.032276,27340.01,50.289,45.81,23,56,23.992,24.218
2025-08-11 19:33:27.030130,27350.01,49.967,45.842,23,56,23.799,24.186
2025-08-11 19:33:37.027366,27360.01,49.612,45.938,23,56,23.928,24.186
2025-08-11 19:33:47.024449,27370.01,49.483,45.938,23,56,23.831,24.153
2025-08-11 19:33:57.021760,27380.0,49.451,45.777,23,56,23.831,24.121
2025-08-11 19:34:07.020256,27390.0,49.258,46.293,23,56,23.831,24.121
2025-08-11 19:34:17.018193,27400.0,49.193,46.97,23,56,23.799,24.121
2025-08-11 19:34:27.013417,27410.0,49.064,47.228,23,56,23.799,24.121
2025-08-11 19:34:37.090398,27420.01,48.968,47.324,37,56,23.799,24.186
2025-08-11 19:34:47.021255,27430.0,48.742,47.743,37,56,23.799,24.121
2025-08-11 19:34:57.018650,27440.0,49.032,48.355,37,56,23.863,24.121
2025-08-11 19:35:07.028915,27450.01,49.193,48.71,37,56,23.799,24.121
2025-08-11 19:35:17.098404,27460.01,49.516,49.516,37,83,23.799,24.121
2025-08-11 19:35:27.010756,27470.0,49.87,49.741,37,83,23.831,24.121
2025-08-11 19:35:37.020817,27480.01,50.096,49.451,37,83,23.799,24.121
2025-08-11 19:35:47.018494,27490.01,50.321,50.482,37,83,23.831,24.121
2025-08-11 19:35:57.023921,27500.01,50.901,50.837,37,83,23.799,24.121
2025-08-11 19:36:07.025474,27510.01,51.481,52.19,37,83,23.799,24.121
2025-08-11 19:36:17.024041,27520.01,51.707,52.609,37,83,23.799,24.121
2025-08-11 19:36:27.020345,27530.01,51.965,53.189,37,83,23.799,24.121
2025-08-11 19:36:37.030114,27540.01,52.352,53.834,37,83,23.799,24.121
2025-08-11 19:36:47.027463,27550.01,52.803,54.607,37,83,23.799,24.121
2025-08-11 19:36:57.024533,27560.01,53.189,55.316,37,83,23.799,24.121
2025-08-11 19:37:07.022161,27570.01,53.512,55.478,37,83,23.799,24.121
2025-08-11 19:37:17.031827,27580.01,53.963,56.38,37,83,23.799,24.121
2025-08-11 19:37:27.017528,27590.0,53.931,56.67,37,83,23.799,24.121
2025-08-11 19:37:37.027415,27600.01,54.414,57.186,37,83,23.799,24.121
2025-08-11 19:37:47.024048,27610.01,54.672,57.572,37,83,23.799,24.121
2025-08-11 19:37:57.022650,27620.01,54.962,57.476,37,83,23.799,24.121
2025-08-11 19:38:07.018867,27630.01,55.478,58.088,37,83,23.799,24.121
2025-08-11 19:38:17.029697,27640.01,55.703,58.41,37,83,23.767,24.121
2025-08-11 19:38:27.026642,27650.01,56.187,59.28,37,83,23.799,24.121
2025-08-11 19:38:37.011425,27660.0,56.412,59.731,37,83,23.799,24.121
2025-08-11 19:38:47.021176,27670.01,56.702,60.473,37,83,23.799,24.121
2025-08-11 19:38:57.085231,27680.01,57.121,60.376,37,81,23.799,24.121
2025-08-11 19:39:07.015383,27690.01,57.314,60.021,37,81,23.799,24.121
2025-08-11 19:39:17.025468,27700.01,57.637,61.021,37,81,23.799,24.121
2025-08-11 19:39:27.024034,27710.01,57.895,61.407,37,81,23.799,24.121
2025-08-11 19:39:37.020230,27720.01,58.12,61.697,37,81,23.799,24.121
2025-08-11 19:39:47.017912,27730.01,58.41,61.891,37,81,23.767,24.121
2025-08-11 19:39:57.002131,27740.0,58.636,61.923,37,81,23.799,24.153
2025-08-11 19:40:07.012389,27750.01,58.732,62.213,37,81,23.799,24.121
2025-08-11 19:40:17.023243,27760.0,59.087,61.987,37,81,23.799,24.121
2025-08-11 19:40:27.095288,27770.01,58.958,62.148,32,81,23.799,24.121
2025-08-11 19:40:37.029743,27780.01,59.055,62.02,32,81,23.799,24.153
2025-08-11 19:40:47.026944,27790.01,59.345,61.987,32,81,23.799,24.153
2025-08-11 19:40:57.024573,27800.01,59.345,62.213,32,81,23.799,24.153
2025-08-11 19:41:07.022356,27810.01,59.409,61.987,32,81,23.799,24.153
2025-08-11 19:41:17.019000,27820.0,59.377,62.406,32,81,23.799,24.25
2025-08-11 19:41:27.016321,27830.01,59.474,61.568,32,81,23.799,24.121
2025-08-11 19:41:37.013376,27840.0,59.57,62.277,32,81,23.799,24.218
2025-08-11 19:41:47.022758,27850.01,59.441,62.438,32,81,23.799,24.282
2025-08-11 19:41:57.032325,27860.01,59.313,62.471,32,81,23.799,24.25
2025-08-11 19:42:07.028955,27870.01,59.313,62.503,32,81,23.799,24.186
2025-08-11 19:42:17.026128,27880.01,58.99,61.826,32,81,23.799,24.347
2025-08-11 19:42:27.023131,27890.01,59.087,62.245,32,81,23.799,24.218
2025-08-11 19:42:37.021560,27900.01,59.119,62.406,32,81,23.799,24.218
2025-08-11 19:42:47.016505,27910.0,58.894,62.181,32,81,23.799,24.25
2025-08-11 19:42:57.014882,27920.01,58.861,61.858,32,81,23.831,24.186
2025-08-11 19:43:07.023135,27930.0,58.894,62.567,32,81,23.799,24.121
2025-08-11 19:43:17.032643,27940.01,58.829,62.535,32,81,23.799,24.218
2025-08-11 19:43:27.016895,27950.0,58.378,62.181,32,81,23.831,24.153
2025-08-11 19:43:37.028159,27960.01,58.442,62.406,32,81,23.863,24.218
2025-08-11 19:43:47.012099,27970.0,58.668,63.083,32,81,23.831,24.121
2025-08-11 19:43:57.090812,27980.01,58.861,63.341,32,96,23.799,24.186
2025-08-11 19:44:07.018921,27990.01,58.732,63.534,32,96,23.863,24.186
2025-08-11 19:44:17.029386,28000.01,58.765,63.824,32,96,23.863,24.153
2025-08-11 19:44:27.025764,28010.01,58.958,63.728,32,96,23.799,24.186
2025-08-11 19:44:37.023294,28020.01,58.636,63.921,32,96,23.863,24.218
2025-08-11 19:44:47.020344,28030.01,58.636,63.502,32,96,23.799,24.121
2025-08-11 19:44:57.017755,28040.0,58.797,64.211,32,96,23.799,24.282
2025-08-11 19:45:07.018202,28050.01,58.861,64.565,32,96,23.799,24.218
2025-08-11 19:45:17.026028,28060.01,58.958,64.533,32,96,23.799,24.153
2025-08-11 19:45:27.009015,28070.0,58.894,64.823,32,96,23.799,24.218
2025-08-11 19:45:37.018264,28080.01,58.99,65.5,32,96,23.831,24.218
2025-08-11 19:45:47.015422,28090.0,59.022,65.629,32,96,23.863,24.218
2025-08-11 19:45:57.012363,28100.01,59.022,66.016,32,96,23.831,24.25
2025-08-11 19:46:07.022767,28110.01,59.248,65.758,32,96,23.928,24.282
2025-08-11 19:46:17.033751,28120.01,59.313,66.435,32,96,24.089,24.347
2025-08-11 19:46:27.017705,28130.0,59.28,66.499,32,96,23.96,24.379
2025-08-11 19:46:37.091111,28140.01,59.119,65.597,32,29,24.057,24.379
2025-08-11 19:46:47.025343,28150.01,59.248,65.951,32,29,24.057,24.443
2025-08-11 19:46:57.009985,28160.0,59.216,65.339,32,29,24.057,24.411
2025-08-11 19:47:07.007481,28170.0,59.313,64.855,32,29,24.089,24.379
2025-08-11 19:47:17.017951,28180.01,59.248,63.889,32,29,24.089,24.443
2025-08-11 19:47:27.015191,28190.01,59.055,63.341,32,29,24.121,24.443
2025-08-11 19:47:37.025836,28200.01,59.119,62.277,32,29,24.089,24.443
2025-08-11 19:47:47.009322,28210.01,59.055,61.214,32,29,23.863,24.411
2025-08-11 19:47:57.019868,28220.01,58.861,60.15,32,29,24.121,24.443
2025-08-11 19:48:07.030207,28230.01,58.797,59.022,32,29,24.121,24.443
2025-08-11 19:48:17.028000,28240.01,58.475,58.507,32,29,24.089,24.443
2025-08-11 19:48:27.024780,28250.01,58.442,57.54,32,29,24.089,24.443
2025-08-11 19:48:37.023196,28260.0,58.185,56.702,32,29,24.121,24.443
2025-08-11 19:48:47.019673,28270.01,58.185,56.154,32,29,24.121,24.443
2025-08-11 19:48:57.018791,28280.01,57.83,55.574,32,29,24.121,24.443
2025-08-11 19:49:07.013880,28290.01,57.733,54.704,32,29,24.121,24.443
2025-08-11 19:49:17.025064,28300.01,57.411,54.092,32,29,24.121,24.443
2025-08-11 19:49:27.008780,28310.0,57.121,53.705,32,29,24.121,24.443
2025-08-11 19:49:37.019286,28320.01,56.992,53.254,32,29,24.121,24.411
2025-08-11 19:49:47.029652,28330.01,56.541,52.513,32,29,24.089,24.411
2025-08-11 19:49:57.025657,28340.01,56.283,52.094,32,29,24.089,24.443
2025-08-11 19:50:07.091727,28350.01,56.219,51.965,52,29,24.057,24.282
2025-08-11 19:50:17.021450,28360.01,55.993,51.417,52,29,23.928,24.218
2025-08-11 19:50:27.018050,28370.01,56.058,51.256,52,29,23.896,24.25
2025-08-11 19:50:37.027376,28380.01,56.251,50.837,52,29,23.799,24.186
2025-08-11 19:50:47.027434,28390.01,56.605,51.063,52,29,23.992,24.282
2025-08-11 19:50:57.021647,28400.01,56.896,50.418,52,29,24.057,24.347
2025-08-11 19:51:07.018930,28410.01,57.314,50.547,52,29,23.896,24.347
2025-08-11 19:51:17.029793,28420.01,57.572,50.16,52,29,23.896,24.314
2025-08-11 19:51:27.013889,28430.0,57.895,50.225,52,29,23.928,24.218
2025-08-11 19:51:37.025197,28440.01,58.152,50.257,52,29,23.928,24.121
2025-08-11 19:51:47.020636,28450.01,58.636,50.096,52,29,23.831,24.121
2025-08-11 19:51:57.031924,28460.01,58.926,49.773,52,29,23.992,24.186
2025-08-11 19:52:07.014471,28470.01,59.151,49.902,52,29,23.831,24.153
2025-08-11 19:52:17.015603,28480.01,59.538,49.902,52,29,23.863,24.121
2025-08-11 19:52:27.022238,28490.01,59.925,49.773,52,29,23.863,24.153
2025-08-11 19:52:37.019033,28500.01,60.021,49.806,52,29,23.799,24.218
2025-08-11 19:52:47.016601,28510.01,60.183,49.902,52,29,23.896,24.153
2025-08-11 19:52:57.031101,28520.01,60.44,49.645,52,29,23.799,24.218
2025-08-11 19:53:07.024737,28530.01,60.698,49.999,52,29,23.896,24.153
2025-08-11 19:53:17.097754,28540.02,61.149,49.741,52,25,23.799,24.121
2025-08-11 19:53:27.018900,28550.01,61.375,49.645,52,25,23.799,24.153
2025-08-11 19:53:37.016554,28560.0,61.504,49.709,52,25,23.799,24.153
2025-08-11 19:53:47.025490,28570.01,61.858,49.806,52,25,23.863,24.186
2025-08-11 19:53:57.022592,28580.01,61.987,49.677,52,25,23.831,24.153
2025-08-11 19:54:07.019243,28590.01,62.148,49.29,52,25,23.863,24.218
2025-08-11 19:54:17.017017,28600.0,62.438,49.451,52,25,23.863,24.25
2025-08-11 19:54:27.025704,28610.01,62.696,49.419,52,25,23.831,24.314
2025-08-11 19:54:37.023344,28620.0,62.857,49.226,52,25,23.928,24.347
2025-08-11 19:54:47.020412,28630.01,62.793,48.936,52,25,23.928,24.379
2025-08-11 19:54:57.018137,28640.01,62.954,49.161,52,25,23.96,24.347
2025-08-11 19:55:07.014865,28650.0,63.051,48.968,52,25,23.928,24.347
2025-08-11 19:55:17.012415,28660.0,63.051,48.807,52,25,24.024,24.411
2025-08-11 19:55:27.022755,28670.01,63.115,48.549,52,25,23.928,24.314
2025-08-11 19:55:37.020236,28680.01,63.244,48.968,52,25,23.896,24.347
2025-08-11 19:55:47.017560,28690.01,63.244,49.032,52,25,23.863,24.282
2025-08-11 19:55:57.015254,28700.0,63.438,49.161,52,25,23.992,24.347
2025-08-11 19:56:07.025264,28710.01,63.534,48.871,52,25,23.928,24.282
2025-08-11 19:56:17.035611,28720.01,63.566,48.968,52,25,23.928,24.25
2025-08-11 19:56:27.033190,28730.01,63.631,48.807,52,25,24.024,24.314
2025-08-11 19:56:37.094033,28740.01,63.695,49.129,94,25,24.057,24.379
2025-08-11 19:56:47.027690,28750.01,63.953,49.161,94,25,23.992,24.347
2025-08-11 19:56:57.025993,28760.01,64.372,49.097,94,25,24.024,24.25
2025-08-11 19:57:07.022410,28770.01,65.339,49.193,94,25,24.057,24.347
2025-08-11 19:57:17.019831,28780.0,66.241,49.226,94,25,24.024,24.379
2025-08-11 19:57:27.029475,28790.01,67.015,49.226,94,25,23.928,24.186
2025-08-11 19:57:37.026180,28800.01,68.175,49.709,94,25,23.928,24.218
2025-08-11 19:57:47.023328,28810.01,69.206,49.806,94,25,24.024,24.347
2025-08-11 19:57:57.020912,28820.01,70.237,49.838,94,25,24.089,24.218
2025-08-11 19:58:07.030434,28830.01,71.236,50.128,94,25,24.024,24.25
2025-08-11 19:58:17.026962,28840.01,72.268,50.772,94,25,23.96,24.282
2025-08-11 19:58:27.015217,28850.01,73.331,50.837,94,25,23.896,24.186
2025-08-11 19:58:37.022498,28860.01,74.298,51.481,94,25,24.024,24.121
2025-08-11 19:58:47.031859,28870.01,75.394,51.707,94,25,23.96,24.282
2025-08-11 19:58:57.030241,28880.01,76.36,51.804,94,25,23.992,24.218
2025-08-11 19:59:07.020607,28890.01,77.166,52.029,94,25,23.928,24.218
2025-08-11 19:59:17.023091,28900.01,77.939,52.384,94,25,24.089,24.282
2025-08-11 19:59:27.019162,28910.01,78.842,52.577,94,25,23.799,24.314
2025-08-11 19:59:37.029969,28920.01,79.454,52.835,94,25,24.024,24.347
2025-08-11 19:59:47.027194,28930.0,79.97,52.867,94,25,24.024,24.347
2025-08-11 19:59:57.024410,28940.01,80.453,53.157,94,25,24.057,24.314
2025-08-11 20:00:07.022603,28950.01,81.227,53.318,94,25,24.057,24.443
2025-08-11 20:00:17.020169,28960.01,81.71,53.318,94,25,24.057,24.411
2025-08-11 20:00:27.029706,28970.01,82.322,53.737,94,25,24.121,24.443
2025-08-11 20:00:37.027879,28980.01,82.58,53.898,94,25,24.024,24.411
2025-08-11 20:00:47.024694,28990.01,82.741,54.317,94,25,24.089,24.411
2025-08-11 20:00:57.021893,29000.01,83.289,54.156,94,25,24.089,24.411
2025-08-11 20:01:07.019700,29010.01,83.482,54.607,94,25,24.089,24.379
2025-08-11 20:01:17.018957,29020.01,83.966,54.865,94,25,24.089,24.379
2025-08-11 20:01:27.027309,29030.01,84.353,55.123,94,25,24.057,24.347
2025-08-11 20:01:37.024709,29040.01,84.643,55.413,94,25,23.96,24.379
2025-08-11 20:01:47.022131,29050.01,84.836,55.445,94,25,23.96,24.282
2025-08-11 20:01:57.019497,29060.01,85.19,55.574,94,25,23.96,24.314
2025-08-11 20:02:07.017064,29070.0,85.416,55.574,94,25,23.928,24.25
2025-08-11 20:02:17.027150,29080.0,85.448,55.896,94,25,23.96,24.347
2025-08-11 20:02:27.095889,29090.01,85.706,56.38,94,16,24.024,24.379
2025-08-11 20:02:37.022131,29100.01,85.835,56.573,94,16,24.089,24.411
2025-08-11 20:02:47.023459,29110.01,86.222,56.702,94,16,24.024,24.314
2025-08-11 20:02:57.028922,29120.01,85.996,56.412,94,16,24.121,24.443
2025-08-11 20:03:07.021038,29130.01,86.061,56.67,94,16,23.992,24.411
2025-08-11 20:03:17.016326,29140.01,86.189,56.67,94,16,24.057,24.443
2025-08-11 20:03:27.024554,29150.0,86.479,56.638,94,16,23.928,24.379
2025-08-11 20:03:37.008175,29160.0,86.447,56.541,94,16,23.992,24.443
2025-08-11 20:03:47.022558,29170.01,86.737,56.573,94,16,24.024,24.411
2025-08-11 20:03:57.017304,29180.0,86.737,56.251,94,16,24.089,24.411
2025-08-11 20:04:07.012376,29190.0,86.77,56.38,94,16,24.024,24.411
2025-08-11 20:04:17.022934,29200.0,87.092,56.38,94,16,24.089,24.411
2025-08-11 20:04:27.020350,29210.01,87.188,56.315,94,16,23.992,24.411
2025-08-11 20:04:37.017921,29220.0,87.124,56.38,94,16,23.992,24.347
2025-08-11 20:04:47.015416,29230.0,87.092,56.412,94,16,23.96,24.314
2025-08-11 20:04:57.026128,29240.0,87.188,56.38,94,16,23.928,24.411
2025-08-11 20:05:07.074202,29250.01,86.834,56.219,94,4,23.896,24.25
2025-08-11 20:05:17.033088,29260.01,87.124,56.251,94,4,24.057,24.314
2025-08-11 20:05:27.029742,29270.01,87.06,56.219,94,4,23.896,24.186
2025-08-11 20:05:37.014243,29280.01,87.027,55.961,94,4,23.928,24.121
2025-08-11 20:05:47.011194,29290.0,87.253,55.768,94,4,23.96,24.153
2025-08-11 20:05:57.008488,29300.0,87.188,55.832,94,4,23.896,24.153
2025-08-11 20:06:07.018244,29310.01,87.221,55.768,94,4,23.831,24.153
2025-08-11 20:06:17.028264,29320.01,87.092,55.768,94,4,23.992,24.153
2025-08-11 20:06:27.089491,29330.01,87.156,55.252,43,4,23.896,24.121
2025-08-11 20:06:37.022757,29340.01,86.866,55.381,43,4,23.831,24.186
2025-08-11 20:06:47.032965,29350.01,86.512,55.123,43,4,23.799,24.153
2025-08-11 20:06:57.021821,29360.01,85.738,54.736,43,4,23.831,24.121
2025-08-11 20:07:07.027471,29370.01,84.385,54.382,43,4,23.831,24.218
2025-08-11 20:07:17.023805,29380.01,83.225,54.156,43,4,23.831,24.186
2025-08-11 20:07:27.033916,29390.01,81.968,53.576,43,4,23.799,24.218
2025-08-11 20:07:37.019187,29400.01,80.324,53.415,43,4,23.863,24.153
2025-08-11 20:07:47.017267,29410.01,79.1,53.286,43,4,23.799,24.121
2025-08-11 20:07:57.025674,29420.01,77.939,52.835,43,4,23.831,24.153
2025-08-11 20:08:07.024902,29430.01,76.521,52.48,43,4,23.799,24.25
2025-08-11 20:08:17.021294,29440.0,75.394,52.062,43,4,23.831,24.186
2025-08-11 20:08:27.016975,29450.01,74.201,51.578,43,4,23.831,24.153
2025-08-11 20:08:37.027709,29460.01,73.299,51.063,43,4,23.896,24.186
2025-08-11 20:08:47.024054,29470.01,72.3,50.676,43,4,23.799,24.153
2025-08-11 20:08:57.023141,29480.01,71.301,50.418,43,4,23.831,24.153
2025-08-11 20:09:07.018236,29490.01,70.463,49.677,43,4,23.96,24.25
2025-08-11 20:09:17.016066,29500.01,69.399,49.451,43,4,23.831,24.186
2025-08-11 20:09:27.024929,29510.01,68.755,48.742,43,4,23.863,24.282
2025-08-11 20:09:37.022415,29520.01,68.143,48.291,43,4,23.831,24.25
2025-08-11 20:09:47.023724,29530.01,67.434,48.162,43,4,24.057,24.411
2025-08-11 20:09:57.017634,29540.01,66.854,47.808,43,4,23.992,24.379
2025-08-11 20:10:07.101341,29550.01,66.531,47.518,100,4,24.024,24.411
2025-08-11 20:10:17.024790,29560.01,66.048,47.324,100,4,23.863,24.411
2025-08-11 20:10:27.008878,29570.0,66.145,46.938,100,4,24.121,24.314
2025-08-11 20:10:37.032017,29580.01,66.821,46.551,100,4,24.089,24.443
2025-08-11 20:10:47.016731,29590.0,67.595,46.357,100,4,24.121,24.379
2025-08-11 20:10:57.093145,29600.01,68.884,46.873,100,90,24.089,24.411
2025-08-11 20:11:07.024368,29610.01,70.012,46.647,100,90,24.057,24.379
2025-08-11 20:11:17.022136,29620.01,71.075,47.646,100,90,24.057,24.347
2025-08-11 20:11:27.019546,29630.0,72.268,48.517,100,90,24.121,24.347
2025-08-11 20:11:37.019601,29640.0,73.557,49.548,100,90,24.057,24.314
2025-08-11 20:11:47.014039,29650.0,74.362,50.16,100,90,24.121,24.314
2025-08-11 20:11:57.024558,29660.01,75.78,52.19,100,90,24.121,24.314
2025-08-11 20:12:07.021678,29670.0,76.812,53.415,100,90,24.089,24.25
2025-08-11 20:12:17.020358,29680.01,77.682,55.026,100,90,24.121,24.218
2025-08-11 20:12:27.028238,29690.01,78.938,56.541,100,90,24.121,24.121
2025-08-11 20:12:37.025071,29700.01,79.97,58.12,100,90,24.057,24.218
2025-08-11 20:12:47.021459,29710.01,80.904,58.604,100,90,24.121,24.282
2025-08-11 20:12:57.031107,29720.01,81.839,60.183,100,90,24.089,24.282
2025-08-11 20:13:07.015125,29730.01,82.87,61.504,100,90,24.057,24.347
2025-08-11 20:13:17.096270,29740.01,83.837,62.374,100,75,24.089,24.282
2025-08-11 20:13:27.026993,29750.01,84.868,63.695,100,75,23.992,24.218
2025-08-11 20:13:37.019056,29760.01,85.384,64.437,100,75,24.089,24.347
2025-08-11 20:13:47.016680,29770.0,86.061,64.791,100,75,24.089,24.347
2025-08-11 20:13:57.026697,29780.01,86.576,65.532,100,75,24.121,24.314
2025-08-11 20:14:07.024348,29790.01,87.35,66.499,100,75,23.96,24.379
2025-08-11 20:14:17.023247,29800.01,87.962,66.66,100,75,24.121,24.411
2025-08-11 20:14:27.018861,29810.01,88.478,66.982,100,75,24.121,24.443
2025-08-11 20:14:37.028743,29820.01,88.896,67.369,100,75,24.089,24.443
2025-08-11 20:14:47.025940,29830.01,89.38,67.885,100,75,24.057,24.411
2025-08-11 20:14:57.087046,29840.01,89.799,67.885,100,89,24.121,24.411
2025-08-11 20:15:07.034027,29850.01,90.411,68.787,100,89,24.121,24.443
2025-08-11 20:15:17.018702,29860.0,90.701,68.787,100,89,24.121,24.443
2025-08-11 20:15:27.027978,29870.01,91.12,69.754,100,89,24.121,24.443
2025-08-11 20:15:37.025478,29880.01,91.765,70.431,100,89,24.121,24.443
2025-08-11 20:15:47.023040,29890.01,91.797,70.656,100,89,24.121,24.443
2025-08-11 20:15:57.034856,29900.01,92.377,71.236,100,89,24.121,24.443
2025-08-11 20:16:07.017189,29910.0,92.506,70.688,100,89,24.089,24.443
2025-08-11 20:16:17.022380,29920.01,92.86,71.559,100,89,24.121,24.443
2025-08-11 20:16:27.012296,29930.0,93.15,72.622,100,89,24.121,24.443
2025-08-11 20:16:37.022398,29940.01,93.118,72.59,100,89,24.121,24.443
2025-08-11 20:16:47.019396,29950.01,93.569,73.299,100,89,24.121,24.443
2025-08-11 20:16:57.030294,29960.01,93.569,72.783,100,89,24.121,24.443
2025-08-11 20:17:07.027274,29970.01,93.924,73.653,100,89,24.121,24.443
2025-08-11 20:17:17.024808,29980.0,94.214,74.169,100,89,24.121,24.443
2025-08-11 20:17:27.022378,29990.0,94.504,74.201,100,89,24.121,24.443
2025-08-11 20:17:37.032374,30000.01,94.729,74.975,100,89,24.121,24.443
2025-08-11 20:17:47.030005,30010.01,94.858,74.846,100,89,24.121,24.443
2025-08-11 20:17:57.014077,30020.0,95.181,75.394,100,89,24.089,24.443
2025-08-11 20:18:07.023901,30030.01,95.535,75.619,100,89,24.121,24.443
2025-08-11 20:18:17.021459,30040.01,95.664,75.845,100,89,24.121,24.443
2025-08-11 20:18:26.904676,30049.89,95.632,75.941,100,89,24.121,24.443
2025-08-11 20:18:37.017117,30060.01,95.954,76.554,100,89,24.121,24.443
2025-08-11 20:18:47.027572,30070.01,96.18,76.715,100,89,24.121,24.443
2025-08-11 20:18:57.024966,30080.01,96.438,77.263,100,89,24.121,24.443
2025-08-11 20:19:07.021342,30090.01,96.502,77.424,100,89,24.121,24.443
2025-08-11 20:19:17.018719,30100.01,96.244,77.392,100,89,24.121,24.443
2025-08-11 20:19:27.015629,30110.01,96.438,77.263,100,89,24.121,24.443
2025-08-11 20:19:37.028910,30120.01,96.566,77.811,100,89,24.121,24.443
2025-08-11 20:19:47.092925,30130.01,96.438,77.005,90,89,24.121,24.443
2025-08-11 20:19:57.019385,30140.01,96.599,78.004,90,89,24.121,24.443
2025-08-11 20:20:07.016759,30150.0,96.824,78.101,90,89,24.121,24.443
2025-08-11 20:20:17.017027,30160.0,96.695,78.294,90,89,24.121,24.443
2025-08-11 20:20:27.023631,30170.01,96.373,78.165,90,89,24.121,24.443
2025-08-11 20:20:37.021950,30180.0,96.405,78.455,90,89,24.121,24.411
2025-08-11 20:20:47.017993,30190.01,96.405,78.584,90,89,24.121,24.443
2025-08-11 20:20:57.027929,30200.01,96.212,78.552,90,89,24.089,24.443
2025-08-11 20:21:07.029154,30210.01,95.922,78.777,90,89,24.121,24.443
2025-08-11 20:21:17.021800,30220.01,95.825,78.294,90,89,24.121,24.443
2025-08-11 20:21:27.018448,30230.0,95.729,79.261,90,89,24.121,24.443
2025-08-11 20:21:37.027940,30240.01,95.696,79.1,90,89,24.121,24.443
2025-08-11 20:21:47.012417,30250.0,95.245,78.938,90,89,24.121,24.443
2025-08-11 20:21:57.022704,30260.01,95.438,79.067,90,89,24.121,24.443
2025-08-11 20:22:07.018804,30270.01,95.245,79.035,90,89,24.121,24.443
2025-08-11 20:22:17.015508,30280.01,95.084,79.067,90,89,24.121,24.443
2025-08-11 20:22:27.012123,30290.0,94.987,79.035,90,89,24.121,24.443
2025-08-11 20:22:37.025395,30300.01,94.697,78.036,90,89,24.121,24.443
2025-08-11 20:22:47.089002,30310.01,94.311,78.133,52,89,24.121,24.443
2025-08-11 20:22:57.015892,30320.01,94.278,78.906,52,89,24.121,24.443
2025-08-11 20:23:07.017027,30330.01,93.763,78.81,52,89,24.121,24.443
2025-08-11 20:23:17.023802,30340.01,93.183,78.455,52,89,24.121,24.443
2025-08-11 20:23:27.090872,30350.01,92.119,77.553,52,31,24.121,24.443
2025-08-11 20:23:37.016930,30360.01,91.023,77.585,52,31,24.121,24.443
2025-08-11 20:23:47.014351,30370.01,89.863,77.23,52,31,24.121,24.443
2025-08-11 20:23:57.025472,30380.01,88.832,76.296,52,31,24.121,24.443
2025-08-11 20:24:07.023627,30390.01,87.704,75.394,52,31,24.121,24.443
2025-08-11 20:24:17.017736,30400.01,86.673,74.33,52,31,24.121,24.443
2025-08-11 20:24:27.027529,30410.01,85.674,73.105,52,31,24.121,24.443
2025-08-11 20:24:37.025810,30420.01,84.804,71.881,52,31,24.121,24.443
2025-08-11 20:24:47.022218,30430.0,83.611,71.14,52,31,24.121,24.443
2025-08-11 20:24:57.105604,30440.01,82.838,69.979,77,31,24.121,24.443
2025-08-11 20:25:07.028791,30450.01,81.903,69.077,77,31,24.121,24.443
2025-08-11 20:25:17.026129,30460.0,81.355,67.885,77,31,24.121,24.443
2025-08-11 20:25:27.025309,30470.0,81.001,66.982,77,31,24.121,24.443
2025-08-11 20:25:37.020301,30480.01,80.679,66.37,77,31,24.121,24.443
2025-08-11 20:25:47.030035,30490.01,80.646,65.758,77,31,24.121,24.443
2025-08-11 20:25:57.027115,30500.01,80.582,65.242,77,31,24.121,24.443
2025-08-11 20:26:07.098182,30510.01,80.55,64.243,66,31,24.121,24.443
2025-08-11 20:26:17.021305,30520.01,80.485,63.534,66,31,24.121,24.443
2025-08-11 20:26:27.017949,30530.01,80.518,63.051,66,31,24.121,24.443
2025-08-11 20:26:37.029438,30540.01,80.163,62.696,66,31,24.121,24.443
2025-08-11 20:26:47.025307,30550.01,79.905,62.406,66,31,24.121,24.443
2025-08-11 20:26:57.022560,30560.01,79.744,61.987,66,31,24.089,24.411
2025-08-11 20:27:07.022083,30570.01,79.583,61.826,66,31,24.089,24.443
2025-08-11 20:27:17.030389,30580.01,79.325,61.504,66,31,24.121,24.443
2025-08-11 20:27:27.019934,30590.01,79.132,61.021,66,31,24.121,24.443
2025-08-11 20:27:37.024015,30600.01,78.938,60.859,66,31,24.121,24.443
2025-08-11 20:27:47.020176,30610.0,78.745,60.376,66,31,24.057,24.443
2025-08-11 20:27:57.016799,30620.0,78.552,60.408,66,31,24.121,24.443
2025-08-11 20:28:07.014485,30630.0,78.391,59.635,66,31,24.121,24.443
2025-08-11 20:28:17.024272,30640.01,78.262,59.313,66,31,24.121,24.443
2025-08-11 20:28:27.008053,30650.0,77.875,59.087,66,31,24.121,24.443
2025-08-11 20:28:37.087622,30660.01,77.972,59.377,66,37,24.121,24.443
2025-08-11 20:28:47.015372,30670.0,77.746,59.087,66,37,24.121,24.443
2025-08-11 20:28:57.025490,30680.01,77.424,59.022,66,37,24.121,24.443
2025-08-11 20:29:07.022192,30690.01,77.424,59.022,66,37,24.121,24.443
2025-08-11 20:29:17.019728,30700.0,77.166,58.507,66,37,24.121,24.443
2025-08-11 20:29:27.016829,30710.0,77.198,58.571,66,37,24.121,24.443
2025-08-11 20:29:37.026430,30720.01,77.005,58.636,66,37,24.121,24.443
2025-08-11 20:29:47.023689,30730.01,76.908,58.249,66,37,24.121,24.443
2025-08-11 20:29:57.020635,30740.01,76.812,58.604,66,37,24.121,24.443
2025-08-11 20:30:07.077407,30750.01,76.457,58.023,9,37,24.121,24.443
2025-08-11 20:30:17.027841,30760.01,76.167,58.313,9,37,24.121,24.443
2025-08-11 20:30:27.025423,30770.01,75.458,58.313,9,37,24.121,24.443
2025-08-11 20:30:37.022222,30780.01,74.556,58.056,9,37,24.121,24.443
2025-08-11 20:30:47.032641,30790.01,73.267,58.152,9,37,24.121,24.443
2025-08-11 20:30:57.015282,30800.0,71.688,57.83,9,37,24.153,24.476
2025-08-11 20:31:07.012791,30810.0,70.173,57.54,9,37,24.121,24.476
2025-08-11 20:31:17.022104,30820.0,68.658,57.411,9,37,24.121,24.476
2025-08-11 20:31:27.032603,30830.01,67.079,56.799,9,37,24.121,24.443
2025-08-11 20:31:37.018853,30840.01,65.403,56.67,9,37,24.153,24.443
2025-08-11 20:31:47.018547,30850.01,63.792,56.251,9,37,24.121,24.443
2025-08-11 20:31:57.023271,30860.01,62.6,56.09,9,37,24.121,24.443
2025-08-11 20:32:07.020280,30870.01,61.246,55.445,9,37,24.121,24.476
2025-08-11 20:32:17.017021,30880.01,60.086,55.51,9,37,24.153,24.476
2025-08-11 20:32:27.014342,30890.0,58.7,54.93,9,37,24.121,24.443
2025-08-11 20:32:37.024056,30900.01,57.83,54.769,9,37,24.153,24.443
2025-08-11 20:32:47.021433,30910.01,56.734,53.834,9,37,24.121,24.443
2025-08-11 20:32:57.017965,30920.0,55.896,53.802,9,37,24.121,24.443
2025-08-11 20:33:07.032244,30930.01,54.801,53.447,9,37,24.121,24.476
2025-08-11 20:33:17.090899,30940.01,54.253,53.479,9,75,24.121,24.443
2025-08-11 20:33:27.022758,30950.01,53.383,53.286,9,75,24.121,24.443
2025-08-11 20:33:37.022116,30960.01,52.642,52.964,9,75,24.121,24.443
2025-08-11 20:33:47.020241,30970.0,51.965,52.545,9,75,24.121,24.443
2025-08-11 20:33:57.013642,30980.01,51.385,53.222,9,75,24.121,24.443
2025-08-11 20:34:07.024504,30990.01,50.676,53.318,9,75,24.121,24.443
2025-08-11 20:34:17.021509,31000.01,49.999,53.318,9,75,24.121,24.443
2025-08-11 20:34:27.031443,31010.01,49.741,53.189,9,75,24.121,24.443
2025-08-11 20:34:37.029915,31020.01,49.193,54.124,9,75,24.121,24.443
2025-08-11 20:34:47.025738,31030.01,48.871,54.575,9,75,24.121,24.443
2025-08-11 20:34:57.022192,31040.01,48.549,54.543,9,75,24.121,24.443
2025-08-11 20:35:07.019546,31050.0,48.194,54.736,9,75,24.121,24.443
2025-08-11 20:35:17.046135,31060.03,48.001,55.284,9,75,24.121,24.443
2025-08-11 20:35:27.029983,31070.02,47.84,54.962,9,75,24.121,24.443
2025-08-11 20:35:37.034247,31080.02,47.421,55.735,9,75,24.121,24.443
2025-08-11 20:35:47.022353,31090.01,47.421,56.283,9,75,24.186,24.443
2025-08-11 20:35:57.033269,31100.01,47.26,56.38,9,75,24.121,24.443
2025-08-11 20:36:07.031201,31110.01,47.195,56.025,9,75,24.121,24.443
2025-08-11 20:36:17.028607,31120.01,46.873,56.412,9,75,24.121,24.443
2025-08-11 20:36:27.012899,31130.0,46.776,56.444,9,75,24.186,24.443
2025-08-11 20:36:37.023692,31140.01,46.583,56.702,9,75,24.218,24.476
2025-08-11 20:36:47.020671,31150.01,46.647,56.573,9,75,24.153,24.508
2025-08-11 20:36:57.023081,31160.01,46.293,56.896,9,75,24.282,24.604
2025-08-11 20:37:07.028449,31170.01,46.196,56.412,9,75,24.186,24.637
2025-08-11 20:37:17.038301,31180.01,46.1,56.573,9,75,24.282,24.604
2025-08-11 20:37:27.035236,31190.01,45.938,57.314,9,75,24.282,24.572
2025-08-11 20:37:37.033540,31200.01,45.81,57.766,9,75,24.218,24.443
2025-08-11 20:37:47.029883,31210.01,45.745,57.895,9,75,24.314,24.572
2025-08-11 20:37:57.027348,31220.01,45.842,57.895,9,75,24.443,24.508
2025-08-11 20:38:07.023797,31230.0,45.681,57.701,9,75,24.282,24.604
2025-08-11 20:38:17.021191,31240.0,45.648,57.959,9,75,24.314,24.508
2025-08-11 20:38:27.030351,31250.01,45.552,58.088,9,75,24.411,24.54
2025-08-11 20:38:37.028631,31260.01,45.616,58.41,9,75,24.443,24.572
2025-08-11 20:38:47.012460,31270.0,45.358,58.281,9,75,24.282,24.604
2025-08-11 20:38:57.022321,31280.0,45.455,58.313,9,75,24.379,24.701
2025-08-11 20:39:07.089214,31290.01,45.487,57.895,26,75,24.25,24.572
2025-08-11 20:39:17.029778,31300.01,45.713,58.185,26,75,24.379,24.669
2025-08-11 20:39:27.027016,31310.01,45.874,58.346,26,75,24.379,24.669
2025-08-11 20:39:37.023891,31320.01,46.035,57.669,26,75,24.443,24.637
2025-08-11 20:39:47.021533,31330.01,46.261,57.798,26,75,24.411,24.766
2025-08-11 20:39:57.019388,31340.01,46.68,57.83,26,75,24.379,24.766
2025-08-11 20:40:07.018521,31350.01,47.002,58.249,26,75,24.443,24.766
2025-08-11 20:40:17.026065,31360.01,47.614,57.895,26,75,24.443,24.766
2025-08-11 20:40:27.024826,31370.0,47.969,58.475,26,75,24.443,24.766
2025-08-11 20:40:37.021145,31380.0,48.355,58.539,26,75,24.443,24.766
2025-08-11 20:40:47.017816,31390.0,48.678,58.539,26,75,24.443,24.766
2025-08-11 20:40:57.100603,31400.01,49.0,58.829,26,94,24.443,24.766
2025-08-11 20:41:07.026582,31410.01,49.29,58.217,26,94,24.443,24.766
2025-08-11 20:41:17.022929,31420.0,49.58,58.732,26,94,24.443,24.766
2025-08-11 20:41:27.019412,31430.01,49.967,59.796,26,94,24.443,24.766
2025-08-11 20:41:37.003604,31440.0,50.257,59.86,26,94,24.443,24.766
2025-08-11 20:41:47.026535,31450.01,50.354,59.731,26,94,24.443,24.83
2025-08-11 20:41:57.083192,31460.01,50.547,59.925,26,24,24.443,24.862
2025-08-11 20:42:07.021274,31470.0,50.579,60.054,26,24,24.476,24.959
2025-08-11 20:42:17.031654,31480.01,50.644,60.183,26,24,24.54,24.991
2025-08-11 20:42:27.032043,31490.01,50.708,59.603,26,24,24.604,25.023
2025-08-11 20:42:37.026314,31500.0,51.03,59.345,26,24,24.669,25.088
2025-08-11 20:42:47.023389,31510.0,50.901,58.475,26,24,24.733,25.088
2025-08-11 20:42:57.020864,31520.01,50.966,57.701,26,24,24.733,25.088
2025-08-11 20:43:07.031181,31530.01,50.998,57.282,26,24,24.766,25.088
2025-08-11 20:43:17.028272,31540.01,50.934,56.154,26,24,24.766,25.088
2025-08-11 20:43:27.090209,31550.01,50.901,55.8,12,24,24.766,25.088
2025-08-11 20:43:37.009669,31560.0,51.03,54.769,12,24,24.766,25.088
2025-08-11 20:43:47.019708,31570.0,50.644,54.092,12,24,24.766,25.088
2025-08-11 20:43:57.020239,31580.01,50.515,53.512,12,24,24.766,25.088
2025-08-11 20:44:07.014007,31590.0,50.031,52.996,12,24,24.766,25.088
2025-08-11 20:44:17.024674,31600.01,49.709,52.384,12,24,24.766,25.088
2025-08-11 20:44:27.034479,31610.01,49.322,51.739,12,24,24.766,25.088
2025-08-11 20:44:37.018143,31620.0,48.774,51.127,12,24,24.766,25.088
2025-08-11 20:44:47.083278,31630.0,48.484,50.74,83,24,24.766,25.088
2025-08-11 20:44:57.038154,31640.01,48.517,50.482,83,24,24.766,25.088
2025-08-11 20:45:07.022652,31650.01,48.774,49.87,83,24,24.766,25.088
2025-08-11 20:45:17.034538,31660.01,49.548,49.58,83,24,24.766,25.088
2025-08-11 20:45:27.017458,31670.0,50.837,49.516,83,24,24.766,25.088
2025-08-11 20:45:37.014354,31680.0,52.029,49.226,83,24,24.766,25.088
2025-08-11 20:45:47.026224,31690.01,53.479,48.968,83,24,24.766,25.023
2025-08-11 20:45:57.021464,31700.0,54.897,48.839,83,24,24.766,25.056
2025-08-11 20:46:07.032013,31710.01,56.605,49.032,83,24,24.733,24.959
2025-08-11 20:46:17.080832,31720.0,57.991,48.355,15,24,24.733,24.862
2025-08-11 20:46:27.026036,31730.01,59.313,48.774,15,24,24.733,24.862
2025-08-11 20:46:37.023144,31740.01,60.183,48.903,15,24,24.766,24.895
2025-08-11 20:46:47.020649,31750.01,60.376,49.161,15,24,24.701,24.959
2025-08-11 20:46:57.018791,31760.01,59.957,49.322,15,24,24.669,24.991
2025-08-11 20:47:07.015392,31770.01,59.699,49.226,15,24,24.701,24.927
2025-08-11 20:47:17.027013,31780.01,59.055,49.483,15,24,24.701,25.023
2025-08-11 20:47:27.023006,31790.01,58.378,49.064,15,24,24.766,24.927
2025-08-11 20:47:37.020561,31800.01,57.733,49.0,15,24,24.604,24.83
2025-08-11 20:47:47.018611,31810.0,56.799,49.032,15,24,24.508,24.83
2025-08-11 20:47:57.029707,31820.01,55.8,48.678,15,24,24.572,24.798
2025-08-11 20:48:07.024997,31830.0,55.059,48.968,15,24,24.733,24.766
2025-08-11 20:48:17.022726,31840.01,54.092,48.452,15,24,24.604,24.766
2025-08-11 20:48:27.032551,31850.01,53.447,48.484,15,24,24.766,24.83
2025-08-11 20:48:37.017145,31860.0,52.932,48.194,15,24,24.766,24.83
2025-08-11 20:48:47.027404,31870.01,52.126,48.162,15,24,24.733,24.895
2025-08-11 20:48:57.027770,31880.01,51.353,47.969,15,24,24.766,24.959
2025-08-11 20:49:07.021684,31890.0,50.869,47.55,15,24,24.766,25.056
2025-08-11 20:49:17.018496,31900.01,50.225,47.034,15,24,24.733,25.088
2025-08-11 20:49:27.015739,31910.01,49.645,47.099,15,24,24.766,25.056
2025-08-11 20:49:37.025692,31920.01,49.097,46.841,15,24,24.766,25.088
2025-08-11 20:49:47.009831,31930.0,48.517,46.776,15,24,24.766,25.088
2025-08-11 20:49:57.020687,31940.01,47.808,46.39,15,24,24.766,25.088
2025-08-11 20:50:07.031843,31950.01,47.356,46.067,15,24,24.766,25.088
2025-08-11 20:50:17.014838,31960.0,46.841,45.906,15,24,24.766,25.088
2025-08-11 20:50:27.037589,31970.01,46.486,45.584,15,24,24.766,25.088
2025-08-11 20:50:37.008710,31980.0,45.777,45.487,15,24,24.766,25.088
2025-08-11 20:50:47.031551,31990.01,45.552,45.455,15,24,24.83,25.088
2025-08-11 20:50:57.029129,32000.01,45.133,45.068,15,24,24.959,25.088
2025-08-11 20:51:07.026449,32010.01,44.585,45.004,15,24,24.927,25.185
2025-08-11 20:51:17.023339,32020.01,44.23,44.778,15,24,24.991,25.088
2025-08-11 20:51:27.086329,32030.01,44.069,44.553,15,18,24.959,25.249
2025-08-11 20:51:37.032203,32040.01,43.973,44.327,15,18,25.023,25.313
2025-08-11 20:51:47.015905,32050.0,43.554,43.94,15,18,25.023,25.378
2025-08-11 20:51:57.088924,32060.07,43.393,43.844,15,18,24.766,25.378
2025-08-11 20:52:07.021256,32070.01,43.135,43.65,15,18,24.959,25.249
2025-08-11 20:52:17.031466,32080.01,42.974,43.457,15,18,25.088,25.41
2025-08-11 20:52:27.027746,32090.0,42.877,43.103,15,18,25.088,25.41
2025-08-11 20:52:37.025453,32100.0,42.49,42.877,15,18,24.927,25.41
2025-08-11 20:52:47.035556,32110.01,42.394,42.619,15,18,25.088,25.378
2025-08-11 20:52:57.019762,32120.0,42.265,42.619,15,18,25.088,25.41
2025-08-11 20:53:07.029748,32130.01,41.942,42.361,15,18,25.088,25.41
2025-08-11 20:53:17.027052,32140.01,41.878,42.104,15,18,25.088,25.41
2025-08-11 20:53:27.024685,32150.01,41.62,42.007,15,18,25.088,25.41
2025-08-11 20:53:37.021144,32160.0,41.523,41.813,15,18,25.088,25.41
2025-08-11 20:53:47.031354,32170.01,41.266,41.685,15,18,25.088,25.41
2025-08-11 20:53:57.016141,32180.01,40.943,41.33,15,18,25.088,25.41
2025-08-11 20:54:07.025671,32190.0,40.879,41.362,15,18,25.088,25.41
2025-08-11 20:54:17.023893,32200.0,40.621,40.943,15,18,25.088,25.41
2025-08-11 20:54:27.020454,32210.0,40.428,40.879,15,18,25.088,25.41
2025-08-11 20:54:37.030179,32220.01,40.363,40.814,15,18,25.088,25.41
2025-08-11 20:54:47.027819,32230.01,40.202,40.686,15,18,25.088,25.41
2025-08-11 20:54:57.025292,32240.0,40.041,40.363,15,18,25.088,25.41
2025-08-11 20:55:07.022266,32250.01,39.944,40.331,15,18,25.088,25.41
2025-08-11 20:55:17.094825,32260.01,40.138,40.331,60,18,25.152,25.41
2025-08-11 20:55:27.029663,32270.01,40.138,40.299,60,18,25.12,25.41
2025-08-11 20:55:37.027368,32280.01,40.524,40.267,60,18,25.12,25.41
2025-08-11 20:55:47.025136,32290.0,41.362,40.041,60,18,25.088,25.41
2025-08-11 20:55:57.009369,32300.0,42.297,40.396,60,18,25.088,25.41
2025-08-11 20:56:07.032411,32310.01,43.135,40.234,60,18,25.12,25.41
2025-08-11 20:56:17.023296,32320.01,44.295,40.396,60,18,25.152,25.41
2025-08-11 20:56:27.026996,32330.01,45.552,40.621,60,18,25.152,25.41
2025-08-11 20:56:37.025977,32340.01,46.712,40.782,60,18,25.12,25.41
2025-08-11 20:56:47.034491,32350.01,47.711,40.911,60,18,25.12,25.41
2025-08-11 20:56:57.019317,32360.01,49.032,41.072,60,18,25.088,25.41
2025-08-11 20:57:07.029515,32370.01,50.128,41.233,60,18,25.12,25.41
2025-08-11 20:57:17.026948,32380.01,51.03,41.523,60,18,25.088,25.41
2025-08-11 20:57:27.023709,32390.01,51.965,41.749,60,18,25.12,25.41
2025-08-11 20:57:37.024663,32400.01,52.803,42.168,60,18,25.217,25.41
2025-08-11 20:57:47.018241,32410.0,53.576,42.522,60,18,25.152,25.442
2025-08-11 20:57:57.023535,32420.01,54.511,42.651,60,18,25.217,25.41
2025-08-11 20:58:07.015885,32430.0,55.381,42.974,60,18,25.185,25.442
2025-08-11 20:58:17.022960,32440.01,55.8,43.36,60,18,25.152,25.442
2025-08-11 20:58:27.023110,32450.01,56.638,43.715,60,18,25.249,25.41
2025-08-11 20:58:37.029948,32460.0,57.25,44.037,60,18,25.152,25.41
2025-08-11 20:58:47.027227,32470.01,57.766,44.037,60,18,25.152,25.41
2025-08-11 20:58:57.024705,32480.01,58.152,44.488,60,18,25.249,25.41
2025-08-11 20:59:07.087935,32490.01,58.7,45.294,60,88,25.152,25.41
2025-08-11 20:59:17.022737,32500.01,58.7,45.616,60,88,25.346,25.41
2025-08-11 20:59:27.086888,32510.01,58.507,45.584,19,88,25.313,25.507
2025-08-11 20:59:37.015879,32520.01,58.99,46.551,19,88,25.346,25.571
2025-08-11 20:59:47.013038,32530.01,59.119,48.355,19,88,25.346,25.475
2025-08-11 20:59:57.022849,32540.01,59.087,49.516,19,88,25.378,25.507
2025-08-11 21:00:07.020612,32550.01,58.732,49.87,19,88,25.378,25.636
2025-08-11 21:00:17.031047,32560.01,58.056,51.224,19,88,25.346,25.475
2025-08-11 21:00:27.028706,32570.01,57.637,52.513,19,88,25.378,25.507
2025-08-11 21:00:37.027277,32580.01,57.282,53.673,19,88,25.378,25.571
2025-08-11 21:00:47.089504,32590.01,56.541,54.64,31,88,25.41,25.539
2025-08-11 21:00:57.021616,32600.01,55.929,55.188,31,88,25.41,25.539
2025-08-11 21:01:07.018997,32610.01,55.349,55.51,31,88,25.346,25.604
2025-08-11 21:01:17.016913,32620.01,55.188,56.992,31,88,25.41,25.507
2025-08-11 21:01:27.013999,32630.01,54.93,57.443,31,88,25.378,25.571
2025-08-11 21:01:37.024336,32640.01,54.736,58.217,31,88,25.41,25.539
2025-08-11 21:01:47.021852,32650.01,54.801,58.7,31,88,25.346,25.475
2025-08-11 21:01:57.022484,32660.01,54.479,58.668,31,88,25.313,25.442
2025-08-11 21:02:07.029913,32670.01,54.672,59.828,31,88,25.346,25.507
2025-08-11 21:02:17.027718,32680.01,54.285,59.925,31,88,25.313,25.475
2025-08-11 21:02:27.025135,32690.01,54.156,60.312,31,88,25.378,25.41
2025-08-11 21:02:37.022587,32700.01,53.834,60.021,31,88,25.378,25.41
2025-08-11 21:02:47.020210,32710.01,53.995,60.666,31,88,25.41,25.539
2025-08-11 21:02:57.017461,32720.0,54.124,61.375,31,88,25.346,25.442
2025-08-11 21:03:07.015085,32730.0,54.414,62.084,31,88,25.346,25.475
2025-08-11 21:03:17.012048,32740.0,54.35,61.987,31,88,25.313,25.442
2025-08-11 21:03:27.022620,32750.01,54.479,62.277,31,88,25.378,25.442
2025-08-11 21:03:37.020201,32760.01,54.575,61.955,31,88,25.346,25.442
2025-08-11 21:03:47.017751,32770.0,54.994,62.922,31,88,25.378,25.507
2025-08-11 21:03:57.002311,32780.0,55.059,63.18,31,88,25.249,25.41
2025-08-11 21:04:07.026432,32790.01,55.091,63.438,31,88,25.313,25.41
2025-08-11 21:04:17.022619,32800.0,55.316,63.341,31,88,25.41,25.41
2025-08-11 21:04:27.095188,32810.0,55.51,63.47,78,88,25.378,25.507
2025-08-11 21:04:37.030413,32820.01,55.832,64.275,78,88,25.378,25.507
2025-08-11 21:04:47.015093,32830.0,56.187,63.728,78,88,25.378,25.442
2025-08-11 21:04:57.025179,32840.01,56.67,63.405,78,88,25.313,25.507
2025-08-11 21:05:07.023146,32850.01,57.733,63.824,78,88,25.346,25.604
2025-08-11 21:05:17.009649,32860.0,58.797,64.114,78,88,25.378,25.668
2025-08-11 21:05:27.017735,32870.01,60.247,64.662,78,88,25.313,25.507
2025-08-11 21:05:37.015387,32880.01,61.633,64.533,78,88,25.088,25.41
2025-08-11 21:05:47.025602,32890.01,62.857,65.017,78,88,25.12,25.41
2025-08-11 21:05:57.022996,32900.01,64.404,66.016,78,88,25.12,25.41
2025-08-11 21:06:07.007536,32910.0,65.564,66.435,78,88,25.088,25.41
2025-08-11 21:06:17.030957,32920.01,66.918,67.079,78,88,25.088,25.378
2025-08-11 21:06:27.090936,32930.01,68.207,67.047,78,98,25.088,25.313
2025-08-11 21:06:37.025735,32940.01,69.077,67.369,78,98,25.088,25.12
2025-08-11 21:06:47.010221,32950.01,70.431,67.595,78,98,25.088,25.088
2025-08-11 21:06:57.020234,32960.01,70.914,67.949,78,98,24.991,25.088
2025-08-11 21:07:07.022266,32970.01,72.268,69.561,78,98,24.83,25.088
2025-08-11 21:07:17.029236,32980.01,72.944,69.883,78,98,25.023,25.088
2025-08-11 21:07:27.024893,32990.0,73.847,70.27,78,98,24.798,25.088
2025-08-11 21:07:37.026637,33000.0,74.33,70.237,78,98,24.766,24.991
2025-08-11 21:07:47.020172,33010.0,74.975,70.979,78,98,24.766,24.895
2025-08-11 21:07:57.031010,33020.01,76.135,72.139,78,98,24.766,24.862
2025-08-11 21:08:07.027676,33030.01,76.844,72.364,78,98,24.766,24.798
2025-08-11 21:08:17.025213,33040.01,77.456,73.234,78,98,24.766,24.766
2025-08-11 21:08:27.026117,33050.01,78.165,73.653,78,98,24.766,24.766
2025-08-11 21:08:37.019925,33060.0,78.648,72.848,78,98,24.766,24.766
2025-08-11 21:08:47.017452,33070.0,79.486,73.589,78,98,24.733,24.766
2025-08-11 21:08:57.027803,33080.01,79.744,73.557,78,98,24.766,24.766
2025-08-11 21:09:07.027184,33090.01,80.646,74.556,78,98,24.669,24.766
2025-08-11 21:09:17.022767,33100.0,81.13,74.975,78,98,24.54,24.766
2025-08-11 21:09:27.019503,33110.0,81.646,75.361,78,98,24.669,24.83
2025-08-11 21:09:37.029483,33120.01,81.968,75.2,78,98,24.572,24.766
2025-08-11 21:09:47.027367,33130.01,82.226,75.716,78,98,24.572,24.766
2025-08-11 21:09:57.024767,33140.01,82.709,75.78,78,98,24.508,24.766
2025-08-11 21:10:07.022272,33150.01,82.935,76.908,78,98,24.604,24.798
2025-08-11 21:10:17.096841,33160.01,82.773,76.425,78,50,24.669,24.862
2025-08-11 21:10:27.017336,33170.0,82.773,76.296,78,50,24.766,24.798
2025-08-11 21:10:37.032396,33180.02,82.967,76.199,78,50,24.766,24.959
2025-08-11 21:10:47.019870,33190.01,82.935,75.909,78,50,24.766,25.088
2025-08-11 21:10:57.031702,33200.01,82.516,75.039,78,50,24.766,25.088
2025-08-11 21:11:07.017073,33210.0,82.258,74.556,78,50,24.766,25.088
2025-08-11 21:11:17.028096,33220.01,82.064,73.879,78,50,24.766,25.088
2025-08-11 21:11:27.025919,33230.01,81.613,73.267,78,50,24.798,25.088
2025-08-11 21:11:37.022410,33240.01,81.42,72.558,78,50,24.766,25.088
2025-08-11 21:11:47.019621,33250.0,81.355,72.364,78,50,24.766,25.088
2025-08-11 21:11:57.029450,33260.01,80.872,71.752,78,50,24.798,25.12
2025-08-11 21:12:07.014278,33270.01,80.518,71.172,78,50,24.766,25.12
2025-08-11 21:12:17.025601,33280.01,80.775,70.946,78,50,24.83,25.12
2025-08-11 21:12:27.021700,33290.01,80.518,70.398,78,50,24.766,25.185
2025-08-11 21:12:37.023965,33300.01,80.131,69.979,78,50,24.862,25.313
2025-08-11 21:12:47.016740,33310.01,79.809,69.528,78,50,24.959,25.313
2025-08-11 21:12:57.027010,33320.01,79.486,69.109,78,50,24.959,25.281
2025-08-11 21:13:07.024155,33330.01,79.261,68.948,78,50,24.991,25.378
2025-08-11 21:13:17.039928,33340.01,79.454,68.529,78,50,25.023,25.346
2025-08-11 21:13:27.031615,33350.01,79.357,68.304,78,50,25.023,25.41
2025-08-11 21:13:37.022953,33360.0,79.357,68.304,78,50,25.088,25.41
2025-08-11 21:13:47.028033,33370.01,79.196,68.014,78,50,25.088,25.41
2025-08-11 21:13:57.023868,33380.0,79.39,67.305,78,50,25.088,25.41
2025-08-11 21:14:07.020739,33390.01,79.486,67.434,78,50,25.088,25.41
2025-08-11 21:14:17.103897,33400.01,78.52,66.821,14,50,25.088,25.41
2025-08-11 21:14:27.029198,33410.01,78.165,66.563,14,50,25.088,25.41
2025-08-11 21:14:37.026323,33420.01,77.392,66.435,14,50,25.088,25.41
2025-08-11 21:14:47.023050,33430.01,76.199,66.241,14,50,25.088,25.41
2025-08-11 21:14:57.033166,33440.01,74.846,66.08,14,50,25.088,25.41
2025-08-11 21:15:07.017794,33450.01,73.363,65.822,14,50,25.088,25.41
2025-08-11 21:15:17.015433,33460.0,71.397,65.242,14,50,25.088,25.41
2025-08-11 21:15:27.025044,33470.0,69.464,64.63,14,50,25.088,25.41
2025-08-11 21:15:37.081140,33480.01,67.627,63.824,14,1,25.088,25.41
2025-08-11 21:15:47.019766,33490.01,66.048,63.18,14,1,25.088,25.41
2025-08-11 21:15:57.016487,33500.0,64.694,62.632,14,1,25.088,25.41
2025-08-11 21:16:07.013987,33510.01,63.373,61.665,14,1,25.088,25.41
2025-08-11 21:16:17.024047,33520.01,62.213,60.666,14,1,25.088,25.41
2025-08-11 21:16:27.034588,33530.01,60.924,59.603,14,1,25.088,25.41
2025-08-11 21:16:37.031772,33540.01,59.699,58.346,14,1,25.088,25.41
2025-08-11 21:16:47.016312,33550.0,58.346,57.057,14,1,25.088,25.41
2025-08-11 21:16:57.027202,33560.0,57.186,55.993,14,1,25.088,25.41
2025-08-11 21:17:07.024256,33570.01,56.09,54.994,14,1,25.088,25.41
2025-08-11 21:17:17.020903,33580.01,55.059,53.705,14,1,25.088,25.41
2025-08-11 21:17:27.018147,33590.01,53.77,52.577,14,1,25.088,25.41
2025-08-11 21:17:37.022432,33600.0,52.932,51.578,14,1,25.088,25.41
2025-08-11 21:17:47.025363,33610.01,51.836,50.611,14,1,25.088,25.41
2025-08-11 21:17:57.010141,33620.0,51.159,49.709,14,1,25.088,25.41
2025-08-11 21:18:07.007665,33630.0,50.321,48.678,14,1,25.088,25.41
2025-08-11 21:18:17.017212,33640.01,49.58,48.033,14,1,25.088,25.41
2025-08-11 21:18:27.027915,33650.01,48.678,47.099,14,1,25.088,25.41
2025-08-11 21:18:37.027044,33660.01,48.033,46.486,14,1,25.088,25.41
2025-08-11 21:18:47.035488,33670.01,47.324,45.745,14,1,25.088,25.41
2025-08-11 21:18:57.024216,33680.01,46.776,45.101,14,1,25.088,25.41
2025-08-11 21:19:07.092934,33690.01,46.39,44.456,23,1,25.088,25.41
2025-08-11 21:19:17.027668,33700.0,45.777,43.908,23,1,25.088,25.41
2025-08-11 21:19:27.011157,33710.0,45.487,43.328,23,1,25.088,25.41
2025-08-11 21:19:37.034380,33720.01,45.197,42.748,23,1,25.088,25.41
2025-08-11 21:19:47.018810,33730.01,44.811,42.265,23,1,25.088,25.41
2025-08-11 21:19:57.029135,33740.01,44.553,41.813,23,1,25.088,25.41
2025-08-11 21:20:07.016038,33750.0,44.456,41.395,23,1,25.185,25.41
2025-08-11 21:20:17.027238,33760.01,44.23,40.943,23,1,25.088,25.41
2025-08-11 21:20:27.008296,33770.0,44.037,40.589,23,1,25.088,25.41
2025-08-11 21:20:37.031127,33780.01,43.908,40.073,23,1,25.088,25.41
2025-08-11 21:20:47.028524,33790.01,43.844,39.751,23,1,25.088,25.41
2025-08-11 21:20:57.025784,33800.01,43.747,39.493,23,1,25.152,25.41
2025-08-11 21:21:07.023212,33810.0,43.521,39.235,23,1,25.152,25.442
2025-08-11 21:21:17.020733,33820.01,43.135,38.752,23,1,25.152,25.41
2025-08-11 21:21:27.030696,33830.01,43.038,38.591,23,1,25.185,25.41
2025-08-11 21:21:37.084674,33840.01,42.877,38.43,13,1,25.152,25.41
2025-08-11 21:21:47.025301,33850.01,42.974,38.14,13,1,25.152,25.442
2025-08-11 21:21:57.036294,33860.01,42.748,38.011,13,1,25.12,25.41
2025-08-11 21:22:07.019948,33870.01,42.522,37.721,13,1,25.12,25.41
2025-08-11 21:22:17.030198,33880.01,42.232,37.463,13,1,25.12,25.41
2025-08-11 21:22:27.014476,33890.01,42.007,37.366,13,1,25.152,25.41
2025-08-11 21:22:37.024348,33900.01,41.62,37.076,13,1,25.185,25.475
2025-08-11 21:22:47.021387,33910.01,41.233,36.883,13,1,25.185,25.442
2025-08-11 21:22:57.032147,33920.01,40.943,36.722,13,1,25.185,25.41
2025-08-11 21:23:07.016349,33930.01,40.653,36.399,13,1,25.152,25.442
2025-08-11 21:23:17.030534,33940.01,40.363,36.399,13,1,25.249,25.41
2025-08-11 21:23:27.036466,33950.01,40.17,36.142,13,1,25.088,25.41
2025-08-11 21:23:37.034003,33960.01,39.912,36.077,13,1,25.088,25.41
2025-08-11 21:23:47.018522,33970.01,39.59,35.787,13,1,25.12,25.41
2025-08-11 21:23:57.028578,33980.01,39.268,35.626,13,1,25.088,25.41
2025-08-11 21:24:07.026141,33990.01,39.139,35.465,13,1,25.185,25.41
2025-08-11 21:24:17.024155,34000.01,38.978,35.175,13,1,25.12,25.41
2025-08-11 21:24:27.033831,34010.01,38.655,35.143,13,1,25.088,25.41
2025-08-11 21:24:37.031800,34020.01,38.526,34.949,13,1,25.185,25.41
2025-08-11 21:24:47.028939,34030.01,38.301,34.756,13,1,25.152,25.41
2025-08-11 21:24:57.094478,34040.01,38.301,35.207,13,68,25.185,25.41
2025-08-11 21:25:07.091796,34050.01,38.011,35.014,12,68,25.185,25.41
2025-08-11 21:25:17.021549,34060.0,38.172,35.271,12,68,25.12,25.41
2025-08-11 21:25:27.030833,34070.01,37.882,35.69,12,68,25.12,25.41
2025-08-11 21:25:37.029179,34080.01,37.817,36.722,12,68,25.346,25.442
2025-08-11 21:25:47.027892,34090.01,37.785,37.56,12,68,25.217,25.442
2025-08-11 21:25:57.092976,34100.01,37.785,38.301,12,51,25.249,25.41
2025-08-11 21:26:07.020208,34110.0,37.753,38.623,12,51,25.249,25.41
2025-08-11 21:26:17.031255,34120.01,37.785,39.59,12,51,25.152,25.442
2025-08-11 21:26:27.015264,34130.0,37.817,40.589,12,51,25.12,25.41
2025-08-11 21:26:37.029358,34140.0,37.914,41.169,12,51,25.217,25.475
2025-08-11 21:26:47.025605,34150.01,37.753,41.395,12,51,25.185,25.41
2025-08-11 21:26:57.021006,34160.0,37.85,41.62,12,51,25.217,25.41
2025-08-11 21:27:07.017666,34170.0,38.011,42.458,12,51,25.378,25.442
2025-08-11 21:27:17.027475,34180.01,37.979,42.651,12,51,25.281,25.41
2025-08-11 21:27:27.011724,34190.0,37.914,43.231,12,51,25.152,25.475
2025-08-11 21:27:37.025537,34200.01,37.882,43.393,12,51,25.185,25.442
2025-08-11 21:27:47.037378,34210.01,37.817,43.844,12,51,25.217,25.41
2025-08-11 21:27:57.021625,34220.0,37.946,43.618,12,51,25.281,25.41
2025-08-11 21:28:07.032622,34230.01,38.075,43.844,12,51,25.346,25.41
2025-08-11 21:28:17.030476,34240.01,38.172,44.134,12,51,25.346,25.442
2025-08-11 21:28:27.028198,34250.01,38.14,44.714,12,51,25.249,25.442
2025-08-11 21:28:37.026669,34260.01,38.236,44.843,12,51,25.378,25.442
2025-08-11 21:28:47.024716,34270.0,38.236,45.068,12,51,25.217,25.41
2025-08-11 21:28:57.021197,34280.01,38.333,45.455,12,51,25.41,25.475
2025-08-11 21:29:07.030511,34290.01,38.365,45.584,12,51,25.281,25.41
2025-08-11 21:29:17.028357,34300.01,38.333,45.874,12,51,25.249,25.475
2025-08-11 21:29:27.025236,34310.01,38.526,45.423,12,51,25.281,25.41
2025-08-11 21:29:37.094377,34320.01,38.43,46.261,12,70,25.313,25.539
2025-08-11 21:29:47.020496,34330.0,38.688,45.906,12,70,25.313,25.539
2025-08-11 21:29:57.017473,34340.0,38.784,46.615,12,70,25.378,25.539
2025-08-11 21:30:07.018162,34350.01,38.816,46.809,12,70,25.41,25.475
2025-08-11 21:30:17.025745,34360.01,38.945,47.131,12,70,25.378,25.475
2025-08-11 21:30:27.035532,34370.01,39.171,47.228,12,70,25.378,25.475
2025-08-11 21:30:37.033745,34380.01,39.203,48.065,12,70,25.346,25.442
2025-08-11 21:30:47.018346,34390.01,39.171,47.969,12,70,25.281,25.604
2025-08-11 21:30:57.028872,34400.01,39.268,48.517,12,70,25.313,25.539
2025-08-11 21:31:07.013382,34410.0,39.01,48.71,12,70,25.313,25.475
2025-08-11 21:31:17.025905,34420.01,39.171,48.71,12,70,25.088,25.475
2025-08-11 21:31:27.020888,34430.01,39.396,49.483,12,70,25.185,25.604
2025-08-11 21:31:37.031639,34440.01,39.493,49.677,12,70,25.185,25.41
2025-08-11 21:31:47.029909,34450.01,39.493,50.289,12,70,25.088,25.41
2025-08-11 21:31:57.014258,34460.0,39.396,50.579,12,70,25.249,25.442
2025-08-11 21:32:07.023273,34470.01,39.525,50.644,12,70,25.217,25.41
2025-08-11 21:32:17.021788,34480.01,39.654,50.966,12,70,25.152,25.41
2025-08-11 21:32:27.018245,34490.0,39.622,51.095,12,70,25.185,25.41
2025-08-11 21:32:37.020747,34500.0,39.719,51.224,12,70,25.217,25.41
2025-08-11 21:32:47.027489,34510.01,39.88,51.449,12,70,25.12,25.442
2025-08-11 21:32:57.023509,34520.01,40.073,51.578,12,70,25.152,25.442
2025-08-11 21:33:07.034045,34530.01,40.138,51.256,12,70,25.249,25.41
2025-08-11 21:33:17.032165,34540.01,40.17,51.385,12,70,25.152,25.475
2025-08-11 21:33:27.029070,34550.01,40.009,51.965,12,70,25.249,25.507
2025-08-11 21:33:37.026249,34560.01,39.977,51.9,12,70,25.152,25.475
2025-08-11 21:33:47.024179,34570.01,40.009,52.319,12,70,25.185,25.442
2025-08-11 21:33:57.021903,34580.0,40.105,51.804,12,70,25.249,25.475
2025-08-11 21:34:07.032526,34590.01,40.234,52.545,12,70,25.217,25.442
2025-08-11 21:34:17.029625,34600.01,40.267,52.577,12,70,25.217,25.41
2025-08-11 21:34:27.027723,34610.01,40.299,52.545,12,70,25.313,25.571
2025-08-11 21:34:37.024473,34620.01,40.331,52.384,12,70,25.12,25.507
2025-08-11 21:34:47.022713,34630.0,40.396,52.223,12,70,25.088,25.442
2025-08-11 21:34:57.089731,34640.01,40.524,53.028,58,70,25.281,25.41
2025-08-11 21:35:07.030045,34650.01,40.396,52.996,58,70,25.12,25.507
2025-08-11 21:35:17.027697,34660.0,41.104,53.189,58,70,25.12,25.571
2025-08-11 21:35:27.024858,34670.01,42.136,53.286,58,70,25.281,25.475
2025-08-11 21:35:37.022503,34680.0,43.199,53.479,58,70,25.281,25.41
2025-08-11 21:35:47.019656,34690.0,44.295,53.737,58,70,25.281,25.507
2025-08-11 21:35:57.032229,34700.01,45.391,53.479,58,70,25.281,25.507
2025-08-11 21:36:07.015126,34710.0,46.744,54.06,58,70,25.217,25.475
2025-08-11 21:36:17.016176,34720.0,47.646,54.382,58,70,25.249,25.539
2025-08-11 21:36:27.024522,34730.0,49.064,54.156,58,70,25.313,25.442
2025-08-11 21:36:37.008069,34740.0,50.225,54.962,58,70,25.217,25.539
2025-08-11 21:36:47.018243,34750.0,51.385,55.51,58,70,25.152,25.475
2025-08-11 21:36:57.016029,34760.0,52.771,55.864,58,70,25.088,25.41
2025-08-11 21:37:07.025541,34770.0,53.512,55.639,58,70,25.185,25.442
2025-08-11 21:37:17.022907,34780.0,54.511,55.735,58,70,25.152,25.41
2025-08-11 21:37:27.033104,34790.01,55.22,56.122,58,70,25.12,25.442
2025-08-11 21:37:37.030236,34800.01,56.477,56.67,58,70,25.12,25.41
2025-08-11 21:37:47.014790,34810.01,57.314,57.572,58,70,25.088,25.41
2025-08-11 21:37:57.025670,34820.01,57.927,57.927,58,70,25.088,25.41
2025-08-11 21:38:07.022984,34830.01,58.861,58.217,58,70,25.12,25.41
2025-08-11 21:38:17.020715,34840.0,59.409,58.539,58,70,25.088,25.41
2025-08-11 21:38:27.017204,34850.01,59.506,58.217,58,70,25.088,25.41
2025-08-11 21:38:37.015350,34860.01,60.086,58.668,58,70,25.152,25.41
2025-08-11 21:38:47.012259,34870.01,60.44,58.507,58,70,25.12,25.41
2025-08-11 21:38:57.022046,34880.0,61.021,59.441,58,70,25.217,25.41
2025-08-11 21:39:07.082375,34890.01,61.633,59.345,58,20,25.12,25.41
2025-08-11 21:39:17.016660,34900.01,62.374,59.796,58,20,25.088,25.442
2025-08-11 21:39:27.014120,34910.01,62.825,59.731,58,20,25.12,25.41
2025-08-11 21:39:37.024932,34920.01,63.309,59.796,58,20,25.088,25.41
2025-08-11 21:39:47.021710,34930.01,63.824,59.474,58,20,25.088,25.41
2025-08-11 21:39:57.020039,34940.01,64.469,58.894,58,20,25.088,25.41
2025-08-11 21:40:07.028558,34950.01,64.662,58.249,58,20,25.088,25.41
2025-08-11 21:40:17.014259,34960.01,64.952,57.798,58,20,25.088,25.41
2025-08-11 21:40:27.024416,34970.01,65.178,57.218,58,20,25.088,25.41
2025-08-11 21:40:37.021480,34980.01,65.081,56.702,58,20,25.088,25.41
2025-08-11 21:40:47.018731,34990.0,65.081,56.348,58,20,25.088,25.41
2025-08-11 21:40:57.015594,35000.0,65.274,56.025,58,20,25.088,25.41
2025-08-11 21:41:07.012445,35010.01,65.21,55.478,58,20,25.088,25.442
2025-08-11 21:41:17.023580,35020.01,65.403,55.381,58,20,25.12,25.41
2025-08-11 21:41:27.021219,35030.0,65.532,54.962,58,20,25.088,25.41
2025-08-11 21:41:37.018251,35040.01,65.597,54.414,58,20,25.12,25.41
2025-08-11 21:41:47.015704,35050.01,65.307,54.188,58,20,25.152,25.41
2025-08-11 21:41:57.012088,35060.0,65.242,53.802,58,20,25.12,25.41
2025-08-11 21:42:07.009360,35070.01,65.049,53.415,58,20,25.088,25.41
2025-08-11 21:42:17.019231,35080.01,64.984,53.479,58,20,25.088,25.41
2025-08-11 21:42:27.017285,35090.0,65.146,53.157,58,20,25.152,25.41
2025-08-11 21:42:37.014198,35100.01,64.662,52.738,58,20,25.12,25.41
2025-08-11 21:42:47.091474,35110.01,64.855,52.771,81,20,25.152,25.41
2025-08-11 21:42:57.021082,35120.0,65.113,52.674,81,20,25.217,25.41
2025-08-11 21:43:07.019482,35130.0,65.532,52.352,81,20,25.088,25.41
2025-08-11 21:43:17.016642,35140.0,66.177,52.738,81,20,25.12,25.41
2025-08-11 21:43:27.014371,35150.01,66.596,52.352,81,20,25.088,25.442
2025-08-11 21:43:37.023722,35160.01,67.111,52.352,81,20,25.088,25.442
2025-08-11 21:43:47.096610,35170.01,67.853,52.706,81,72,25.088,25.41
2025-08-11 21:43:57.031340,35180.01,68.529,52.577,81,72,25.088,25.41
2025-08-11 21:44:07.028733,35190.01,69.206,53.383,81,72,25.088,25.41
2025-08-11 21:44:17.026068,35200.01,69.722,53.286,81,72,25.088,25.41
2025-08-11 21:44:27.022897,35210.01,70.656,54.607,81,72,25.056,25.12
2025-08-11 21:44:37.008870,35220.0,71.333,55.542,81,72,24.927,25.088
2025-08-11 21:44:47.030908,35230.01,72.203,56.251,81,72,24.862,25.088
2025-08-11 21:44:57.014600,35240.0,72.59,57.282,81,72,24.798,25.088
2025-08-11 21:45:07.098340,35250.02,73.396,57.798,81,74,24.766,25.056
2025-08-11 21:45:17.028244,35260.01,73.976,58.475,81,74,24.766,24.991
2025-08-11 21:45:27.030977,35270.01,74.749,59.248,81,74,24.766,24.798
2025-08-11 21:45:37.023641,35280.01,75.587,60.215,81,74,24.766,24.766
2025-08-11 21:45:47.030912,35290.01,75.941,60.44,81,74,24.766,24.766
2025-08-11 21:45:57.030686,35300.01,76.715,61.665,81,74,24.637,24.766
2025-08-11 21:46:07.014513,35310.0,77.295,62.148,81,74,24.637,24.766
2025-08-11 21:46:17.024712,35320.01,77.778,62.89,81,74,24.54,24.766
2025-08-11 21:46:27.022756,35330.0,78.294,63.663,81,74,24.476,24.766
2025-08-11 21:46:37.032569,35340.01,78.842,63.502,81,74,24.443,24.701
2025-08-11 21:46:47.018048,35350.0,79.196,64.823,81,74,24.443,24.766
2025-08-11 21:46:57.099395,35360.01,79.615,64.791,81,13,24.443,24.733
2025-08-11 21:47:07.025425,35370.0,79.938,65.178,81,13,24.443,24.637
2025-08-11 21:47:17.023362,35380.01,80.389,65.339,81,13,24.443,24.54
2025-08-11 21:47:27.019775,35390.01,80.646,64.952,81,13,24.443,24.476
2025-08-11 21:47:37.017826,35400.01,80.872,64.404,81,13,24.443,24.443
2025-08-11 21:47:47.015008,35410.01,81.162,63.695,81,13,24.314,24.443
2025-08-11 21:47:57.012229,35420.0,81.355,63.212,81,13,24.121,24.443
2025-08-11 21:48:07.024390,35430.01,81.581,62.503,81,13,24.314,24.443
2025-08-11 21:48:17.021043,35440.01,81.678,61.601,81,13,24.121,24.443
2025-08-11 21:48:27.018509,35450.01,81.549,60.988,81,13,24.153,24.443
2025-08-11 21:48:37.027741,35460.01,81.71,60.569,81,13,24.121,24.443
2025-08-11 21:48:47.025768,35470.01,82.0,60.054,81,13,24.121,24.443
2025-08-11 21:48:57.036511,35480.01,82.064,59.313,81,13,23.863,24.443
2025-08-11 21:49:07.034537,35490.01,81.968,58.861,81,13,24.121,24.443
2025-08-11 21:49:17.031086,35500.01,81.936,58.281,81,13,24.121,24.443
2025-08-11 21:49:27.032522,35510.01,82.064,58.088,81,13,24.121,24.443
2025-08-11 21:49:37.012266,35520.01,81.968,57.54,81,13,23.896,24.411
2025-08-11 21:49:47.010092,35530.01,81.774,57.314,81,13,24.057,24.153
2025-08-11 21:49:57.019619,35540.01,81.968,56.702,81,13,24.121,24.218
2025-08-11 21:50:07.017175,35550.0,81.774,56.638,81,13,24.121,24.218
2025-08-11 21:50:17.016445,35560.01,81.484,56.154,81,13,24.024,24.121
2025-08-11 21:50:27.025529,35570.01,81.42,55.993,81,13,24.057,24.121
2025-08-11 21:50:37.022319,35580.01,81.162,55.671,81,13,23.831,24.121
2025-08-11 21:50:47.018687,35590.01,81.194,55.252,81,13,23.799,24.121
2025-08-11 21:50:57.029861,35600.01,81.033,55.349,81,13,23.799,24.121
2025-08-11 21:51:07.013652,35610.01,81.162,54.865,81,13,23.799,24.121
2025-08-11 21:51:17.025348,35620.01,81.001,55.026,81,13,23.799,24.057
2025-08-11 21:51:27.086996,35630.01,80.937,54.253,12,13,23.67,23.896
2025-08-11 21:51:37.020858,35640.01,80.646,54.285,12,13,23.799,24.121
2025-08-11 21:51:47.029466,35650.01,79.97,53.898,12,13,23.799,24.121
2025-08-11 21:51:57.028491,35660.0,78.616,53.479,12,13,23.734,24.121
2025-08-11 21:52:07.024580,35670.01,76.973,53.383,12,13,23.799,24.057
2025-08-11 21:52:17.022965,35680.01,75.168,53.157,12,13,23.799,23.96
2025-08-11 21:52:27.020181,35690.01,73.267,52.996,12,13,23.734,23.896
2025-08-11 21:52:37.030669,35700.01,71.623,52.48,12,13,23.767,23.928
2025-08-11 21:52:47.028178,35710.01,69.528,51.836,12,13,23.734,23.831
2025-08-11 21:52:57.026126,35720.01,67.885,51.739,12,13,23.605,23.799
2025-08-11 21:53:07.024537,35730.01,66.08,51.385,12,13,23.509,23.799
2025-08-11 21:53:17.021768,35740.01,64.404,50.837,12,13,23.573,23.799
2025-08-11 21:53:27.032012,35750.01,62.954,50.386,12,13,23.477,23.799
2025-08-11 21:53:37.016683,35760.0,61.246,49.58,12,13,23.477,23.799
2025-08-11 21:53:47.026609,35770.01,59.893,49.226,12,13,23.477,23.799
2025-08-11 21:53:57.023827,35780.01,58.604,48.71,12,13,23.638,23.799
2025-08-11 21:54:07.021330,35790.01,57.347,48.194,12,13,23.477,23.799
2025-08-11 21:54:17.019494,35800.01,56.09,47.646,12,13,23.477,23.799
2025-08-11 21:54:27.015829,35810.0,55.059,47.066,12,13,23.477,23.799
2025-08-11 21:54:37.013996,35820.0,53.802,46.615,12,13,23.477,23.799
2025-08-11 21:54:47.012694,35830.0,52.867,46.229,12,13,23.477,23.799
2025-08-11 21:54:57.010085,35840.0,52.062,45.584,12,13,23.477,23.799
2025-08-11 21:55:07.018123,35850.0,51.256,45.294,12,13,23.477,23.799
2025-08-11 21:55:17.089723,35860.01,50.772,45.294,12,93,23.477,23.799
2025-08-11 21:55:27.026151,35870.01,49.806,45.262,12,93,23.477,23.799
2025-08-11 21:55:37.010572,35880.0,49.322,45.358,12,93,23.477,23.799
2025-08-11 21:55:47.034287,35890.01,48.71,45.745,12,93,23.477,23.799
2025-08-11 21:55:57.035402,35900.0,48.194,46.422,12,93,23.477,23.799
2025-08-11 21:56:07.029043,35910.01,47.743,47.292,12,93,23.477,23.799
2025-08-11 21:56:17.113611,35920.01,47.646,47.582,40,93,23.509,23.799
2025-08-11 21:56:27.023839,35930.0,47.389,49.193,40,93,23.477,23.799
2025-08-11 21:56:37.021569,35940.01,47.389,49.677,40,93,23.477,23.799
2025-08-11 21:56:47.031777,35950.01,47.646,50.386,40,93,23.477,23.799
2025-08-11 21:56:57.028825,35960.01,47.969,51.03,40,93,23.412,23.799
2025-08-11 21:57:07.026536,35970.0,48.388,52.384,40,93,23.477,23.799
2025-08-11 21:57:17.023946,35980.01,48.807,53.028,40,93,23.477,23.799
2025-08-11 21:57:27.022833,35990.01,49.612,54.06,40,93,23.477,23.799
2025-08-11 21:57:37.020016,36000.01,50.096,54.06,40,93,23.477,23.767
2025-08-11 21:57:46.286151,0,50.547,54.414,40,93,23.477,23.799
2025-08-11 21:57:56.295900,10.01,50.772,54.414,40,93,23.477,23.734
2025-08-11 21:58:06.294160,20.01,50.579,54.092,40,93,23.477,23.767
2025-08-11 21:58:16.294593,30.01,50.321,53.544,40,93,23.477,23.799
2025-08-11 21:58:26.292890,40.0,49.838,52.803,40,93,23.477,23.767
2025-08-11 21:58:36.298762,50.01,47.646,50.225,40,93,23.477,23.799
2025-08-11 21:58:46.297119,60.01,44.746,46.68,40,93,23.477,23.799
2025-08-11 21:58:56.294233,70.0,42.813,44.424,40,93,23.477,23.799
2025-08-11 21:59:06.291415,80.0,40.782,42.2,40,93,23.509,23.863
2025-08-11 21:59:16.302567,90.01,38.849,40.234,40,93,23.702,24.121
2025-08-11 21:59:26.287354,100.0,37.141,38.623,40,93,23.799,24.121
2025-08-11 21:59:36.297298,110.0,35.723,37.334,40,93,23.767,24.121
2025-08-11 21:59:46.295470,120.01,34.434,36.045,40,93,23.799,24.121
2025-08-11 21:59:56.294099,130.01,33.145,34.756,40,93,23.799,24.121
2025-08-11 22:00:06.301882,140.01,32.468,33.789,40,93,23.799,24.121
2025-08-11 22:00:16.299831,150.0,31.533,32.822,40,93,23.799,24.121
2025-08-11 22:00:26.297258,160.01,30.889,32.178,40,93,23.799,24.153
2025-08-11 22:00:36.307668,170.01,30.18,31.469,40,93,23.831,24.153
2025-08-11 22:00:46.304454,180.01,29.535,30.76,40,93,23.863,24.218
2025-08-11 22:00:56.301816,190.01,28.955,29.922,40,93,23.799,24.347
2025-08-11 22:01:06.285971,200.01,28.311,29.277,40,93,23.863,24.314
2025-08-11 22:01:16.296960,210.01,27.73,28.955,40,93,23.863,24.411
2025-08-11 22:01:26.281450,220.0,27.666,28.633,40,93,23.799,24.443
2025-08-12 08:46:34.914787,0,22.832,23.154,0,0,23.154,23.541
2025-08-12 08:46:44.925474,10.0,22.832,23.154,0,0,23.154,23.477
2025-08-12 08:46:54.923166,20.0,22.832,23.154,0,0,23.154,23.477
2025-08-12 08:47:04.920762,30.0,22.832,23.122,0,0,23.154,23.477
2025-08-12 08:47:14.931094,40.01,22.832,23.154,0,0,23.154,23.477
2025-08-12 08:47:24.927211,50.01,22.832,23.122,0,0,23.154,23.477
2025-08-12 08:47:34.984785,60.0,22.993,23.315,78,0,23.154,23.477
2025-08-12 08:47:44.921180,70.0,23.219,23.251,78,0,23.122,23.477
2025-08-12 08:47:54.919420,80.0,23.96,23.251,78,0,23.058,23.477
2025-08-12 08:48:04.931361,90.01,25.088,23.315,78,0,22.993,23.477
2025-08-12 08:48:14.913691,100.01,26.603,23.348,78,0,23.025,23.38
2025-08-12 08:48:24.924168,110.0,27.924,23.67,78,0,22.961,23.187
2025-08-12 08:48:34.921487,120.01,29.181,23.863,78,0,23.058,23.251
2025-08-12 08:48:44.918505,130.01,30.502,24.186,78,0,22.832,23.154
2025-08-12 08:48:54.930683,140.0,31.984,24.572,78,0,22.832,23.154
2025-08-12 08:49:04.926670,150.01,33.306,24.83,78,0,22.832,23.154
2025-08-12 08:49:14.986695,160.01,34.466,25.088,44,0,22.832,23.154
2025-08-12 08:49:24.921029,170.01,35.916,25.668,44,0,22.832,23.154
2025-08-12 08:49:34.930995,180.0,36.657,26.022,44,0,22.832,23.154
2025-08-12 08:49:44.929060,190.01,37.141,26.57,44,0,22.832,23.154
2025-08-12 08:49:54.926504,200.01,37.431,26.699,44,0,22.832,23.154
2025-08-12 08:50:04.923458,210.01,37.817,27.118,44,0,22.832,23.154
2025-08-12 08:50:14.920555,220.0,37.721,27.118,44,0,22.832,23.154
2025-08-12 08:50:24.919004,230.0,37.785,27.569,44,0,22.768,23.154
2025-08-12 08:50:34.930049,240.01,37.624,27.44,44,0,22.8,23.154
2025-08-12 08:50:44.925639,250.01,37.431,27.666,44,0,22.8,23.09
2025-08-12 08:50:54.923293,260.0,37.398,27.763,44,0,22.8,23.025
2025-08-12 08:51:04.920319,270.0,37.431,27.795,44,0,22.574,23.058
2025-08-12 08:51:14.918489,280.01,37.721,28.149,44,0,22.735,23.09
2025-08-12 08:51:24.928451,290.0,37.656,28.182,44,0,22.606,23.154
2025-08-12 08:51:34.999215,300.0,37.592,28.762,44,86,22.542,22.864
2025-08-12 08:51:44.923448,310.01,37.431,28.826,44,86,22.51,22.832
2025-08-12 08:51:54.920663,320.01,36.883,29.213,44,86,22.51,22.864
2025-08-12 08:52:04.918253,330.01,36.851,30.083,44,86,22.478,22.896
2025-08-12 08:52:14.924864,340.01,37.141,30.824,44,86,22.51,22.864
2025-08-12 08:52:24.919720,350.01,36.979,31.888,44,86,22.51,22.832
2025-08-12 08:52:34.929017,360.01,37.173,32.951,44,86,22.51,22.896
2025-08-12 08:52:44.924769,370.0,37.302,33.338,44,86,22.51,22.832
2025-08-12 08:52:54.922602,380.01,37.398,34.659,44,86,22.51,22.832
2025-08-12 08:53:04.918781,390.0,37.431,35.239,44,86,22.51,22.832
2025-08-12 08:53:14.915272,400.01,37.527,35.948,44,86,22.51,22.832
2025-08-12 08:53:24.926453,410.01,37.785,36.335,44,86,22.51,22.832
2025-08-12 08:53:34.923368,420.01,38.365,37.753,44,86,22.51,22.832
2025-08-12 08:53:44.933593,430.01,38.784,38.204,44,86,22.51,22.832
2025-08-12 08:53:54.917844,440.01,39.203,39.461,44,86,22.51,22.832
2025-08-12 08:54:04.927662,450.01,39.203,40.234,44,86,22.51,22.864
2025-08-12 08:54:14.924906,460.01,39.429,40.653,44,86,22.51,22.896
2025-08-12 08:54:24.922939,470.01,39.848,40.911,44,86,22.574,22.993
2025-08-12 08:54:34.919969,480.01,40.267,41.201,44,86,22.51,23.122
2025-08-12 08:54:44.930539,490.01,40.46,41.878,44,86,22.606,23.09
2025-08-12 08:54:54.927734,500.01,40.847,42.265,44,86,22.671,23.09
2025-08-12 08:55:04.926096,510.01,41.008,42.909,44,86,22.703,23.154
2025-08-12 08:55:14.910494,520.0,41.588,43.747,44,86,22.8,23.154
2025-08-12 08:55:24.932499,530.01,41.749,43.747,44,86,22.832,23.154
2025-08-12 08:55:34.917202,540.01,41.749,44.359,44,86,22.735,23.154
2025-08-12 08:55:44.927200,550.01,41.781,44.553,44,86,22.832,23.154
2025-08-12 08:55:54.937724,560.01,42.168,44.649,44,86,22.832,23.154
2025-08-12 08:56:04.989920,570.01,42.49,45.294,70,86,22.832,23.154
2025-08-12 08:56:14.919150,580.01,42.619,45.681,70,86,22.832,23.187
2025-08-12 08:56:24.981312,590.01,43.135,45.487,70,9,22.832,23.154
2025-08-12 08:56:34.927413,600.01,43.844,45.681,70,9,22.832,23.187
2025-08-12 08:56:44.925111,610.01,44.392,45.197,70,9,22.832,23.154
2025-08-12 08:56:54.921812,620.0,45.068,45.229,70,9,22.864,23.187
2025-08-12 08:57:04.921986,630.01,45.391,44.23,70,9,22.832,23.283
2025-08-12 08:57:14.917504,640.01,46.132,43.844,70,9,22.832,23.187
2025-08-12 08:57:24.914737,650.0,46.647,43.231,70,9,22.929,23.315
2025-08-12 08:57:34.924510,660.01,46.809,42.426,70,9,22.961,23.315
2025-08-12 08:57:44.996135,670.01,47.518,42.039,98,9,23.025,23.348
2025-08-12 08:57:54.919964,680.01,47.937,41.62,98,9,23.154,23.477
2025-08-12 08:58:04.930381,690.01,48.71,40.976,98,9,23.154,23.38
2025-08-12 08:58:14.914518,700.01,49.677,40.557,98,9,23.154,23.477
2025-08-12 08:58:24.912110,710.0,50.225,40.041,98,9,23.154,23.444
2025-08-12 08:58:34.921451,720.01,51.32,39.719,98,9,23.154,23.477
2025-08-12 08:58:44.919488,730.0,52.319,39.525,98,9,23.154,23.477
2025-08-12 08:58:54.916482,740.01,52.964,39.171,98,9,23.154,23.477
2025-08-12 08:59:04.995516,750.01,53.866,39.139,98,76,23.154,23.477
2025-08-12 08:59:14.924427,760.01,55.671,40.17,98,76,23.154,23.477
2025-08-12 08:59:24.921538,770.01,56.09,39.687,98,76,23.154,23.477
2025-08-12 08:59:34.906061,780.0,56.799,40.396,98,76,23.154,23.477
2025-08-12 08:59:44.929294,790.01,57.282,41.33,98,76,23.154,23.477
2025-08-12 08:59:54.926530,800.01,58.281,41.91,98,76,23.283,23.605
2025-08-12 09:00:04.925051,810.01,59.055,42.587,98,76,23.154,23.477
2025-08-12 09:00:14.921716,820.01,60.279,44.037,98,76,23.283,23.509
2025-08-12 09:00:24.918407,830.01,60.892,44.939,98,76,23.348,23.477
2025-08-12 09:00:34.915509,840.01,62.213,45.52,98,76,23.348,23.573
2025-08-12 09:00:44.926161,850.01,62.471,46.357,98,76,23.154,23.573
2025-08-12 09:00:54.923944,860.01,62.245,46.615,98,76,23.348,23.638
2025-08-12 09:01:04.908428,870.0,62.922,47.775,98,76,23.348,23.638
2025-08-12 09:01:14.919610,880.01,63.147,48.549,98,76,23.477,23.702
2025-08-12 09:01:24.916401,890.01,63.728,48.839,98,76,23.477,23.702
2025-08-12 09:01:34.927027,900.01,63.212,48.581,98,76,23.444,23.767
2025-08-12 09:01:44.923405,910.01,63.631,49.483,98,76,23.477,23.799
2025-08-12 09:01:54.921190,920.01,64.243,49.645,98,76,23.477,23.767
2025-08-12 09:02:04.931146,930.01,64.501,50.192,98,76,23.412,23.767
2025-08-12 09:02:14.915588,940.01,64.952,50.063,98,76,23.444,23.799
2025-08-12 09:02:24.925808,950.01,65.017,50.676,98,76,23.477,23.799
2025-08-12 09:02:34.922876,960.01,65.017,51.063,98,76,23.477,23.799
2025-08-12 09:02:44.919871,970.01,65.532,50.966,98,76,23.477,23.799
2025-08-12 09:02:54.918462,980.01,65.983,51.739,98,76,23.477,23.799
2025-08-12 09:03:04.914658,990.01,65.79,52.255,98,76,23.444,23.799
2025-08-12 09:03:14.924679,1000.01,64.984,52.319,98,76,23.477,23.799
2025-08-12 09:03:24.986558,1010.01,65.081,53.125,79,76,23.477,23.799
2025-08-12 09:03:34.919122,1020.01,64.533,53.286,79,76,23.477,23.799
2025-08-12 09:03:44.903968,1030.0,64.662,53.189,79,76,23.477,23.799
2025-08-12 09:03:54.927542,1040.01,64.211,53.705,79,76,23.444,23.799
2025-08-12 09:04:04.911660,1050.0,63.341,53.898,79,76,23.315,23.767
2025-08-12 09:04:14.908853,1060.0,62.922,53.898,79,76,23.38,23.767
2025-08-12 09:04:24.919427,1070.0,62.342,53.834,79,76,23.315,23.734
2025-08-12 09:04:34.929163,1080.01,61.375,52.577,79,76,23.219,23.767
2025-08-12 09:04:44.926749,1090.01,60.73,52.577,79,76,23.251,23.702
2025-08-12 09:04:54.923929,1100.01,60.827,53.351,79,76,23.154,23.477
2025-08-12 09:05:04.921576,1110.0,59.893,53.028,79,76,23.154,23.477
2025-08-12 09:05:14.918581,1120.0,59.055,52.545,79,76,23.154,23.477
2025-08-12 09:05:24.916649,1130.0,58.475,52.126,79,76,23.154,23.477
2025-08-12 09:05:34.913457,1140.01,57.798,51.997,79,76,23.154,23.477
2025-08-12 09:05:44.923903,1150.01,57.476,51.288,79,76,23.154,23.477
2025-08-12 09:05:54.920967,1160.01,57.121,51.868,79,76,23.154,23.477
2025-08-12 09:06:04.918137,1170.01,56.734,51.353,79,76,23.154,23.477
2025-08-12 09:06:14.928249,1180.01,56.025,51.095,79,76,23.154,23.477
2025-08-12 09:06:24.926008,1190.01,56.412,51.159,79,76,23.09,23.412
2025-08-12 09:06:34.985075,1200.01,55.896,50.386,79,12,23.025,23.38
2025-08-12 09:06:44.920920,1210.01,55.832,50.386,79,12,23.058,23.412
2025-08-12 09:06:54.917568,1220.0,55.993,49.773,79,12,23.025,23.412
2025-08-12 09:07:04.928023,1230.01,55.639,49.064,79,12,23.058,23.444
2025-08-12 09:07:14.925414,1240.01,55.478,48.227,79,12,22.961,23.348
2025-08-12 09:07:24.923122,1250.01,54.994,47.131,79,12,22.832,23.315
2025-08-12 09:07:34.921179,1260.01,54.833,46.39,79,12,22.832,23.219
2025-08-12 09:07:44.918009,1270.0,54.672,45.648,79,12,22.929,23.187
2025-08-12 09:07:54.902743,1280.0,54.479,44.746,79,12,22.864,23.154
2025-08-12 09:08:04.912708,1290.01,54.188,43.94,79,12,22.832,23.154
2025-08-12 09:08:14.923321,1300.01,54.285,43.779,79,12,22.832,23.154
2025-08-12 09:08:24.920631,1310.01,53.447,43.07,79,12,22.832,23.154
2025-08-12 09:08:34.917909,1320.01,53.383,42.297,79,12,22.832,23.154
2025-08-12 09:08:44.928124,1330.01,53.093,41.749,79,12,22.832,23.154
2025-08-12 09:08:54.925612,1340.01,52.964,41.266,79,12,22.832,23.154
2025-08-12 09:09:04.922608,1350.01,53.318,41.04,79,12,22.832,23.154
2025-08-12 09:09:14.933163,1360.01,53.479,40.879,79,12,22.832,23.154
2025-08-12 09:09:24.930682,1370.01,53.383,40.557,79,12,22.768,23.154
2025-08-12 09:09:34.915257,1380.01,53.125,40.202,79,12,22.768,23.122
2025-08-12 09:09:44.912485,1390.01,52.738,39.848,79,12,22.671,23.154
2025-08-12 09:09:54.910292,1400.0,52.255,39.332,79,12,22.574,23.09
2025-08-12 09:10:04.920462,1410.01,51.9,38.784,79,12,22.51,23.058
2025-08-12 09:10:14.918017,1420.01,51.965,39.074,79,12,22.51,22.961
2025-08-12 09:10:24.916093,1430.0,51.997,38.72,79,12,22.542,22.896
2025-08-12 09:10:34.925689,1440.01,52.19,38.752,79,12,22.51,22.864
2025-08-12 09:10:44.989488,1450.01,51.481,38.14,45,12,22.51,22.832
2025-08-12 09:10:54.920290,1460.01,51.578,38.075,45,12,22.51,22.832
2025-08-12 09:11:04.912215,1470.01,51.191,38.204,45,12,22.51,22.832
2025-08-12 09:11:14.908318,1480.0,50.225,37.979,45,12,22.51,22.832
2025-08-12 09:11:24.911114,1489.99,49.483,37.753,45,12,22.51,22.832
2025-08-12 09:11:34.930384,1500.01,49.226,37.882,45,12,22.478,22.832
2025-08-12 09:11:44.925756,1510.0,47.84,37.108,45,12,22.51,22.832
2025-08-12 09:11:54.921853,1520.01,47.292,37.141,45,12,22.51,22.832
2025-08-12 09:12:04.919419,1530.0,46.519,36.979,45,12,22.51,22.832
2025-08-12 09:12:14.995068,1540.01,45.487,36.528,45,37,22.51,22.832
2025-08-12 09:12:24.925883,1550.01,44.746,36.174,45,37,22.51,22.832
2025-08-12 09:12:34.922642,1560.01,44.392,35.787,45,37,22.51,22.832
2025-08-12 09:12:44.932822,1570.01,44.295,36.109,45,37,22.51,22.832
2025-08-12 09:12:54.916865,1580.0,43.94,35.755,45,37,22.51,22.832
2025-08-12 09:13:04.927120,1590.01,43.844,36.142,45,37,22.51,22.832
2025-08-12 09:13:14.911662,1600.01,43.618,36.206,45,37,22.51,22.832
2025-08-12 09:13:24.922222,1610.0,43.36,36.335,45,37,22.51,22.832
2025-08-12 09:13:34.931995,1620.0,43.103,36.109,45,37,22.51,22.832
2025-08-12 09:13:44.930046,1630.01,42.716,36.528,45,37,22.51,22.864
2025-08-12 09:13:54.913983,1640.0,42.458,35.948,45,37,22.51,22.961
2025-08-12 09:14:04.924976,1650.0,42.716,36.722,45,37,22.51,22.929
2025-08-12 09:14:14.921644,1660.01,42.555,36.786,45,37,22.51,23.025
2025-08-12 09:14:24.918821,1670.01,42.329,36.238,45,37,22.542,23.025
2025-08-12 09:14:34.916151,1680.01,42.168,36.238,45,37,22.542,23.122
2025-08-12 09:14:44.926336,1690.01,42.168,36.367,45,37,22.606,23.122
2025-08-12 09:14:54.923609,1700.0,42.426,36.883,45,37,22.671,23.025
2025-08-12 09:15:04.921317,1710.0,42.587,37.205,45,37,22.703,23.154
2025-08-12 09:15:14.918322,1720.0,42.619,36.818,45,37,22.639,23.154
2025-08-12 09:15:24.927927,1730.01,42.619,37.141,45,37,22.8,23.154
2025-08-12 09:15:34.926030,1740.01,42.684,37.27,45,37,22.51,23.154
2025-08-12 09:15:44.923001,1750.01,42.522,36.915,45,37,22.606,23.154
2025-08-12 09:15:54.933506,1760.01,42.651,37.463,45,37,22.703,23.154
2025-08-12 09:16:04.930680,1770.01,42.297,37.108,45,37,22.639,23.154
2025-08-12 09:16:14.927656,1780.01,42.426,37.141,45,37,22.703,23.154
2025-08-12 09:16:24.924129,1790.01,42.748,37.688,45,37,22.832,23.154
2025-08-12 09:16:34.935287,1800.01,42.845,37.463,45,37,22.832,23.154
2025-08-12 09:16:44.919112,1810.01,43.006,37.85,45,37,22.832,23.219
2025-08-12 09:16:54.916301,1820.0,42.587,37.592,45,37,22.832,23.187
2025-08-12 09:17:04.926210,1830.01,42.78,37.656,45,37,22.832,23.219
2025-08-12 09:17:14.923994,1840.0,42.329,37.334,45,37,22.993,23.219
2025-08-12 09:17:24.921470,1850.0,42.232,37.141,45,37,22.832,23.219
2025-08-12 09:17:34.918348,1860.0,42.619,37.721,45,37,22.896,23.251
2025-08-12 09:17:44.916242,1870.0,42.651,37.914,45,37,23.058,23.477
2025-08-12 09:17:54.990389,1880.01,42.974,38.204,45,93,22.993,23.38
2025-08-12 09:18:04.923779,1890.01,42.587,37.721,45,93,22.961,23.38
2025-08-12 09:18:14.921204,1900.01,42.941,38.655,45,93,22.993,23.444
2025-08-12 09:18:24.918823,1910.0,42.974,38.978,45,93,23.025,23.477
2025-08-12 09:18:34.916333,1920.01,43.135,39.815,45,93,23.154,23.477
2025-08-12 09:18:44.927328,1930.01,43.07,40.524,45,93,23.154,23.444
2025-08-12 09:18:54.910858,1940.0,42.78,40.17,45,93,23.154,23.477
2025-08-12 09:19:04.920985,1950.01,42.974,41.008,45,93,23.154,23.477
2025-08-12 09:19:14.991587,1960.01,43.231,42.265,65,93,23.154,23.477
2025-08-12 09:19:24.929033,1970.01,43.36,42.555,65,93,23.154,23.477
2025-08-12 09:19:34.911870,1980.0,43.683,43.489,65,93,23.154,23.477
2025-08-12 09:19:44.935236,1990.01,44.327,44.359,65,93,23.154,23.477
2025-08-12 09:19:54.919525,2000.01,44.811,45.004,65,93,23.154,23.477
2025-08-12 09:20:04.929738,2010.01,45.101,45.101,65,93,23.154,23.477
2025-08-12 09:20:14.927613,2020.01,45.455,45.229,65,93,23.187,23.477
2025-08-12 09:20:24.923897,2030.0,46.422,45.52,65,93,23.187,23.509
2025-08-12 09:20:34.992200,2040.01,47.099,46.325,65,83,23.154,23.477
2025-08-12 09:20:44.918467,2050.01,47.228,45.938,65,83,23.187,23.509
2025-08-12 09:20:54.929392,2060.01,48.194,46.647,65,83,23.187,23.477
2025-08-12 09:21:04.926825,2070.01,48.452,47.389,65,83,23.283,23.541
2025-08-12 09:21:14.924260,2080.01,49.516,47.904,65,83,23.219,23.573
2025-08-12 09:21:24.907914,2090.0,49.29,47.55,65,83,23.219,23.541
2025-08-12 09:21:34.931523,2100.01,49.097,47.292,65,83,23.251,23.541
2025-08-12 09:21:44.916409,2110.01,49.226,47.646,65,83,23.154,23.541
2025-08-12 09:21:54.926034,2120.01,49.0,47.872,65,83,23.154,23.477
2025-08-12 09:22:04.923591,2130.01,48.871,48.065,65,83,23.154,23.477
2025-08-12 09:22:14.933604,2140.01,48.355,47.711,65,83,23.154,23.477
2025-08-12 09:22:24.918038,2150.01,48.613,48.13,65,83,23.154,23.477
2025-08-12 09:22:34.927993,2160.01,48.001,47.55,65,83,23.154,23.477
2025-08-12 09:22:44.925510,2170.01,48.646,47.582,65,83,23.122,23.477
2025-08-12 09:22:54.921933,2180.0,48.388,47.679,65,83,22.864,23.444
2025-08-12 09:23:04.919108,2190.0,48.936,48.484,65,83,22.832,23.477
2025-08-12 09:23:14.931052,2200.01,48.678,48.13,65,83,22.832,23.477
2025-08-12 09:23:24.927574,2210.01,48.936,48.452,65,83,22.832,23.444
2025-08-12 09:23:34.924309,2220.01,49.097,48.259,65,83,22.961,23.412
2025-08-12 09:23:44.921446,2230.01,49.483,48.71,65,83,22.864,23.412
2025-08-12 09:23:54.918708,2240.01,49.999,49.451,65,83,22.832,23.283
2025-08-12 09:24:04.916276,2250.01,50.225,49.29,65,83,22.832,23.219
2025-08-12 09:24:14.926103,2260.01,49.838,48.484,65,83,22.832,23.219
2025-08-12 09:24:24.924074,2270.01,50.289,49.741,65,83,22.832,23.154
2025-08-12 09:24:34.920769,2280.0,50.16,49.29,65,83,22.832,23.154
2025-08-12 09:24:44.918879,2290.01,50.321,49.967,65,83,22.832,23.154
2025-08-12 09:24:54.928013,2300.01,49.838,49.064,65,83,22.832,23.154
2025-08-12 09:25:04.996636,2310.01,49.902,49.064,65,44,22.8,23.154
2025-08-12 09:25:14.922603,2320.01,49.677,48.807,65,44,22.832,23.154
2025-08-12 09:25:24.932122,2330.01,49.58,48.517,65,44,22.8,23.154
2025-08-12 09:25:34.917038,2340.01,49.419,47.937,65,44,22.8,23.154
2025-08-12 09:25:44.928562,2350.01,48.678,47.195,65,44,22.671,23.154
2025-08-12 09:25:54.924735,2360.01,48.549,46.905,65,44,22.8,23.154
2025-08-12 09:26:04.921478,2370.01,48.227,46.132,65,44,22.703,23.154
2025-08-12 09:26:14.919460,2380.01,48.484,45.938,65,44,22.574,23.154
2025-08-12 09:26:24.929080,2390.01,48.613,45.262,65,44,22.542,23.025
2025-08-12 09:26:34.926609,2400.01,48.549,45.165,65,44,22.51,22.993
2025-08-12 09:26:44.936488,2410.01,47.937,44.23,65,44,22.51,22.896
2025-08-12 09:26:54.921424,2420.0,48.194,44.166,65,44,22.51,22.896
2025-08-12 09:27:04.931421,2430.01,47.679,43.747,65,44,22.51,22.864
2025-08-12 09:27:15.012619,2440.01,47.356,43.167,22,44,22.51,22.832
2025-08-12 09:27:24.925921,2450.01,47.453,43.264,22,44,22.51,22.832
2025-08-12 09:27:34.923050,2460.0,46.776,42.845,22,44,22.51,22.832
2025-08-12 09:27:44.938340,2470.01,46.519,42.941,22,44,22.51,22.864
2025-08-12 09:27:54.930110,2480.01,45.745,42.684,22,44,22.51,22.832
2025-08-12 09:28:04.914566,2490.01,44.972,41.975,22,44,22.51,22.864
2025-08-12 09:28:14.911755,2500.0,43.876,41.942,22,44,22.51,22.832
2025-08-12 09:28:24.922153,2510.0,42.877,41.266,22,44,22.51,22.832
2025-08-12 09:28:34.918882,2520.01,41.62,40.686,22,44,22.51,22.832
2025-08-12 09:28:44.929129,2530.01,40.911,40.621,22,44,22.51,22.832
2025-08-12 09:28:54.938659,2540.01,40.299,40.396,22,44,22.51,22.832
2025-08-12 09:29:04.954810,2550.01,39.461,39.783,22,44,22.51,22.8
2025-08-12 09:29:14.920185,2560.01,38.559,39.203,22,44,22.445,22.832
2025-08-12 09:29:24.916876,2570.0,37.882,38.816,22,44,22.381,22.832
2025-08-12 09:29:34.927167,2580.01,37.431,38.72,22,44,22.381,22.832
2025-08-12 09:29:44.925036,2590.01,37.108,38.591,22,44,22.316,22.832
2025-08-12 09:29:54.922256,2600.01,36.786,38.365,22,44,22.381,22.8
2025-08-12 09:30:04.919584,2610.01,36.206,37.721,22,44,22.252,22.8
2025-08-12 09:30:14.935455,2620.02,35.787,37.753,22,44,22.22,22.735
2025-08-12 09:30:24.929690,2630.02,35.819,37.946,22,44,22.188,22.671
2025-08-12 09:30:34.920578,2640.01,35.497,38.011,22,44,22.188,22.703
2025-08-12 09:30:44.932662,2650.01,35.336,37.624,22,44,22.316,22.8
2025-08-12 09:30:55.005371,2660.01,35.497,37.882,22,56,22.349,22.703
2025-08-12 09:31:04.929303,2670.01,35.175,37.108,22,56,22.188,22.671
2025-08-12 09:31:14.927147,2680.01,35.336,37.366,22,56,22.188,22.606
2025-08-12 09:31:24.924047,2690.0,35.658,37.946,22,56,22.22,22.768
2025-08-12 09:31:34.921370,2700.01,36.206,38.462,22,56,22.22,22.832
2025-08-12 09:31:51.160845,0,36.367,37.979,0,0,22.316,22.8
2025-08-12 09:32:01.170895,10.0,35.723,37.592,0,0,22.381,22.832
2025-08-12 09:32:11.168337,20.01,35.078,36.689,0,0,22.51,22.832
2025-08-12 09:32:21.165519,30.01,34.434,36.045,0,0,22.51,22.832
2025-08-12 09:32:31.163482,40.01,33.789,35.4,0,0,22.51,22.832
2025-08-12 09:32:41.160239,50.0,33.145,34.434,0,0,22.51,22.832
2025-08-12 09:32:51.220996,60.0,32.436,33.789,0,0,22.51,22.832
2025-08-12 09:33:01.167807,70.01,31.63,33.112,0,0,22.51,22.896
2025-08-12 09:33:11.165850,80.0,30.889,32.178,0,0,22.51,22.832
2025-08-12 09:33:21.163492,90.0,30.405,31.533,0,0,22.51,22.864
2025-08-12 09:33:31.161058,100.01,29.922,30.889,0,0,22.51,22.929
2025-08-12 09:33:41.171161,110.01,29.342,30.566,0,0,22.51,22.929
2025-08-12 09:33:51.168566,120.01,28.955,29.954,0,0,22.703,23.09
2025-08-12 09:34:01.165648,130.01,28.472,29.6,0,0,22.606,23.09
2025-08-12 09:34:11.164176,140.0,28.117,29.02,0,0,22.671,23.122
2025-08-12 09:34:21.160961,150.0,27.73,28.633,0,0,22.671,23.154
2025-08-12 09:34:31.238784,160.01,27.73,28.568,86,0,22.768,23.154
2025-08-12 09:34:41.168886,170.01,27.634,28.375,86,0,22.832,23.122
2025-08-12 09:34:51.166296,180.01,28.343,28.182,86,0,22.8,23.154
2025-08-12 09:35:01.164136,190.01,29.664,28.117,86,0,22.8,23.154
2025-08-12 09:35:11.174513,200.0,31.146,27.924,86,0,22.832,23.154
2025-08-12 09:35:21.158357,210.01,33.209,28.182,86,0,22.832,23.154
2025-08-12 09:35:31.168473,220.01,35.368,28.439,86,0,22.832,23.154
2025-08-12 09:35:41.164849,230.01,37.56,28.826,86,0,22.832,23.154
2025-08-12 09:35:51.163248,240.01,39.815,29.148,86,0,22.832,23.154
2025-08-12 09:36:01.159572,250.0,41.975,29.471,86,0,22.832,23.187
2025-08-12 09:36:11.157733,260.01,44.166,30.115,86,0,22.864,23.219
2025-08-12 09:36:21.167848,270.01,46.261,30.438,86,0,22.896,23.187
2025-08-12 09:36:31.165335,280.01,48.291,31.114,86,0,23.122,23.348
2025-08-12 09:36:41.162948,290.0,50.354,31.565,86,0,22.993,23.412
2025-08-12 09:36:51.235328,300.01,52.352,32.113,86,9,23.09,23.444
2025-08-12 09:37:01.169630,310.01,53.995,32.758,86,9,23.122,23.477
2025-08-12 09:37:11.167673,320.01,55.768,33.499,86,9,23.154,23.477
2025-08-12 09:37:21.166090,330.01,57.476,34.015,86,9,23.154,23.477
2025-08-12 09:37:31.175260,340.01,59.022,34.82,86,9,23.09,23.477
2025-08-12 09:37:41.172982,350.01,60.376,35.465,86,9,23.154,23.477
2025-08-12 09:37:51.169083,360.01,62.02,36.174,86,9,23.154,23.477
2025-08-12 09:38:01.167575,370.01,63.244,37.044,86,9,23.154,23.477
2025-08-12 09:38:11.163740,380.01,64.308,37.56,86,9,23.154,23.477
2025-08-12 09:38:21.175472,390.0,65.371,38.462,86,9,23.154,23.477
2025-08-12 09:38:31.172425,400.01,66.531,38.913,86,9,23.154,23.477
2025-08-12 09:38:41.169566,410.01,67.563,39.815,86,9,23.154,23.477
2025-08-12 09:38:51.166037,420.01,68.465,40.46,86,9,23.154,23.477
2025-08-12 09:39:01.163736,430.0,69.077,40.943,86,9,23.154,23.477
2025-08-12 09:39:11.160740,440.01,69.625,41.781,86,9,23.154,23.477
2025-08-12 09:39:21.240069,450.01,70.302,42.007,76,9,23.154,23.477
2025-08-12 09:39:31.224095,460.01,70.688,42.619,76,0,23.154,23.477
2025-08-12 09:39:41.165833,470.01,71.172,43.038,76,0,23.154,23.477
2025-08-12 09:39:51.162271,480.01,71.591,43.489,76,0,23.154,23.477
2025-08-12 09:40:01.172814,490.01,71.752,43.908,76,0,23.154,23.477
2025-08-12 09:40:11.169895,500.01,71.945,44.005,76,0,23.154,23.412
2025-08-12 09:40:21.168525,510.01,72.042,44.521,76,0,23.154,23.38
2025-08-12 09:40:31.166230,520.0,72.203,44.811,76,0,23.154,23.38
2025-08-12 09:40:41.175292,530.01,72.332,44.875,76,0,23.122,23.219
2025-08-12 09:40:51.173018,540.01,72.396,45.165,76,0,22.993,23.251
2025-08-12 09:41:01.170279,550.0,72.429,45.262,76,0,22.929,23.154
2025-08-12 09:41:11.180146,560.01,72.396,45.52,76,0,23.025,23.187
2025-08-12 09:41:21.165848,570.01,72.396,45.52,76,0,22.864,23.154
2025-08-12 09:41:31.176202,580.01,72.525,45.391,76,0,22.864,23.154
2025-08-12 09:41:41.159810,590.01,72.558,45.552,76,0,22.832,23.154
2025-08-12 09:41:51.170264,600.01,72.687,45.648,76,0,22.832,23.154
2025-08-12 09:42:01.167670,610.01,72.783,45.713,76,0,22.8,23.122
2025-08-12 09:42:11.165414,620.01,72.815,45.874,76,0,22.832,23.154
2025-08-12 09:42:21.175510,630.01,72.815,45.938,76,0,22.832,23.154
2025-08-12 09:42:31.160459,640.01,72.719,46.003,76,0,22.606,23.154
2025-08-12 09:42:41.170510,650.01,72.558,46.067,76,0,22.671,23.09
2025-08-12 09:42:51.169559,660.01,72.654,45.938,76,0,22.639,23.122
2025-08-12 09:43:01.165475,670.01,72.525,46.164,76,0,22.703,23.154
2025-08-12 09:43:11.175992,680.01,72.525,46.196,76,0,22.639,22.929
2025-08-12 09:43:21.160038,690.01,72.622,46.229,76,0,22.542,22.864
2025-08-12 09:43:31.170390,700.01,72.654,46.261,76,0,22.51,22.896
2025-08-12 09:43:41.168332,710.01,72.687,46.261,76,0,22.542,22.896
2025-08-12 09:43:51.166198,720.01,72.654,46.39,76,0,22.51,22.864
2025-08-12 09:44:01.163660,730.01,72.687,46.39,76,0,22.542,22.896
2025-08-12 09:44:11.160340,740.01,72.654,46.519,76,0,22.51,22.832
2025-08-12 09:44:21.171053,750.01,72.912,46.325,76,0,22.51,22.832
2025-08-12 09:44:31.167637,760.01,72.848,46.519,76,0,22.51,22.832
2025-08-12 09:44:41.167015,770.01,72.944,46.486,76,0,22.51,22.832
2025-08-12 09:44:51.175226,780.01,72.912,46.486,76,0,22.51,22.832
2025-08-12 09:45:01.232170,790.01,73.138,46.712,76,37,22.51,22.832
2025-08-12 09:45:11.169832,800.01,73.009,46.97,76,37,22.51,22.832
2025-08-12 09:45:21.167737,810.0,73.17,47.195,76,37,22.51,22.832
2025-08-12 09:45:31.164469,820.01,73.331,47.55,76,37,22.51,22.832
2025-08-12 09:45:41.161854,830.01,73.331,47.904,76,37,22.51,22.832
2025-08-12 09:45:51.172175,840.01,73.299,48.452,76,37,22.478,22.832
2025-08-12 09:46:01.169723,850.01,73.234,49.097,76,37,22.381,22.735
2025-08-12 09:46:11.166424,860.01,73.234,49.193,76,37,22.349,22.735
2025-08-12 09:46:21.163472,870.01,73.105,50.063,76,37,22.284,22.768
2025-08-12 09:46:31.173989,880.01,73.331,50.354,76,37,22.413,22.703
2025-08-12 09:46:41.172152,890.01,73.557,50.611,76,37,22.284,22.703
2025-08-12 09:46:51.237448,900.01,73.589,51.481,65,37,22.284,22.735
2025-08-12 09:47:01.168136,910.01,73.782,51.578,65,37,22.252,22.606
2025-08-12 09:47:11.163814,920.01,73.814,52.255,65,37,22.188,22.542
2025-08-12 09:47:21.161403,930.01,73.557,52.448,65,37,22.22,22.51
2025-08-12 09:47:31.158256,940.0,73.299,52.803,65,37,22.22,22.542
2025-08-12 09:47:41.168953,950.01,73.299,52.932,65,37,22.252,22.51
2025-08-12 09:47:51.152936,960.0,73.299,53.802,65,37,22.188,22.51
2025-08-12 09:48:01.176507,970.01,73.202,53.447,65,37,22.188,22.51
2025-08-12 09:48:11.160455,980.01,73.073,54.156,65,37,22.188,22.542
2025-08-12 09:48:21.171180,990.01,72.848,54.221,65,37,22.188,22.51
2025-08-12 09:48:31.167808,1000.01,72.622,54.285,65,37,22.188,22.51
2025-08-12 09:48:41.152023,1010.0,72.332,54.092,65,37,22.188,22.51
2025-08-12 09:48:51.175674,1020.01,72.203,54.543,65,37,22.188,22.51
2025-08-12 09:49:01.172388,1030.0,71.881,54.414,65,37,22.188,22.542
2025-08-12 09:49:11.165498,1040.01,71.72,54.865,65,37,22.188,22.542
2025-08-12 09:49:21.156005,1050.01,71.559,54.672,65,37,22.22,22.542
2025-08-12 09:49:31.170218,1060.01,71.623,54.897,65,37,22.316,22.542
2025-08-12 09:49:41.167777,1070.01,71.559,54.317,65,37,22.316,22.606
2025-08-12 09:49:51.165867,1080.0,71.397,54.801,65,37,22.316,22.768
2025-08-12 09:50:01.163651,1090.01,71.397,54.543,65,37,22.478,22.8
2025-08-12 09:50:11.174220,1100.01,71.559,54.414,65,37,22.478,22.832
2025-08-12 09:50:21.172223,1110.01,71.623,54.382,65,37,22.51,22.832
2025-08-12 09:50:31.225452,1120.01,71.655,54.64,65,0,22.51,22.832
2025-08-12 09:50:41.166919,1130.01,71.494,54.865,65,0,22.51,22.832
2025-08-12 09:50:51.163902,1140.0,71.623,54.575,65,0,22.51,22.832
2025-08-12 09:51:01.174811,1150.01,71.72,54.414,65,0,22.542,22.832
2025-08-12 09:51:11.171946,1160.01,71.881,53.963,65,0,22.542,22.832
2025-08-12 09:51:21.169936,1170.01,71.816,53.415,65,0,22.51,22.832
2025-08-12 09:51:31.166920,1180.01,71.849,53.125,65,0,22.671,22.832
2025-08-12 09:51:41.181974,1190.01,71.784,52.771,65,0,22.639,22.896
2025-08-12 09:51:51.160903,1200.01,71.72,52.287,65,0,22.735,22.961
2025-08-12 09:52:01.171391,1210.01,71.655,51.804,65,0,22.8,23.025
2025-08-12 09:52:11.169248,1220.01,71.526,51.643,65,0,22.832,23.122
2025-08-12 09:52:21.179507,1230.01,71.462,51.03,65,0,22.832,23.122
2025-08-12 09:52:31.164779,1240.01,71.526,50.708,65,0,22.8,23.154
2025-08-12 09:52:41.161527,1250.01,71.559,50.386,65,0,22.832,23.154
2025-08-12 09:52:51.158729,1260.01,71.559,50.128,65,0,22.832,23.154
2025-08-12 09:53:01.169100,1270.01,71.365,49.935,65,0,22.832,23.154
2025-08-12 09:53:11.166326,1280.01,71.43,49.58,65,0,22.832,23.154
2025-08-12 09:53:21.163872,1290.01,71.526,49.322,65,0,22.832,23.154
2025-08-12 09:53:31.160968,1300.01,71.559,49.097,65,0,22.896,23.154
2025-08-12 09:53:41.158281,1310.01,71.43,48.936,65,0,22.864,23.154
2025-08-12 09:53:51.155576,1320.01,71.333,48.678,65,0,22.832,23.154
2025-08-12 09:54:01.165864,1330.01,71.301,48.323,65,0,22.993,23.219
2025-08-12 09:54:11.163134,1340.01,71.172,48.194,65,0,22.961,23.219
2025-08-12 09:54:21.173403,1350.0,71.107,48.033,65,0,23.025,23.219
2025-08-12 09:54:31.157833,1360.01,71.172,47.937,65,0,23.122,23.283
2025-08-12 09:54:41.169283,1370.01,71.301,47.614,65,0,23.154,23.315
2025-08-12 09:54:51.227681,1380.01,70.85,47.324,0,0,23.154,23.38
2025-08-12 09:55:01.176545,1390.01,70.656,47.292,0,0,23.154,23.412
2025-08-12 09:55:11.174490,1400.01,69.883,47.002,0,0,23.154,23.477
2025-08-12 09:55:21.171987,1410.01,68.626,46.712,0,0,23.154,23.444
2025-08-12 09:55:31.155125,1420.01,67.305,46.68,0,0,23.154,23.477
2025-08-12 09:55:41.165334,1430.01,65.693,46.325,0,0,23.154,23.477
2025-08-12 09:55:51.163098,1440.01,63.76,46.003,0,0,23.154,23.477
2025-08-12 09:56:01.160694,1450.0,62.148,45.487,0,0,23.154,23.477
2025-08-12 09:56:11.159662,1460.01,60.376,45.068,0,0,23.154,23.477
2025-08-12 09:56:21.240635,1470.01,58.797,44.875,0,83,23.154,23.477
2025-08-12 09:56:31.219904,1480.01,57.186,44.521,0,83,23.154,23.477
2025-08-12 09:56:41.163630,1490.01,55.735,45.068,0,83,23.219,23.477
2025-08-12 09:56:51.160567,1500.0,54.221,44.746,0,83,23.315,23.477
2025-08-12 09:57:01.170921,1510.01,52.932,46.132,0,83,23.187,23.477
2025-08-12 09:57:11.168377,1520.01,51.675,46.744,0,83,23.154,23.477
2025-08-12 09:57:21.165873,1530.01,50.547,47.163,0,83,23.154,23.477
2025-08-12 09:57:31.164958,1540.01,49.193,47.969,0,83,23.154,23.477
2025-08-12 09:57:41.172613,1550.01,48.098,48.098,0,83,23.154,23.477
2025-08-12 09:57:51.183124,1560.01,47.324,49.097,0,83,23.154,23.477
2025-08-12 09:58:01.168095,1570.01,46.39,49.741,0,83,23.154,23.477
2025-08-12 09:58:11.165379,1580.01,45.584,50.031,0,83,23.154,23.444
2025-08-12 09:58:21.162115,1590.01,45.004,51.03,0,83,23.154,23.348
2025-08-12 09:58:31.159800,1600.0,44.327,51.03,0,83,23.154,23.412
2025-08-12 09:58:41.182844,1610.01,43.683,51.191,0,83,23.154,23.315
2025-08-12 09:58:51.167739,1620.0,43.038,52.062,0,83,23.09,23.315
2025-08-12 09:59:01.270090,1630.03,42.716,53.028,98,83,22.993,23.187
2025-08-12 09:59:11.163775,1640.0,42.813,53.512,98,83,22.961,23.154
2025-08-12 09:59:21.173455,1650.01,43.231,53.512,98,83,22.929,23.187
2025-08-12 09:59:31.171568,1660.01,44.521,53.544,98,83,22.929,23.154
2025-08-12 09:59:41.167533,1670.01,46.325,54.253,98,83,22.832,23.154
2025-08-12 09:59:51.164903,1680.01,48.484,55.123,98,83,22.832,23.154
2025-08-12 10:00:01.175847,1690.01,50.676,55.478,98,83,22.832,23.154
2025-08-12 10:00:11.173282,1700.01,53.157,55.768,98,83,22.832,22.993
2025-08-12 10:00:21.171018,1710.01,55.349,55.929,98,83,22.832,23.122
2025-08-12 10:00:31.169311,1720.0,57.604,57.121,98,83,22.832,23.025
2025-08-12 10:00:41.216939,1730.0,59.248,56.992,0,83,22.768,22.929
2025-08-12 10:00:51.175304,1740.01,61.182,57.508,0,83,22.606,22.993
2025-08-12 10:01:01.173754,1750.01,62.213,58.507,0,83,22.542,22.864
2025-08-12 10:01:11.171974,1760.01,62.6,59.57,0,83,22.51,22.832
2025-08-12 10:01:21.169714,1770.01,62.213,60.344,0,83,22.51,22.864
2025-08-12 10:01:31.165893,1780.0,61.311,59.86,0,83,22.51,22.832
2025-08-12 10:01:41.178102,1790.01,60.537,60.988,0,83,22.51,22.832
2025-08-12 10:01:51.173817,1800.01,59.506,61.246,0,83,22.51,22.832
2025-08-12 10:02:01.159160,1810.01,57.959,60.827,0,83,22.51,22.832
2025-08-12 10:02:11.181509,1820.01,56.96,60.859,0,83,22.51,22.832
2025-08-12 10:02:21.178750,1830.01,56.025,61.472,0,83,22.51,22.832
2025-08-12 10:02:31.163306,1840.01,54.833,61.504,0,83,22.51,22.832
2025-08-12 10:02:41.161575,1850.01,53.77,61.504,0,83,22.51,22.832
2025-08-12 10:02:51.170285,1860.01,52.545,61.343,0,83,22.478,22.832
2025-08-12 10:03:01.168579,1870.01,51.836,61.633,0,83,22.478,22.703
2025-08-12 10:03:11.179003,1880.01,50.869,61.568,0,83,22.478,22.703
2025-08-12 10:03:21.163762,1890.01,49.87,61.343,0,83,22.349,22.768
2025-08-12 10:03:31.173114,1900.01,49.161,61.343,0,83,22.445,22.639
2025-08-12 10:03:41.171451,1910.01,48.162,60.376,0,83,22.22,22.639
2025-08-12 10:03:51.168371,1920.01,47.518,60.988,0,83,22.22,22.542
2025-08-12 10:04:01.166537,1930.01,46.615,60.795,0,83,22.284,22.574
2025-08-12 10:04:11.176469,1940.01,46.132,59.957,0,83,22.22,22.51
2025-08-12 10:04:21.174574,1950.01,45.616,60.376,0,83,22.188,22.542
2025-08-12 10:04:31.171501,1960.01,44.811,59.957,0,83,22.188,22.51
2025-08-12 10:04:41.169053,1970.01,44.553,59.57,0,83,22.188,22.574
2025-08-12 10:04:51.165537,1980.01,44.102,59.796,0,83,22.22,22.542
2025-08-12 10:05:01.225750,1990.01,43.457,58.926,0,0,22.188,22.51
2025-08-12 10:05:11.173145,2000.01,42.909,58.604,0,0,22.188,22.51
2025-08-12 10:05:21.183828,2010.01,42.49,57.959,0,0,22.188,22.51
2025-08-12 10:05:31.168204,2020.01,42.168,56.96,0,0,22.188,22.51
2025-08-12 10:05:41.165220,2030.01,41.523,55.51,0,0,22.188,22.51
2025-08-12 10:05:51.162141,2040.01,41.169,54.092,0,0,22.188,22.51
2025-08-12 10:06:01.172687,2050.01,40.557,52.803,0,0,22.188,22.51
2025-08-12 10:06:11.170711,2060.01,39.912,51.481,0,0,22.188,22.478
2025-08-12 10:06:21.167699,2070.01,39.59,50.225,0,0,22.188,22.51
2025-08-12 10:06:31.177845,2080.01,38.945,48.774,0,0,22.188,22.445
2025-08-12 10:06:41.175305,2090.01,38.623,47.55,0,0,22.188,22.478
2025-08-12 10:06:51.172426,2100.01,37.979,46.357,0,0,22.188,22.478
2025-08-12 10:07:01.183201,2110.01,37.656,45.294,0,0,22.188,22.445
2025-08-12 10:07:11.167586,2120.0,37.334,44.102,0,0,22.188,22.51
2025-08-12 10:07:21.178138,2130.01,36.754,43.135,0,0,22.188,22.51
2025-08-12 10:07:31.162119,2140.01,36.367,42.168,0,0,22.188,22.478
2025-08-12 10:07:41.239219,2150.01,35.852,41.33,15,0,22.188,22.51
2025-08-12 10:07:51.172300,2160.0,35.658,40.557,15,0,22.188,22.51
2025-08-12 10:08:01.188387,2170.02,35.497,39.59,15,0,22.188,22.51
2025-08-12 10:08:11.177043,2180.01,35.465,39.042,15,0,22.188,22.51
2025-08-12 10:08:21.179418,2190.01,35.336,38.301,15,0,22.188,22.51
2025-08-12 10:08:31.174656,2200.01,35.207,37.688,15,0,22.284,22.51
2025-08-12 10:08:41.171439,2210.01,35.207,37.076,15,0,22.284,22.671
2025-08-12 10:08:51.169355,2220.01,35.143,36.464,15,0,22.413,22.606
2025-08-12 10:09:01.179468,2230.01,35.368,36.077,15,0,22.413,22.671
2025-08-12 10:09:11.164762,2240.0,35.4,35.723,15,0,22.51,22.768
2025-08-12 10:09:21.237177,2250.01,35.69,35.594,15,75,22.51,22.8
2025-08-12 10:09:31.172965,2260.01,35.819,35.787,15,75,22.51,22.832
2025-08-12 10:09:41.169485,2270.01,35.819,35.98,15,75,22.51,22.832
2025-08-12 10:09:51.180718,2280.01,36.109,36.335,15,75,22.51,22.832
2025-08-12 10:10:01.165045,2290.01,36.399,37.076,15,75,22.51,22.832
2025-08-12 10:10:11.174879,2300.01,36.561,37.882,15,75,22.51,22.832
2025-08-12 10:10:21.173151,2310.01,36.883,38.462,15,75,22.542,22.832
2025-08-12 10:10:31.169856,2320.01,37.141,39.622,15,75,22.542,22.832
2025-08-12 10:10:41.166944,2330.01,37.334,40.557,15,75,22.606,22.896
2025-08-12 10:10:51.177903,2340.01,37.398,41.298,15,75,22.703,22.832
2025-08-12 10:11:01.163036,2350.01,38.011,42.232,15,75,22.768,22.929
2025-08-12 10:11:11.172528,2360.01,38.301,43.231,15,75,22.8,22.929
2025-08-12 10:11:21.170962,2370.01,38.688,43.715,15,75,22.832,23.025
2025-08-12 10:11:31.168409,2380.0,38.816,44.875,15,75,22.8,23.122
2025-08-12 10:11:41.152484,2390.0,39.074,45.133,15,75,22.832,23.154
2025-08-12 10:11:51.175860,2400.01,39.396,46.196,15,75,22.832,23.122
2025-08-12 10:12:01.173116,2410.01,39.848,46.97,15,75,22.832,23.154
2025-08-12 10:12:11.171284,2420.01,39.912,47.034,15,75,22.832,23.154
2025-08-12 10:12:21.180740,2430.01,40.363,48.098,15,75,22.832,23.154
2025-08-12 10:12:31.164897,2440.01,40.75,48.646,15,75,22.832,23.154
2025-08-12 10:12:41.175838,2450.01,41.072,49.193,15,75,22.864,23.154
2025-08-12 10:12:51.173063,2460.01,41.04,49.387,15,75,22.832,23.154
2025-08-12 10:13:01.171854,2470.01,41.523,50.031,15,75,22.929,23.154
2025-08-12 10:13:11.168270,2480.01,41.652,50.74,15,75,22.993,23.154
2025-08-12 10:13:21.177391,2490.01,41.91,50.934,15,75,22.961,23.187
2025-08-12 10:13:31.162511,2500.0,42.136,50.611,15,75,23.058,23.315
2025-08-12 10:13:41.230573,2510.01,42.426,50.869,0,75,23.09,23.219
2025-08-12 10:13:51.204564,2520.01,42.555,51.739,0,75,23.154,23.251
2025-08-12 10:14:01.167913,2530.01,42.587,52.384,0,75,23.122,23.38
2025-08-12 10:14:11.166058,2540.0,42.619,52.319,0,75,23.154,23.283
2025-08-12 10:14:21.163037,2550.0,42.329,52.771,0,75,23.154,23.412
2025-08-12 10:14:31.159875,2560.01,42.361,53.318,0,75,23.154,23.477
2025-08-12 10:14:41.184063,2570.01,42.104,53.673,0,75,23.154,23.477
2025-08-12 10:14:51.180717,2580.01,41.91,53.931,0,75,23.154,23.477
2025-08-12 10:15:01.178155,2590.01,41.749,53.673,0,75,23.154,23.477
2025-08-12 10:15:11.176332,2600.01,41.556,54.253,0,75,23.154,23.348
2025-08-12 10:15:21.186079,2610.03,41.201,54.092,0,75,23.154,23.477
2025-08-12 10:15:31.170190,2620.01,40.847,54.156,0,75,23.154,23.477
2025-08-12 10:15:41.181241,2630.01,40.492,54.124,0,75,23.154,23.444
2025-08-12 10:15:51.178831,2640.01,40.234,53.866,0,75,23.154,23.477
2025-08-12 10:16:01.176300,2650.01,40.105,53.447,0,75,23.154,23.444
2025-08-12 10:16:11.172635,2660.01,39.783,53.479,0,75,23.154,23.412
2025-08-12 10:16:21.170582,2670.01,39.558,54.285,0,75,23.09,23.315
2025-08-12 10:16:31.167367,2680.01,39.332,53.447,0,75,23.122,23.219
2025-08-12 10:16:41.179197,2690.01,39.042,54.092,0,75,23.09,23.219
2025-08-12 10:16:51.176238,2700.01,38.881,53.931,0,75,22.864,23.154
2025-08-12 10:17:01.175574,2710.01,38.43,54.092,0,75,22.864,23.154
2025-08-12 10:17:11.170443,2720.01,38.526,54.253,0,75,22.864,23.154
2025-08-12 10:17:21.168165,2730.01,38.301,53.898,0,75,22.832,23.154
2025-08-12 10:17:31.165338,2740.01,37.979,53.576,0,75,22.832,23.154
2025-08-12 10:17:41.193982,2750.01,37.721,53.898,0,75,22.832,23.154
2025-08-12 10:17:51.173253,2760.01,37.785,53.512,0,75,22.832,23.154
2025-08-12 10:18:01.170466,2770.01,37.334,53.963,0,75,22.832,23.122
2025-08-12 10:18:11.168134,2780.01,37.495,53.447,0,75,22.832,23.09
2025-08-12 10:18:21.227436,2790.01,37.334,53.77,0,75,22.832,23.122
2025-08-12 10:18:31.162693,2800.0,37.076,53.931,0,75,22.8,22.896
2025-08-12 10:18:41.223260,2810.01,37.012,53.125,0,0,22.832,22.929
2025-08-12 10:18:51.170701,2820.01,36.915,52.899,0,0,22.8,22.864
2025-08-12 10:19:01.181095,2830.01,36.689,52.448,0,0,22.768,22.832
2025-08-12 10:19:11.181121,2840.01,36.625,51.514,0,0,22.735,22.864
2025-08-12 10:19:21.176461,2850.01,36.367,50.547,0,0,22.574,22.832
2025-08-12 10:19:31.173629,2860.01,36.206,49.258,0,0,22.51,22.832
2025-08-12 10:19:41.184077,2870.02,36.013,48.162,0,0,22.51,22.832
2025-08-12 10:19:51.168723,2880.0,35.69,47.002,0,0,22.51,22.832
2025-08-12 10:20:01.243713,2890.01,35.433,45.81,22,0,22.51,22.832
2025-08-12 10:20:11.176378,2900.01,35.143,44.811,22,0,22.51,22.832
2025-08-12 10:20:21.160789,2910.01,35.175,43.521,22,0,22.51,22.832
2025-08-12 10:20:31.170280,2920.01,35.11,42.522,22,0,22.51,22.8
2025-08-12 10:20:41.168112,2930.01,35.143,41.685,22,0,22.478,22.832
2025-08-12 10:20:51.165237,2940.0,35.465,41.008,22,0,22.316,22.768
2025-08-12 10:21:01.164179,2950.01,35.787,40.073,22,0,22.316,22.735
2025-08-12 10:21:11.173127,2960.01,36.109,39.396,22,0,22.445,22.671
2025-08-12 10:21:21.171459,2970.0,36.335,38.688,22,0,22.284,22.671
2025-08-12 10:21:31.169317,2980.01,36.432,38.075,22,0,22.188,22.542
2025-08-12 10:21:41.153225,2990.0,36.818,37.688,22,0,22.284,22.606
2025-08-12 10:21:51.175631,3000.01,37.076,37.076,22,0,22.188,22.51
2025-08-12 10:22:01.172993,3010.01,37.302,36.754,22,0,22.188,22.51
2025-08-12 10:22:11.171293,3020.01,37.398,36.464,22,0,22.188,22.51
2025-08-12 10:22:21.169559,3030.0,37.688,35.98,22,0,22.188,22.542
2025-08-12 10:22:31.178546,3040.01,37.817,35.626,22,0,22.188,22.51
2025-08-12 10:22:41.176073,3050.01,37.979,35.143,22,0,22.188,22.51
2025-08-12 10:22:51.173122,3060.01,38.075,34.917,22,0,22.188,22.51
2025-08-12 10:23:01.170456,3070.01,38.333,34.724,22,0,22.188,22.51
2025-08-12 10:23:11.167595,3080.01,38.397,34.53,22,0,22.188,22.51
2025-08-12 10:23:21.164342,3090.0,38.559,34.24,22,0,22.188,22.51
2025-08-12 10:23:31.174975,3100.01,38.623,34.079,22,0,22.188,22.51
2025-08-12 10:23:41.234495,3110.01,38.688,34.272,22,44,22.188,22.413
2025-08-12 10:23:51.235052,3120.01,38.816,34.208,0,44,22.188,22.51
2025-08-12 10:24:01.166504,3130.0,38.913,34.272,0,44,22.123,22.51
2025-08-12 10:24:11.177045,3140.01,38.816,34.563,0,44,22.188,22.413
2025-08-12 10:24:21.161889,3150.01,38.462,34.853,0,44,22.188,22.316
2025-08-12 10:24:31.172706,3160.01,38.075,35.465,0,44,22.188,22.349
2025-08-12 10:24:41.170775,3170.01,37.688,35.562,0,44,22.091,22.316
2025-08-12 10:24:51.167775,3180.0,37.398,35.98,0,44,21.994,22.22
2025-08-12 10:25:01.153053,3190.0,36.883,36.496,0,44,21.994,22.252
2025-08-12 10:25:11.174871,3200.01,36.432,37.237,0,44,21.897,22.252
2025-08-12 10:25:21.173043,3210.0,36.109,37.495,0,44,22.026,22.252
2025-08-12 10:25:31.170931,3220.01,35.755,37.656,0,44,22.026,22.284
2025-08-12 10:25:41.180632,3230.01,35.239,38.236,0,44,22.123,22.381
2025-08-12 10:25:51.165077,3240.01,34.885,38.72,0,44,22.091,22.381
2025-08-12 10:26:01.175703,3250.01,34.853,38.881,0,44,22.188,22.51
2025-08-12 10:26:11.161034,3260.01,34.627,38.945,0,44,22.188,22.51
2025-08-12 10:26:21.170934,3270.01,34.176,39.268,0,44,22.188,22.51
2025-08-12 10:26:31.167590,3280.0,34.208,39.654,0,44,22.188,22.51
2025-08-12 10:26:41.164671,3290.01,33.854,39.429,0,44,22.188,22.51
2025-08-12 10:26:51.175913,3300.01,33.596,40.009,0,44,22.188,22.51
2025-08-12 10:27:01.173024,3310.01,33.499,39.622,0,44,22.188,22.51
2025-08-12 10:27:11.168235,3320.01,33.273,39.912,0,44,22.252,22.574
2025-08-12 10:27:21.170823,3330.0,33.145,40.46,0,44,22.284,22.671
2025-08-12 10:27:31.165065,3340.0,32.983,40.524,0,44,22.413,22.639
2025-08-12 10:27:41.160317,3350.0,33.016,40.782,0,44,22.478,22.735
2025-08-12 10:27:51.169341,3360.01,32.854,41.008,0,44,22.478,22.735
2025-08-12 10:28:01.167051,3370.0,32.854,41.04,0,44,22.51,22.8
2025-08-12 10:28:11.176040,3380.01,32.758,40.847,0,44,22.51,22.8
2025-08-12 10:28:21.172413,3390.01,32.758,41.362,0,44,22.51,22.832
2025-08-12 10:28:31.169758,3400.0,32.693,41.072,0,44,22.51,22.832
2025-08-12 10:28:41.166809,3410.01,32.532,41.33,0,44,22.51,22.832
2025-08-12 10:28:51.177315,3420.01,32.693,41.523,0,44,22.51,22.832
2025-08-12 10:29:01.174712,3430.01,32.629,41.233,0,44,22.51,22.832
2025-08-12 10:29:11.171512,3440.01,32.5,41.62,0,44,22.542,22.832
2025-08-12 10:29:21.168416,3450.01,32.532,41.91,0,44,22.639,22.896
2025-08-12 10:29:31.166192,3460.01,32.597,41.91,0,44,22.639,22.832
2025-08-12 10:29:41.176243,3470.01,32.564,41.685,0,44,22.703,22.929
2025-08-12 10:29:51.174392,3480.01,32.5,41.975,0,44,22.735,22.864
2025-08-12 10:30:01.171837,3490.01,32.564,42.007,0,44,22.8,23.09
2025-08-12 10:30:11.182216,3500.01,32.597,41.846,0,44,22.832,23.058
2025-08-12 10:30:21.166495,3510.01,32.629,42.007,0,44,22.832,23.09
2025-08-12 10:30:31.164557,3520.0,32.693,41.942,0,44,22.832,23.122
2025-08-12 10:30:41.233339,3530.0,32.693,42.522,84,44,22.832,23.122
2025-08-12 10:30:51.160680,3540.0,33.145,42.039,84,44,22.8,23.09
2025-08-12 10:31:01.169191,3550.01,33.854,42.2,84,44,22.832,23.154
2025-08-12 10:31:11.166327,3560.01,35.4,42.265,84,44,22.832,23.154
2025-08-12 10:31:21.177243,3570.01,37.27,42.394,84,44,22.832,23.154
2025-08-12 10:31:31.174953,3580.01,39.268,42.716,84,44,22.832,23.154
2025-08-12 10:31:41.172287,3590.01,41.523,43.393,84,44,22.832,23.154
2025-08-12 10:31:51.181709,3600.01,43.779,43.393,84,44,22.832,23.154
2025-08-12 10:32:01.167024,3610.01,45.777,44.166,84,44,22.832,23.154
2025-08-12 10:32:11.165108,3620.0,47.937,44.714,84,44,22.864,23.154
2025-08-12 10:32:21.161416,3630.01,49.999,45.068,84,44,22.864,23.154
2025-08-12 10:32:31.172165,3640.01,52.287,45.713,84,44,23.025,23.154
2025-08-12 10:32:41.168668,3650.0,54.092,45.906,84,44,22.961,23.219
2025-08-12 10:32:51.166806,3660.0,56.154,46.647,84,44,23.025,23.283
2025-08-12 10:33:01.227225,3670.01,57.83,47.131,84,0,23.09,23.219
2025-08-12 10:33:11.174735,3680.01,59.635,47.582,84,0,23.154,23.187
2025-08-12 10:33:21.171549,3690.01,61.246,47.711,84,0,23.122,23.348
2025-08-12 10:33:31.156811,3700.0,62.471,48.098,84,0,23.058,23.315
2025-08-12 10:33:41.167466,3710.0,63.824,48.098,84,0,22.993,23.315
2025-08-12 10:33:51.164991,3720.01,65.113,48.033,84,0,22.864,23.154
2025-08-12 10:34:01.161672,3730.0,66.145,48.001,84,0,23.154,23.251
2025-08-12 10:34:11.172805,3740.01,67.176,47.808,84,0,23.154,23.187
2025-08-12 10:34:21.170351,3750.01,68.078,47.775,84,0,22.961,23.154
2025-08-12 10:34:31.167822,3760.01,68.787,47.679,84,0,22.864,23.154
2025-08-12 10:34:41.164611,3770.0,69.786,47.614,84,0,22.832,23.154
2025-08-12 10:34:51.161934,3780.01,70.141,47.485,84,0,22.864,23.154
2025-08-12 10:35:01.172277,3790.01,70.979,47.485,84,0,22.832,23.154
2025-08-12 10:35:11.156783,3800.01,71.301,47.324,84,0,22.832,23.154
2025-08-12 10:35:21.167038,3810.01,71.945,47.389,84,0,22.832,23.154
2025-08-12 10:35:31.165130,3820.01,72.396,47.485,84,0,22.832,23.154
2025-08-12 10:35:41.162721,3830.01,72.654,47.518,84,0,22.832,23.154
2025-08-12 10:35:51.172936,3840.01,72.977,47.453,84,0,22.832,23.058
2025-08-12 10:36:01.170410,3850.0,73.524,47.389,84,0,22.8,23.154
2025-08-12 10:36:11.167764,3860.01,73.75,47.453,84,0,22.768,23.025
2025-08-12 10:36:21.164659,3870.0,74.137,47.518,84,0,22.8,22.929
2025-08-12 10:36:31.174695,3880.01,74.266,47.518,84,0,22.542,22.832
2025-08-12 10:36:41.160070,3890.01,74.652,47.421,84,0,22.574,22.832
2025-08-12 10:36:51.170311,3900.01,74.975,47.324,84,0,22.574,22.832
2025-08-12 10:37:01.180369,3910.01,75.522,47.389,84,0,22.51,22.832
2025-08-12 10:37:11.164975,3920.01,75.458,47.614,84,0,22.542,22.832
2025-08-12 10:37:21.174841,3930.01,75.78,47.582,84,0,22.51,22.832
2025-08-12 10:37:31.171326,3940.01,75.845,47.518,84,0,22.51,22.832
2025-08-12 10:37:41.169311,3950.01,76.07,47.646,84,0,22.51,22.832
2025-08-12 10:37:51.166314,3960.01,76.038,47.775,84,0,22.51,22.832
2025-08-12 10:38:01.163876,3970.01,76.521,47.614,84,0,22.478,22.832
2025-08-12 10:38:11.174363,3980.01,76.489,47.775,84,0,22.22,22.703
2025-08-12 10:38:21.171628,3990.01,76.844,47.84,84,0,22.413,22.703
2025-08-12 10:38:31.208131,4000.0,76.328,47.646,0,0,22.284,22.768
2025-08-12 10:38:41.165771,4010.01,76.328,47.646,0,0,22.188,22.574
2025-08-12 10:38:51.164481,4020.01,75.361,47.646,0,0,22.22,22.51
2025-08-12 10:39:01.161885,4030.01,73.75,47.421,0,0,22.188,22.51
2025-08-12 10:39:11.158779,4040.01,72.042,47.324,0,0,22.188,22.542
2025-08-12 10:39:21.168309,4050.0,69.947,47.099,0,0,22.188,22.51
2025-08-12 10:39:31.167003,4060.01,67.949,46.97,0,0,22.188,22.51
2025-08-12 10:39:41.164057,4070.0,65.693,46.551,0,0,22.188,22.51
2025-08-12 10:39:51.160893,4080.01,63.663,46.035,0,0,22.188,22.51
2025-08-12 10:40:01.170975,4090.0,61.504,45.713,0,0,22.188,22.51
2025-08-12 10:40:11.168808,4100.01,59.57,45.133,0,0,22.188,22.51
2025-08-12 10:40:21.164904,4110.01,57.637,44.746,0,0,22.188,22.51
2025-08-12 10:40:31.162976,4120.01,55.703,44.102,0,0,22.188,22.51
2025-08-12 10:40:41.173575,4130.01,53.77,43.457,0,0,22.188,22.51
2025-08-12 10:40:51.169738,4140.01,52.158,42.909,0,0,22.188,22.51
2025-08-12 10:41:01.167735,4150.01,50.547,42.49,0,0,22.188,22.478
2025-08-12 10:41:11.164083,4160.0,48.936,41.846,0,0,22.188,22.478
2025-08-12 10:41:21.174910,4170.01,47.646,41.201,0,0,22.188,22.478
2025-08-12 10:41:31.328871,4180.01,46.551,40.879,0,79,22.188,22.413
2025-08-12 10:41:41.169502,4190.01,45.326,40.782,0,79,22.188,22.478
2025-08-12 10:41:51.166576,4200.0,44.23,40.782,0,79,22.059,22.51
2025-08-12 10:42:01.165343,4210.0,43.425,40.814,0,79,22.091,22.478
2025-08-12 10:42:11.174937,4220.01,42.232,41.362,0,79,22.091,22.349
2025-08-12 10:42:21.158272,4230.0,41.62,41.685,0,79,22.188,22.413
2025-08-12 10:42:31.169762,4240.01,41.008,42.813,0,79,22.059,22.413
2025-08-12 10:42:41.178821,4250.01,40.396,42.813,0,79,22.091,22.381
2025-08-12 10:42:51.163467,4260.01,39.59,43.973,0,79,22.091,22.284
2025-08-12 10:43:01.173765,4270.01,39.429,44.843,0,79,22.091,22.413
2025-08-12 10:43:11.171285,4280.01,38.752,45.068,0,79,22.059,22.349
2025-08-12 10:43:21.169408,4290.01,38.494,46.035,0,79,22.026,22.349
2025-08-12 10:43:31.179359,4300.01,38.236,46.196,0,79,22.026,22.349
2025-08-12 10:43:41.164113,4310.0,37.85,47.26,0,79,21.897,22.316
2025-08-12 10:43:51.174752,4320.01,37.592,47.002,0,79,21.962,22.252
2025-08-12 10:44:01.171947,4330.01,37.366,48.001,0,79,21.962,22.316
2025-08-12 10:44:11.172655,4340.01,37.237,48.42,0,79,21.994,22.22
2025-08-12 10:44:21.179779,4350.01,36.851,48.968,0,79,22.059,22.284
2025-08-12 10:44:31.164877,4360.01,36.786,49.58,0,79,22.123,22.349
2025-08-12 10:44:41.175979,4370.02,36.754,49.58,0,79,22.188,22.478
2025-08-12 10:44:51.159298,4380.0,36.883,50.354,0,79,22.188,22.478
2025-08-12 10:45:01.168973,4390.0,36.657,50.547,0,79,22.188,22.51
2025-08-12 10:45:11.179953,4400.01,36.818,50.869,0,79,22.188,22.51
2025-08-12 10:45:21.177038,4410.01,36.689,50.869,0,79,22.188,22.51
2025-08-12 10:45:31.174555,4420.01,36.593,51.288,0,79,22.188,22.51
2025-08-12 10:45:41.172106,4430.01,36.496,50.869,0,79,22.188,22.51
2025-08-12 10:45:51.155876,4440.0,36.432,51.675,0,79,22.188,22.51
2025-08-12 10:46:01.166759,4450.0,36.432,52.158,0,79,22.22,22.542
2025-08-12 10:46:11.177109,4460.01,36.432,52.448,0,79,22.316,22.703
2025-08-12 10:46:21.161606,4470.0,36.399,52.642,0,79,22.381,22.639
2025-08-12 10:46:31.171453,4480.01,36.689,52.996,0,79,22.51,22.639
2025-08-12 10:46:41.169859,4490.01,36.561,52.545,0,79,22.413,22.735
2025-08-12 10:46:51.166640,4500.0,36.464,53.286,0,79,22.51,22.768
2025-08-12 10:47:01.164000,4510.01,36.786,53.286,0,79,22.51,22.832
2025-08-12 10:47:11.170817,4520.01,36.915,53.286,0,79,22.51,22.832
2025-08-12 10:47:21.155863,4530.0,36.818,53.77,0,79,22.51,22.832
2025-08-12 10:47:31.170998,4540.0,36.818,53.512,0,79,22.51,22.832
2025-08-12 10:47:41.165457,4550.01,36.979,54.253,0,79,22.51,22.832
2025-08-12 10:47:51.160576,4560.0,37.108,54.092,0,79,22.51,22.832
2025-08-12 10:48:01.183169,4570.01,37.205,53.995,0,79,22.51,22.832
2025-08-12 10:48:11.166504,4580.0,37.141,54.382,0,79,22.542,22.832
2025-08-12 10:48:21.163557,4590.0,37.334,53.931,0,79,22.542,22.896
2025-08-12 10:48:31.174344,4600.01,37.076,54.64,0,79,22.671,22.896
2025-08-12 10:48:41.158050,4610.0,37.398,54.704,0,79,22.703,22.896
2025-08-12 10:48:51.168035,4620.0,37.463,54.092,0,79,22.735,23.025
2025-08-12 10:49:01.179119,4630.01,37.463,54.414,0,79,22.8,23.154
2025-08-12 10:49:11.176372,4640.01,37.366,54.575,0,79,22.832,23.154
2025-08-12 10:49:21.173556,4650.01,37.334,55.026,0,79,22.832,23.025
2025-08-12 10:49:31.171300,4660.01,37.463,55.22,0,79,22.832,23.154
2025-08-12 10:49:41.255452,4670.01,37.495,55.22,0,71,22.832,23.154
2025-08-12 10:49:51.236020,4680.01,37.753,54.801,46,71,22.832,23.154
2025-08-12 10:50:01.176221,4690.0,38.011,55.445,46,71,22.832,23.154
2025-08-12 10:50:11.173209,4700.01,38.43,54.897,46,71,22.832,23.154
2025-08-12 10:50:21.170567,4710.0,39.139,55.155,46,71,22.832,23.154
2025-08-12 10:50:31.168741,4720.01,40.299,55.252,46,71,22.832,23.154
2025-08-12 10:50:41.166063,4730.01,41.395,55.252,46,71,22.864,23.154
2025-08-12 10:50:51.175696,4740.01,42.555,55.381,46,71,22.832,23.154
2025-08-12 10:51:01.173237,4750.01,43.683,55.478,46,71,22.832,23.154
2025-08-12 10:51:11.157252,4760.0,44.907,55.478,46,71,22.864,23.154
2025-08-12 10:51:21.180592,4770.01,46.1,55.768,46,71,22.993,23.154
2025-08-12 10:51:31.178176,4780.01,47.163,55.832,46,71,23.09,23.154
2025-08-12 10:51:41.176178,4790.01,48.194,55.929,46,71,22.929,23.187
2025-08-12 10:51:51.173048,4800.01,49.064,56.058,46,71,22.864,23.154
2025-08-12 10:52:01.169917,4810.01,49.902,56.09,46,71,22.929,23.154
2025-08-12 10:52:11.180305,4820.01,51.063,56.541,46,71,22.832,23.154
2025-08-12 10:52:21.178295,4830.01,51.449,55.961,46,71,22.864,23.187
2025-08-12 10:52:31.162430,4840.0,52.223,56.67,46,71,22.832,23.154
2025-08-12 10:52:41.172557,4850.01,52.867,56.863,46,71,22.832,23.154
2025-08-12 10:52:51.169364,4860.01,53.479,56.541,46,71,22.832,23.154
2025-08-12 10:53:01.179262,4870.01,54.221,57.089,46,71,22.832,23.154
2025-08-12 10:53:11.163763,4880.01,54.607,57.282,46,71,22.832,23.154
2025-08-12 10:53:21.162266,4890.01,55.349,57.186,46,71,22.832,23.122
2025-08-12 10:53:31.158421,4900.01,55.574,57.347,46,71,22.832,23.09
2025-08-12 10:53:41.168334,4910.01,56.187,57.895,46,71,22.8,23.154
2025-08-12 10:53:51.165754,4920.01,56.638,57.508,46,71,22.832,22.993
2025-08-12 10:54:01.163112,4930.01,56.863,58.088,46,71,22.768,22.864
2025-08-12 10:54:11.160696,4940.01,57.379,58.765,46,71,22.703,22.864
2025-08-12 10:54:21.157637,4950.01,57.83,58.442,46,71,22.703,22.896
2025-08-12 10:54:31.167803,4960.01,58.152,58.99,46,71,22.542,22.832
2025-08-12 10:54:41.165133,4970.01,58.281,58.539,46,71,22.542,22.832
2025-08-12 10:54:51.214280,4980.01,58.475,58.539,46,0,22.51,22.832
2025-08-12 10:55:01.172470,4990.01,58.732,58.507,46,0,22.542,22.832
2025-08-12 10:55:11.157731,5000.0,58.958,58.056,46,0,22.51,22.832
2025-08-12 10:55:21.168231,5010.01,59.184,57.379,46,0,22.51,22.832
2025-08-12 10:55:31.164901,5020.01,59.151,56.541,46,0,22.51,22.832
2025-08-12 10:55:41.163870,5030.01,59.409,55.574,46,0,22.445,22.832
2025-08-12 10:55:51.221813,5040.01,59.248,54.607,0,0,22.51,22.768
2025-08-12 10:56:01.170230,5050.01,59.087,53.77,0,0,22.349,22.768
2025-08-12 10:56:11.237451,5060.01,58.604,52.803,0,57,22.316,22.832
2025-08-12 10:56:21.177433,5070.01,57.959,52.352,0,57,22.413,22.832
2025-08-12 10:56:31.176077,5080.01,56.863,51.965,0,57,22.316,22.832
2025-08-12 10:56:41.171733,5090.01,55.51,51.643,0,57,22.22,22.51
2025-08-12 10:56:51.156526,5100.0,54.511,51.353,0,57,22.316,22.671
2025-08-12 10:57:01.167320,5110.01,53.222,50.869,0,57,22.22,22.542
2025-08-12 10:57:11.164273,5120.0,52.029,51.095,0,57,22.188,22.542
2025-08-12 10:57:21.174297,5130.01,50.934,51.127,0,57,22.188,22.574
2025-08-12 10:57:31.158568,5140.0,49.58,50.869,0,57,22.188,22.51
2025-08-12 10:57:41.169212,5150.0,48.742,50.998,0,57,22.188,22.51
2025-08-12 10:57:51.179794,5160.01,47.711,51.03,0,57,22.188,22.51
2025-08-12 10:58:01.176764,5170.01,46.68,51.191,0,57,22.188,22.51
2025-08-12 10:58:11.174737,5180.01,45.777,50.644,0,57,22.188,22.51
2025-08-12 10:58:21.170661,5190.01,45.133,50.225,0,57,22.188,22.51
2025-08-12 10:58:31.168230,5200.01,44.263,50.708,0,57,22.188,22.478
2025-08-12 10:58:41.165839,5210.0,43.457,50.676,0,57,22.188,22.51
2025-08-12 10:58:51.178935,5220.01,42.813,50.418,0,57,22.188,22.51
2025-08-12 10:59:01.173453,5230.0,42.232,49.902,0,57,22.188,22.413
2025-08-12 10:59:11.170921,5240.01,41.523,50.289,0,57,22.188,22.51
2025-08-12 10:59:21.167393,5250.0,41.137,49.645,0,57,22.188,22.445
2025-08-12 10:59:31.178260,5260.01,40.524,49.709,0,57,22.188,22.51
2025-08-12 10:59:41.175162,5270.0,40.105,49.548,0,57,22.188,22.478
2025-08-12 10:59:51.171472,5280.01,39.59,49.87,0,57,22.188,22.51
2025-08-12 11:00:01.169257,5290.01,39.268,49.258,0,57,22.155,22.316
2025-08-12 11:00:11.166471,5300.01,38.881,49.773,0,57,22.123,22.445
2025-08-12 11:00:21.164718,5310.0,38.559,49.419,0,57,22.123,22.316
2025-08-12 11:00:31.161262,5320.01,38.172,48.646,0,57,21.994,22.316
2025-08-12 11:00:41.239066,5330.01,38.075,49.29,64,57,22.026,22.316
2025-08-12 11:00:51.169494,5340.01,38.075,49.064,64,57,22.026,22.349
2025-08-12 11:01:01.168203,5350.01,38.269,48.871,64,57,21.962,22.316
2025-08-12 11:01:11.177430,5360.01,39.042,48.71,64,57,21.897,22.22
2025-08-12 11:01:21.161832,5370.01,40.234,48.936,64,57,21.93,22.22
2025-08-12 11:01:31.171231,5380.01,41.556,49.097,64,57,21.865,22.22
2025-08-12 11:01:41.169202,5390.01,42.941,48.355,64,57,21.897,22.22
2025-08-12 11:01:51.180246,5400.01,44.392,48.839,64,57,21.897,22.188
2025-08-12 11:02:01.163299,5410.01,45.745,49.258,64,57,21.865,22.22
2025-08-12 11:02:11.173011,5420.01,47.099,49.129,64,57,21.865,22.22
2025-08-12 11:02:21.183773,5430.01,48.742,49.419,64,57,21.897,22.252
2025-08-12 11:02:31.167729,5440.01,49.999,50.225,64,57,21.865,22.252
2025-08-12 11:02:41.166137,5450.01,51.32,50.192,64,57,21.962,22.22
2025-08-12 11:02:51.174986,5460.01,52.416,50.611,64,57,22.059,22.22
2025-08-12 11:03:01.159842,5470.01,53.705,50.998,64,57,22.155,22.381
2025-08-12 11:03:11.158444,5480.0,55.059,51.9,64,57,22.188,22.478
2025-08-12 11:03:21.168018,5490.01,56.283,52.126,64,57,22.188,22.51
2025-08-12 11:03:31.165330,5500.01,57.443,52.223,64,57,22.188,22.51
2025-08-12 11:03:41.162774,5510.0,58.346,52.738,64,57,22.188,22.51
2025-08-12 11:03:51.172191,5520.01,59.28,53.061,64,57,22.188,22.51
2025-08-12 11:04:01.169659,5530.01,60.15,53.222,64,57,22.188,22.574
2025-08-12 11:04:11.180018,5540.01,60.795,53.479,64,57,22.22,22.51
2025-08-12 11:04:21.177735,5550.01,61.504,54.221,64,57,22.22,22.574
2025-08-12 11:04:31.161561,5560.01,62.6,54.833,64,57,22.349,22.639
2025-08-12 11:04:41.158242,5570.01,63.309,55.445,64,57,22.413,22.671
2025-08-12 11:04:51.231239,5580.01,63.889,55.059,64,0,22.445,22.8
2025-08-12 11:05:01.166496,5590.01,64.469,55.381,64,0,22.51,22.832
2025-08-12 11:05:11.163881,5600.01,65.049,55.188,64,0,22.51,22.832
2025-08-12 11:05:21.172990,5610.01,65.661,55.059,64,0,22.51,22.8
2025-08-12 11:05:31.158392,5620.01,66.145,54.382,64,0,22.51,22.832
2025-08-12 11:05:41.155320,5630.0,66.628,53.931,64,0,22.51,22.832
2025-08-12 11:05:51.164513,5640.01,67.079,53.447,64,0,22.51,22.832
2025-08-12 11:06:01.174676,5650.01,67.434,52.803,64,0,22.51,22.832
2025-08-12 11:06:11.172272,5660.01,67.659,52.255,64,0,22.51,22.832
2025-08-12 11:06:21.169768,5670.01,68.014,51.643,64,0,22.51,22.832
2025-08-12 11:06:31.167074,5680.0,68.304,51.127,64,0,22.51,22.832
2025-08-12 11:06:41.239553,5690.01,68.304,50.708,64,0,22.574,22.832
2025-08-12 11:06:51.212920,5700.01,68.271,49.902,0,0,22.51,22.832
2025-08-12 11:07:01.143553,5709.99,68.271,49.516,0,0,22.606,22.832
2025-08-12 11:07:11.154114,5720.0,67.627,48.936,0,0,22.671,22.896
2025-08-12 11:07:21.169298,5730.0,66.66,48.613,0,0,22.606,22.993
2025-08-12 11:07:31.162818,5740.01,65.371,48.065,0,0,22.768,22.993
2025-08-12 11:07:41.157620,5750.0,63.76,47.646,0,0,22.8,22.929
2025-08-12 11:07:51.167229,5760.01,62.148,47.002,0,0,22.8,23.154
2025-08-12 11:08:01.176295,5770.01,60.537,46.551,0,0,22.832,23.122
2025-08-12 11:08:11.160013,5780.01,58.926,45.971,0,0,22.832,23.09
2025-08-12 11:08:21.157104,5790.01,57.314,45.294,0,0,22.832,23.154
2025-08-12 11:08:31.167015,5800.01,55.703,44.746,0,0,22.832,23.154
2025-08-12 11:08:41.177601,5810.01,54.092,44.102,0,0,22.832,23.122
2025-08-12 11:08:51.174820,5820.01,52.803,43.457,0,0,22.832,23.154
2025-08-12 11:09:01.158509,5830.0,51.385,42.813,0,0,22.832,23.154
2025-08-12 11:09:11.168327,5840.01,50.16,42.458,0,0,22.832,23.154
2025-08-12 11:09:21.166847,5850.01,48.936,41.846,0,0,22.864,23.154
2025-08-12 11:09:31.175849,5860.01,47.646,41.201,0,0,22.864,23.154
2025-08-12 11:09:41.173235,5870.01,46.454,40.621,0,0,22.896,23.154
2025-08-12 11:09:51.171365,5880.01,45.391,40.234,0,0,22.832,23.154
2025-08-12 11:10:01.166548,5890.01,44.424,39.59,0,0,22.832,23.154
2025-08-12 11:10:11.176915,5900.01,43.457,38.978,0,0,22.832,23.154
2025-08-12 11:10:21.161651,5910.01,42.49,38.623,0,0,22.832,23.154
2025-08-12 11:10:31.170820,5920.0,41.523,38.043,0,0,22.832,23.154
2025-08-12 11:10:41.181467,5930.01,40.814,37.656,0,0,22.832,23.154
2025-08-12 11:10:51.165254,5940.01,39.912,37.27,0,0,22.832,23.058
2025-08-12 11:11:01.175424,5950.01,39.171,36.689,0,0,22.832,23.154
2025-08-12 11:11:11.172852,5960.01,38.333,36.367,0,0,22.832,23.154
2025-08-12 11:11:21.170007,5970.01,37.656,35.819,0,0,22.832,23.09
2025-08-12 11:11:31.167508,5980.01,37.076,35.465,0,0,22.832,23.09
2025-08-12 11:11:41.176493,5990.01,36.625,35.078,0,0,22.768,22.929
2025-08-12 11:11:51.174742,6000.0,36.045,34.756,0,0,22.832,22.993
2025-08-12 11:12:01.158621,6010.0,35.4,34.401,0,0,22.703,22.929
2025-08-12 11:12:11.181616,6020.01,35.046,33.918,0,0,22.671,22.832
2025-08-12 11:12:21.166230,6030.01,34.434,33.467,0,0,22.639,22.864
2025-08-12 11:12:31.176046,6040.01,34.111,33.145,0,0,22.574,22.832
2025-08-12 11:12:41.159923,6050.01,33.467,32.822,0,0,22.51,22.832
2025-08-12 11:12:51.171152,6060.01,33.112,32.5,0,0,22.51,22.832
2025-08-12 11:13:01.229788,6070.01,32.564,32.178,0,0,22.51,22.832
2025-08-12 11:13:11.164983,6080.01,32.21,31.855,0,0,22.51,22.832
2025-08-12 11:13:21.162118,6090.01,31.855,31.533,0,0,22.51,22.832
2025-08-12 11:13:31.171379,6100.01,31.533,31.211,0,0,22.51,22.832
2025-08-12 11:13:41.168922,6110.01,31.211,31.05,0,0,22.51,22.8
2025-08-12 11:13:51.166625,6120.01,30.985,30.889,0,0,22.284,22.832
2025-08-12 11:14:01.163224,6130.01,30.824,30.566,0,0,22.445,22.8
2025-08-12 11:14:11.160889,6140.0,30.566,30.244,0,0,22.413,22.735
2025-08-12 11:14:21.170587,6150.01,30.244,30.212,0,0,22.381,22.832
2025-08-12 11:14:31.168074,6160.0,29.922,29.922,0,0,22.188,22.735
2025-08-12 11:14:41.165784,6170.01,29.6,29.632,0,0,22.252,22.703
2025-08-12 11:14:51.176208,6180.01,29.567,29.6,0,0,22.22,22.703
2025-08-12 11:15:01.173467,6190.01,29.277,29.277,0,0,22.188,22.574
2025-08-12 11:15:11.170394,6200.01,28.955,29.245,0,0,22.188,22.542
2025-08-12 11:15:21.168309,6210.0,28.955,28.955,0,0,22.188,22.542
2025-08-12 11:15:31.178699,6220.01,28.633,28.794,0,0,22.188,22.51
2025-08-12 11:15:41.174780,6230.01,28.439,28.633,0,0,22.188,22.51
2025-08-12 11:15:51.172180,6240.01,28.311,28.536,0,0,22.188,22.51
2025-08-12 11:16:01.169320,6250.01,27.988,28.311,0,0,22.188,22.51
2025-08-12 11:16:11.167111,6260.01,27.988,28.182,0,0,22.188,22.51
2025-08-12 11:16:21.176421,6270.01,27.795,27.988,0,0,22.188,22.51
2025-08-12 11:16:31.161184,6280.0,27.666,27.924,0,0,22.188,22.51
2025-08-12 11:16:41.225279,6290.01,27.537,27.666,0,0,22.188,22.51
2025-08-12 11:16:51.169202,6300.01,27.344,27.666,0,0,22.188,22.51
2025-08-12 11:17:01.166336,6310.01,27.344,27.537,0,0,22.188,22.51
2025-08-12 11:17:11.162477,6320.01,27.247,27.344,0,0,22.188,22.51
2025-08-12 11:17:21.160880,6330.01,27.021,27.344,0,0,22.188,22.478
2025-08-12 11:17:31.170067,6340.01,27.021,27.312,0,0,22.188,22.51
2025-08-12 11:17:41.167264,6350.01,26.764,27.021,0,0,22.123,22.349
2025-08-12 11:17:51.164369,6360.01,26.699,27.021,0,0,22.091,22.51
2025-08-12 11:18:01.174278,6370.01,26.699,26.957,0,0,22.155,22.51
2025-08-12 11:18:11.171974,6380.01,26.506,26.699,0,0,22.091,22.252
2025-08-12 11:18:21.168749,6390.0,26.377,26.699,0,0,22.188,22.413
2025-08-12 11:18:31.165859,6400.0,26.377,26.603,0,0,22.091,22.413
2025-08-12 11:18:41.178187,6410.01,26.345,26.377,0,0,22.059,22.284
2025-08-12 11:18:51.168903,6420.0,26.248,26.377,0,0,21.93,22.445
2025-08-12 11:19:01.171637,6430.01,26.055,26.377,0,0,22.059,22.413
2025-08-12 11:19:11.168106,6440.0,26.055,26.28,0,0,22.091,22.316
2025-08-12 11:19:21.165516,6450.0,25.99,26.055,0,0,22.026,22.316
2025-08-12 11:19:31.174930,6460.01,25.829,26.055,0,0,21.93,22.316
2025-08-12 11:19:41.173583,6470.01,25.797,26.055,0,0,21.93,22.381
2025-08-12 11:19:51.182267,6480.01,25.732,26.055,0,0,21.897,22.413
2025-08-12 11:20:01.181425,6490.01,25.732,25.797,0,0,21.93,22.381
2025-08-12 11:20:11.177759,6500.01,25.7,25.732,0,0,21.897,22.349
2025-08-12 11:20:21.174854,6510.01,25.507,25.732,0,0,21.93,22.381
2025-08-12 11:20:31.183948,6520.01,25.41,25.732,0,0,21.962,22.413
2025-08-12 11:20:41.168575,6530.01,25.41,25.732,0,0,22.091,22.51
2025-08-12 11:20:51.180023,6540.01,25.41,25.668,0,0,22.155,22.51
2025-08-12 11:21:01.162901,6550.01,25.41,25.442,0,0,22.188,22.51
2025-08-12 11:21:11.160009,6560.01,25.41,25.41,0,0,22.188,22.51
2025-08-12 11:21:21.169803,6570.01,25.378,25.41,0,0,22.188,22.51
2025-08-12 11:21:31.179998,6580.01,25.346,25.41,0,0,22.188,22.51
2025-08-12 11:21:41.164141,6590.01,25.281,25.41,0,0,22.188,22.51
2025-08-12 11:21:51.175127,6600.01,25.185,25.41,0,0,22.188,22.51
2025-08-12 11:22:01.172209,6610.01,25.152,25.281,0,0,22.188,22.51
2025-08-12 11:22:11.169115,6620.01,25.088,25.249,0,0,22.284,22.606
2025-08-12 11:22:21.165474,6630.01,25.088,25.12,0,0,22.284,22.542
2025-08-12 11:22:31.175690,6640.01,25.088,25.088,0,0,22.316,22.703
2025-08-12 11:22:41.172803,6650.01,25.088,25.088,0,0,22.413,22.8
2025-08-12 11:22:51.237577,6660.01,25.152,25.346,0,29,22.478,22.735
2025-08-12 11:23:01.180944,6670.01,25.185,25.088,0,29,22.478,22.8
2025-08-12 11:23:11.177249,6680.01,25.185,25.571,0,29,22.51,22.832
2025-08-12 11:23:21.160709,6690.01,25.12,25.604,0,29,22.51,22.8
2025-08-12 11:23:31.173794,6700.01,25.088,26.119,0,29,22.51,22.832
2025-08-12 11:23:41.167793,6710.01,25.217,26.474,0,29,22.51,22.832
2025-08-12 11:23:51.165504,6720.01,25.249,26.699,0,29,22.51,22.832
2025-08-12 11:24:01.162135,6730.0,25.475,27.312,0,29,22.51,22.832
2025-08-12 11:24:11.171951,6740.01,25.539,27.666,0,29,22.51,22.832
2025-08-12 11:24:21.168861,6750.01,25.41,27.988,0,29,22.542,22.832
2025-08-12 11:24:31.166129,6760.01,25.604,28.439,0,29,22.606,22.864
2025-08-12 11:24:41.163249,6770.01,25.732,28.633,0,29,22.542,22.896
2025-08-12 11:24:51.173646,6780.01,25.861,29.148,0,29,22.703,22.993
2025-08-12 11:25:01.241951,6790.01,26.184,29.761,56,29,22.671,22.961
2025-08-12 11:25:11.168794,6800.01,26.377,30.276,56,29,22.703,22.929
2025-08-12 11:25:21.165481,6810.0,27.021,30.631,56,29,22.768,23.122
2025-08-12 11:25:31.163417,6820.0,28.149,30.889,56,29,22.832,23.058
2025-08-12 11:25:41.173302,6830.0,29.471,31.308,56,29,22.8,23.154
2025-08-12 11:25:51.183827,6840.01,30.695,31.759,56,29,22.832,23.09
2025-08-12 11:26:01.167742,6850.01,32.371,32.178,56,29,22.832,23.154
2025-08-12 11:26:11.165635,6860.0,33.95,32.758,56,29,22.832,23.154
2025-08-12 11:26:21.174732,6870.01,35.723,33.08,56,29,22.832,23.154
2025-08-12 11:26:31.172368,6880.01,37.237,33.596,56,29,22.832,23.154
2025-08-12 11:26:41.170149,6890.01,38.752,34.305,56,29,22.832,23.154
2025-08-12 11:26:51.166719,6900.01,40.299,34.82,56,29,22.832,23.154
2025-08-12 11:27:01.220022,6910.01,41.588,35.207,0,29,22.832,23.154
2025-08-12 11:27:11.160590,6920.01,42.748,35.723,0,29,22.929,23.154
2025-08-12 11:27:21.171033,6930.0,43.425,36.045,0,29,22.896,23.154
2025-08-12 11:27:31.181137,6940.01,43.683,36.561,0,29,22.896,23.154
2025-08-12 11:27:41.170860,6950.01,43.586,37.141,0,29,22.929,23.154
2025-08-12 11:27:51.168560,6960.01,43.199,37.624,0,29,22.832,23.154
2025-08-12 11:28:01.165100,6970.01,42.813,37.785,0,29,22.896,23.154
2025-08-12 11:28:11.175736,6980.01,42.168,38.107,0,29,22.832,23.154
2025-08-12 11:28:21.160328,6990.0,41.652,38.269,0,29,22.832,23.154
2025-08-12 11:28:31.171070,7000.01,41.072,38.623,0,29,22.864,23.154
2025-08-12 11:28:41.180878,7010.01,40.524,38.881,0,29,22.832,23.154
2025-08-12 11:28:51.165226,7020.01,39.944,38.752,0,29,22.832,23.154
2025-08-12 11:29:01.176285,7030.01,39.332,38.784,0,29,22.832,23.154
2025-08-12 11:29:11.159926,7040.01,38.623,38.752,0,29,22.832,23.154
2025-08-12 11:29:21.170543,7050.01,37.979,38.881,0,29,22.832,23.154
2025-08-12 11:29:31.167890,7060.0,37.688,39.01,0,29,22.832,23.122
2025-08-12 11:29:41.165558,7070.0,37.141,38.913,0,29,22.832,23.154
2025-08-12 11:29:51.175334,7080.01,36.689,38.849,0,29,22.768,23.058
2025-08-12 11:30:01.160744,7090.0,36.045,38.784,0,29,22.703,23.025
2025-08-12 11:30:11.170180,7100.01,35.787,38.752,0,29,22.703,22.864
2025-08-12 11:30:21.168178,7110.0,35.207,38.623,0,29,22.51,22.832
2025-08-12 11:30:31.166514,7120.01,34.885,38.752,0,29,22.51,22.832
2025-08-12 11:30:41.175827,7130.01,34.498,38.462,0,29,22.51,22.832
2025-08-12 11:30:51.174349,7140.01,34.111,38.623,0,29,22.51,22.832
2025-08-12 11:31:01.172081,7150.01,33.854,38.623,0,29,22.51,22.832
2025-08-12 11:31:11.180686,7160.01,33.596,38.559,0,29,22.51,22.832
2025-08-12 11:31:21.166671,7170.01,33.209,38.333,0,29,22.51,22.832
2025-08-12 11:31:31.175531,7180.01,32.854,37.979,0,29,22.51,22.832
2025-08-12 11:31:41.173471,7190.01,32.822,38.269,0,29,22.51,22.832
2025-08-12 11:31:51.170830,7200.01,32.629,38.075,0,29,22.51,22.832
2025-08-12 11:32:01.244724,7210.01,32.242,37.688,0,0,22.51,22.832
2025-08-12 11:32:11.165018,7220.0,32.146,37.656,0,0,22.478,22.8
2025-08-12 11:32:21.162410,7230.01,31.855,37.334,0,0,22.413,22.735
2025-08-12 11:32:31.174137,7240.01,31.533,37.012,0,0,22.445,22.703
2025-08-12 11:32:41.158071,7250.0,31.437,36.657,0,0,22.349,22.8
2025-08-12 11:32:51.181617,7260.01,31.211,36.045,0,0,22.284,22.51
2025-08-12 11:33:01.179045,7270.01,30.889,35.594,0,0,22.22,22.606
2025-08-12 11:33:11.176906,7280.01,30.663,35.078,0,0,22.188,22.51
2025-08-12 11:33:21.173254,7290.01,30.566,34.466,0,0,22.188,22.51
2025-08-12 11:33:31.171613,7300.0,30.244,34.111,0,0,22.188,22.51
2025-08-12 11:33:41.181336,7310.01,30.019,33.596,0,0,22.188,22.542
2025-08-12 11:33:51.178206,7320.01,29.922,33.145,0,0,22.188,22.51
2025-08-12 11:34:01.175839,7330.01,29.6,32.822,0,0,22.188,22.51
2025-08-12 11:34:11.161452,7340.0,29.438,32.339,0,0,22.188,22.51
2025-08-12 11:34:21.183313,7350.01,29.245,31.855,0,0,22.188,22.51
2025-08-12 11:34:31.181543,7360.01,28.955,31.533,0,0,22.188,22.51
2025-08-12 11:34:41.178837,7370.01,28.891,31.211,0,0,22.188,22.51
2025-08-12 11:34:51.177139,7380.01,28.633,30.889,0,0,22.188,22.51
2025-08-12 11:35:01.172925,7390.01,28.504,30.566,0,0,22.188,22.51
2025-08-12 11:35:11.183338,7400.01,28.311,30.244,0,0,22.188,22.51
2025-08-12 11:35:21.179982,7410.01,28.214,29.922,0,0,22.188,22.51
2025-08-12 11:35:31.165112,7420.01,27.988,29.632,0,0,22.188,22.478
2025-08-12 11:35:41.162582,7430.01,27.892,29.406,0,0,22.188,22.51
2025-08-12 11:35:51.172122,7440.01,27.666,29.277,0,0,22.188,22.445
2025-08-12 11:36:01.156824,7450.0,27.634,28.955,0,0,22.155,22.381
2025-08-12 11:36:11.167733,7460.01,27.344,28.633,0,0,22.155,22.413
2025-08-12 11:36:21.165155,7470.0,27.344,28.568,0,0,22.123,22.445
2025-08-12 11:36:31.162932,7480.0,27.054,28.311,0,0,21.994,22.316
2025-08-12 11:36:41.231869,7490.01,27.021,28.085,0,0,21.962,22.349
2025-08-12 11:36:51.225121,7500.01,26.764,27.988,0,0,22.059,22.188
2025-08-12 11:37:01.181248,7510.01,26.699,27.698,0,0,21.994,22.316
2025-08-12 11:37:11.165796,7520.01,26.667,27.634,0,0,21.994,22.252
2025-08-12 11:37:21.163534,7530.0,26.474,27.344,0,0,22.026,22.284
2025-08-12 11:37:31.173476,7540.01,26.377,27.344,0,0,21.865,22.188
2025-08-12 11:37:41.158065,7550.0,26.377,27.054,0,0,21.93,22.252
2025-08-12 11:37:51.168669,7560.01,26.248,27.021,0,0,21.865,22.188
2025-08-12 11:38:01.166071,7570.0,26.087,27.021,0,0,22.059,22.316
2025-08-12 11:38:11.176385,7580.01,26.055,26.699,0,0,21.865,22.252
2025-08-12 11:38:21.174188,7590.01,26.055,26.699,0,0,21.865,22.188
2025-08-12 11:38:31.157752,7600.0,25.99,26.506,0,0,21.897,22.188
2025-08-12 11:38:41.168451,7610.01,25.732,26.377,0,0,21.865,22.188
2025-08-12 11:38:51.166044,7620.01,25.732,26.377,0,0,21.865,22.188
2025-08-12 11:39:01.162615,7630.0,25.732,26.216,0,0,21.865,22.252
2025-08-12 11:39:11.173173,7640.01,25.571,26.087,0,0,21.865,22.188
2025-08-12 11:39:21.170292,7650.01,25.41,26.055,0,0,21.865,22.188
2025-08-12 11:39:31.167547,7660.01,25.41,26.055,0,0,21.897,22.22
2025-08-12 11:39:41.178720,7670.01,25.41,25.797,0,0,21.93,22.284
2025-08-12 11:39:51.176819,7680.01,25.41,25.732,0,0,21.897,22.284
2025-08-12 11:40:01.174144,7690.01,25.41,25.732,0,0,22.059,22.381
2025-08-12 11:40:11.171450,7700.01,25.346,25.7,0,0,22.155,22.445
2025-08-12 11:40:21.168959,7710.0,25.313,25.442,0,0,22.188,22.51
2025-08-12 11:40:31.179180,7720.01,25.152,25.442,0,0,22.188,22.51
2025-08-12 11:40:41.237769,7730.01,25.12,25.539,0,16,22.188,22.51
2025-08-12 11:40:51.161558,7740.0,25.088,25.539,0,16,22.188,22.51
2025-08-12 11:41:01.171332,7750.0,25.088,25.539,0,16,22.188,22.51
2025-08-12 11:41:11.168878,7760.0,25.152,25.829,0,16,22.188,22.51
2025-08-12 11:41:21.179152,7770.01,25.152,25.894,0,16,22.188,22.51
2025-08-12 11:41:31.176943,7780.01,25.088,26.184,0,16,22.188,22.542
2025-08-12 11:41:41.161641,7790.0,25.088,26.184,0,16,22.349,22.574
2025-08-12 11:41:51.171302,7800.0,25.152,26.377,0,16,22.316,22.574
2025-08-12 11:42:01.168909,7810.01,25.185,26.699,0,16,22.381,22.671
2025-08-12 11:42:11.178896,7820.01,25.217,26.86,0,16,22.349,22.768
2025-08-12 11:42:21.176504,7830.01,25.442,27.021,0,16,22.51,22.768
2025-08-12 11:42:31.174413,7840.01,25.41,27.279,0,16,22.478,22.832
2025-08-12 11:42:41.171433,7850.01,25.475,27.344,0,16,22.51,22.832
2025-08-12 11:42:51.168775,7860.01,25.41,27.763,0,16,22.51,22.832
2025-08-12 11:43:01.179449,7870.01,25.442,27.827,0,16,22.51,22.832
2025-08-12 11:43:11.163888,7880.0,25.571,27.988,0,16,22.51,22.832
2025-08-12 11:43:21.173501,7890.01,25.668,28.117,0,16,22.51,22.832
2025-08-12 11:43:31.171347,7900.01,25.765,28.375,0,16,22.51,22.832
2025-08-12 11:43:41.182536,7910.01,25.829,28.439,0,16,22.542,22.832
2025-08-12 11:43:51.179216,7920.01,25.894,28.375,0,16,22.639,22.832
2025-08-12 11:44:01.164077,7930.0,26.087,28.633,0,16,22.735,22.864
2025-08-12 11:44:11.174553,7940.01,26.055,28.633,0,16,22.8,22.993
2025-08-12 11:44:21.183888,7950.01,26.119,28.826,0,16,22.832,22.896
2025-08-12 11:44:31.181100,7960.01,26.119,29.084,0,16,22.832,22.993
2025-08-12 11:44:41.252092,7970.01,26.184,29.148,15,16,22.832,23.09
2025-08-12 11:44:51.175918,7980.01,26.377,29.31,15,16,22.8,23.058
2025-08-12 11:45:01.173728,7990.01,26.506,29.342,15,16,22.832,23.122
2025-08-12 11:45:11.170587,8000.01,26.828,29.503,15,16,22.832,23.122
2025-08-12 11:45:21.168514,8010.01,27.086,29.729,15,16,22.832,23.058
2025-08-12 11:45:31.166487,8020.01,27.634,29.664,15,16,22.832,23.154
2025-08-12 11:45:41.164047,8030.01,28.021,29.825,15,16,22.832,23.154
2025-08-12 11:45:51.173304,8040.01,28.439,30.083,15,16,22.832,23.154
2025-08-12 11:46:01.184313,8050.01,28.987,30.019,15,16,22.832,23.154
2025-08-12 11:46:11.168221,8060.01,29.342,30.438,15,16,22.832,23.154
2025-08-12 11:46:21.180207,8070.01,29.696,30.341,15,16,22.864,23.154
2025-08-12 11:46:31.176350,8080.01,30.051,30.599,15,16,22.832,23.154
2025-08-12 11:46:41.173796,8090.0,30.534,30.695,15,16,22.832,23.154
2025-08-12 11:46:51.170886,8100.01,30.921,30.856,15,16,22.832,23.154
2025-08-12 11:47:01.168711,8110.0,31.211,31.146,15,16,22.8,23.154
2025-08-12 11:47:11.153325,8120.0,31.404,31.243,15,16,22.671,23.122
2025-08-12 11:47:21.176592,8130.01,31.694,31.437,15,16,22.735,23.122
2025-08-12 11:47:31.173571,8140.01,31.92,31.694,15,16,22.703,23.09
2025-08-12 11:47:41.171067,8150.01,32.242,31.791,15,16,22.574,23.058
2025-08-12 11:47:51.168532,8160.01,32.597,31.984,15,16,22.574,23.058
2025-08-12 11:48:01.166630,8170.0,32.822,31.92,15,16,22.542,23.09
2025-08-12 11:48:11.230478,8180.01,32.887,32.017,15,0,22.639,22.929
2025-08-12 11:48:21.174491,8190.01,33.209,32.274,15,0,22.51,22.832
2025-08-12 11:48:31.172147,8200.0,33.499,32.21,15,0,22.51,22.929
2025-08-12 11:48:41.169950,8210.0,33.531,32.146,15,0,22.51,22.896
2025-08-12 11:48:51.166708,8220.01,33.821,32.049,15,0,22.51,22.832
2025-08-12 11:49:01.164584,8230.0,33.886,31.92,15,0,22.51,22.832
2025-08-12 11:49:11.161770,8240.0,33.95,31.823,15,0,22.51,22.832
2025-08-12 11:49:21.159041,8250.0,34.079,31.63,15,0,22.51,22.832
2025-08-12 11:49:31.182101,8260.01,34.208,31.598,15,0,22.51,22.832
2025-08-12 11:49:41.178982,8270.01,34.272,31.372,15,0,22.51,22.832
2025-08-12 11:49:51.163243,8280.0,34.305,31.243,15,0,22.445,22.832
2025-08-12 11:50:01.160866,8290.01,34.466,31.243,15,0,22.478,22.8
2025-08-12 11:50:11.171033,8300.01,34.498,30.921,15,0,22.478,22.832
2025-08-12 11:50:21.181361,8310.01,34.498,30.985,15,0,22.478,22.8
2025-08-12 11:50:31.178691,8320.01,34.466,30.889,15,0,22.381,22.639
2025-08-12 11:50:41.163136,8330.0,34.563,30.728,15,0,22.381,22.735
2025-08-12 11:50:51.173517,8340.01,34.563,30.599,15,0,22.252,22.703
2025-08-12 11:51:01.158474,8350.0,34.563,30.599,15,0,22.284,22.574
2025-08-12 11:51:11.168953,8360.01,34.53,30.566,15,0,22.22,22.639
2025-08-12 11:51:21.166284,8370.0,34.691,30.341,15,0,22.188,22.51
2025-08-12 11:51:31.176531,8380.01,34.788,30.276,15,0,22.188,22.51
2025-08-12 11:51:41.174219,8390.01,34.756,30.276,15,0,22.188,22.51
2025-08-12 11:51:51.171256,8400.01,34.82,30.244,15,0,22.188,22.51
2025-08-12 11:52:01.168880,8410.01,34.82,30.244,15,0,22.188,22.51
2025-08-12 11:52:11.166243,8420.01,34.853,30.051,15,0,22.188,22.51
2025-08-12 11:52:21.163496,8430.01,34.788,29.954,15,0,22.188,22.51
2025-08-12 11:52:31.173779,8440.01,34.788,29.986,15,0,22.188,22.51
2025-08-12 11:52:41.175919,8450.01,34.788,29.954,15,0,22.188,22.51
2025-08-12 11:52:51.162969,8460.01,34.885,29.986,15,0,22.188,22.51
2025-08-12 11:53:01.175088,8470.01,34.788,29.922,15,0,22.188,22.51
2025-08-12 11:53:11.173327,8480.01,34.756,29.761,15,0,22.188,22.51
2025-08-12 11:53:21.170575,8490.01,34.788,29.6,15,0,22.188,22.51
2025-08-12 11:53:31.231669,8500.01,34.885,29.793,15,30,22.188,22.51
2025-08-12 11:53:41.165758,8510.0,34.788,29.696,15,30,22.188,22.51
2025-08-12 11:53:51.176217,8520.01,34.82,30.083,15,30,22.188,22.51
2025-08-12 11:54:01.226706,8530.01,34.756,30.309,0,30,22.188,22.51
2025-08-12 11:54:11.171417,8540.0,34.756,30.695,0,30,22.123,22.51
2025-08-12 11:54:21.169037,8550.01,34.756,31.018,0,30,22.188,22.51
2025-08-12 11:54:31.166533,8560.0,34.434,31.372,0,30,22.155,22.51
2025-08-12 11:54:41.163425,8570.01,34.24,31.855,0,30,22.188,22.51
2025-08-12 11:54:51.161423,8580.0,33.789,32.274,0,30,22.155,22.51
2025-08-12 11:55:01.171375,8590.01,33.467,32.629,0,30,22.123,22.478
2025-08-12 11:55:11.169414,8600.01,33.209,33.048,0,30,22.091,22.51
2025-08-12 11:55:21.167172,8610.01,32.919,33.112,0,30,21.93,22.445
2025-08-12 11:55:31.164586,8620.0,32.597,33.596,0,30,22.026,22.413
2025-08-12 11:55:41.174848,8630.01,32.532,33.725,0,30,21.93,22.284
2025-08-12 11:55:51.172336,8640.0,32.178,33.789,0,30,22.059,22.381
2025-08-12 11:56:01.169732,8650.01,31.92,34.111,0,30,21.93,22.284
2025-08-12 11:56:11.167678,8660.0,31.63,34.337,0,30,21.93,22.252
2025-08-12 11:56:21.165326,8670.01,31.533,34.595,0,30,21.865,22.284
2025-08-12 11:56:31.162829,8680.0,31.211,34.724,0,30,21.994,22.284
2025-08-12 11:56:41.242309,8690.01,31.018,34.885,0,11,21.897,22.22
2025-08-12 11:56:51.170764,8700.0,30.889,34.885,0,11,21.93,22.22
2025-08-12 11:57:01.181331,8710.01,30.599,34.82,0,11,21.897,22.22
2025-08-12 11:57:11.178422,8720.01,30.566,34.627,0,11,21.865,22.252
2025-08-12 11:57:21.162899,8730.0,30.309,34.434,0,11,21.865,22.188
2025-08-12 11:57:31.173725,8740.01,30.244,34.498,0,11,21.865,22.188
2025-08-12 11:57:41.171109,8750.0,29.922,34.111,0,11,21.865,22.188
2025-08-12 11:57:51.168622,8760.01,29.922,33.789,0,11,21.865,22.188
2025-08-12 11:58:01.166302,8770.0,29.696,33.628,0,11,21.865,22.22
2025-08-12 11:58:11.163948,8780.01,29.567,33.435,0,11,21.865,22.188
2025-08-12 11:58:21.174967,8790.01,29.277,33.145,0,11,21.865,22.188
2025-08-12 11:58:31.171765,8800.01,29.277,32.822,0,11,21.865,22.188
2025-08-12 11:58:41.169082,8810.01,29.052,32.887,0,11,21.865,22.188
2025-08-12 11:58:51.166864,8820.0,28.955,32.629,0,11,21.865,22.188
2025-08-12 11:59:01.164153,8830.0,28.858,32.242,0,11,21.865,22.188
2025-08-12 11:59:11.161786,8840.01,28.697,32.178,0,11,21.865,22.188
2025-08-12 11:59:21.172099,8850.01,28.633,31.855,0,11,21.93,22.22
2025-08-12 11:59:31.156743,8860.0,28.568,31.984,0,11,21.93,22.188
2025-08-12 11:59:41.154207,8870.0,28.472,31.759,0,11,21.962,22.22
2025-08-12 11:59:51.164802,8880.0,28.375,31.662,0,11,22.123,22.252
2025-08-12 12:00:01.161993,8890.0,28.311,31.63,0,11,22.155,22.284
2025-08-12 12:00:11.172612,8900.01,28.375,31.34,0,11,22.188,22.51
2025-08-12 12:00:21.239884,8910.01,28.568,31.501,91,11,22.188,22.478
2025-08-12 12:00:31.167197,8920.01,28.633,31.404,91,11,22.188,22.51
2025-08-12 12:00:41.165139,8930.0,29.567,31.533,91,11,22.188,22.51
2025-08-12 12:00:51.234211,8940.01,31.114,31.437,91,26,22.188,22.51
2025-08-12 12:01:01.172587,8950.01,33.08,31.501,91,26,22.188,22.51
2025-08-12 12:01:11.170325,8960.01,35.239,31.888,91,26,22.188,22.51
2025-08-12 12:01:21.168173,8970.01,37.688,32.242,91,26,22.188,22.51
2025-08-12 12:01:31.165749,8980.0,39.977,32.597,91,26,22.316,22.51
2025-08-12 12:01:41.175890,8990.01,42.49,33.306,91,26,22.445,22.51
2025-08-12 12:01:51.160408,9000.0,44.585,33.628,91,26,22.413,22.639
2025-08-12 12:02:01.170570,9010.01,47.099,34.369,91,26,22.478,22.639
2025-08-12 12:02:11.168495,9020.01,49.483,35.143,91,26,22.51,22.671
2025-08-12 12:02:21.165707,9030.01,51.707,35.916,91,26,22.51,22.703
2025-08-12 12:02:31.163210,9040.01,53.705,36.915,91,26,22.51,22.832
2025-08-12 12:02:41.160981,9050.01,55.671,37.85,91,26,22.51,22.832
2025-08-12 12:02:51.171164,9060.01,57.701,38.333,91,26,22.51,22.832
2025-08-12 12:03:01.168181,9070.01,59.377,39.364,91,26,22.51,22.832
2025-08-12 12:03:11.165737,9080.01,61.182,39.977,91,26,22.51,22.832
2025-08-12 12:03:21.162909,9090.01,62.696,40.976,91,26,22.51,22.832
2025-08-12 12:03:31.160694,9100.0,64.372,41.491,91,26,22.51,22.832
2025-08-12 12:03:41.170855,9110.01,65.693,42.361,91,26,22.51,22.832
2025-08-12 12:03:51.168029,9120.01,67.047,43.07,91,26,22.51,22.832
2025-08-12 12:04:01.165506,9130.01,68.465,43.779,91,26,22.51,22.832
2025-08-12 12:04:11.162651,9140.01,69.464,44.553,91,26,22.542,22.864
2025-08-12 12:04:21.173581,9150.01,70.592,45.101,91,26,22.542,22.832
2025-08-12 12:04:31.230024,9160.01,71.559,45.842,78,26,22.542,22.896
2025-08-12 12:04:41.155348,9170.0,72.59,46.486,78,26,22.574,22.929
2025-08-12 12:04:51.165983,9180.01,73.202,47.002,78,26,22.574,22.993
2025-08-12 12:05:01.163778,9190.0,74.072,47.937,78,26,22.671,22.929
2025-08-12 12:05:11.161065,9200.0,74.62,48.355,78,26,22.768,23.058
2025-08-12 12:05:21.158765,9210.0,74.942,48.936,78,26,22.832,23.09
2025-08-12 12:05:31.169525,9220.01,75.265,49.548,78,26,22.832,23.058
2025-08-12 12:05:41.166783,9230.0,75.619,49.741,78,26,22.832,23.09
2025-08-12 12:05:51.230427,9240.01,75.361,50.063,78,0,22.8,23.154
2025-08-12 12:06:01.161279,9250.0,75.651,50.482,78,0,22.671,23.154
2025-08-12 12:06:11.159186,9260.01,75.587,50.611,78,0,22.639,23.154
2025-08-12 12:06:21.169554,9270.01,75.748,50.676,78,0,22.768,23.154
2025-08-12 12:06:31.167092,9280.01,75.748,50.74,78,0,22.671,23.025
2025-08-12 12:06:41.151879,9290.0,75.909,50.644,78,0,22.574,23.122
2025-08-12 12:06:51.162571,9300.0,75.909,50.676,78,0,22.51,23.09
2025-08-12 12:07:01.159986,9310.0,76.07,50.611,78,0,22.542,22.864
2025-08-12 12:07:11.157599,9320.01,76.038,50.482,78,0,22.51,22.896
2025-08-12 12:07:21.155124,9330.0,75.813,50.289,78,0,22.51,22.864
2025-08-12 12:07:31.165767,9340.01,75.619,50.354,78,0,22.51,22.864
2025-08-12 12:07:41.163629,9350.0,75.651,50.128,78,0,22.51,22.832
2025-08-12 12:07:51.160668,9360.0,75.716,49.967,78,0,22.51,22.832
2025-08-12 12:08:01.214309,9370.0,75.071,49.548,9,0,22.51,22.832
2025-08-12 12:08:11.168233,9380.01,74.717,49.354,9,0,22.51,22.832
2025-08-12 12:08:21.165913,9390.01,74.04,49.29,9,0,22.51,22.832
2025-08-12 12:08:31.163235,9400.01,72.815,48.936,9,0,22.51,22.832
2025-08-12 12:08:41.160263,9410.01,71.172,48.678,9,0,22.51,22.832
2025-08-12 12:08:51.157610,9420.0,69.561,48.291,9,0,22.478,22.832
2025-08-12 12:09:01.168001,9430.01,67.853,47.969,9,0,22.51,22.832
2025-08-12 12:09:11.165531,9440.0,66.08,47.421,9,0,22.51,22.832
2025-08-12 12:09:21.163006,9450.01,64.146,47.034,9,0,22.478,22.735
2025-08-12 12:09:31.160570,9460.0,62.535,46.454,9,0,22.381,22.768
2025-08-12 12:09:41.209366,9470.01,60.569,46.035,0,0,22.316,22.703
2025-08-12 12:09:51.168042,9480.01,58.926,45.391,0,0,22.284,22.671
2025-08-12 12:10:01.165394,9490.0,57.314,44.843,0,0,22.188,22.703
2025-08-12 12:10:11.175773,9500.01,55.703,44.424,0,0,22.252,22.671
2025-08-12 12:10:21.160482,9510.0,54.092,43.812,0,0,22.188,22.542
2025-08-12 12:10:31.170597,9520.01,52.48,43.328,0,0,22.188,22.51
2025-08-12 12:10:41.167707,9530.01,51.191,42.813,0,0,22.188,22.51
2025-08-12 12:10:51.164998,9540.01,49.58,42.168,0,0,22.188,22.51
2025-08-12 12:11:01.174986,9550.01,48.291,41.523,0,0,22.188,22.51
2025-08-12 12:11:11.172327,9560.01,47.002,40.879,0,0,22.188,22.51
2025-08-12 12:11:21.169932,9570.01,45.713,40.396,0,0,22.188,22.51
2025-08-12 12:11:31.167565,9580.01,44.649,39.88,0,0,22.188,22.51
2025-08-12 12:11:41.235249,9590.01,43.489,39.364,30,0,22.188,22.51
2025-08-12 12:11:51.162177,9600.01,42.684,38.945,30,0,22.188,22.51
2025-08-12 12:12:01.172732,9610.01,41.942,38.397,30,0,22.188,22.51
2025-08-12 12:12:11.170217,9620.01,41.652,38.043,30,0,22.188,22.51
2025-08-12 12:12:21.167550,9630.01,41.556,37.463,30,0,22.188,22.51
2025-08-12 12:12:31.164619,9640.01,41.427,37.205,30,0,22.155,22.51
2025-08-12 12:12:41.174947,9650.01,41.459,36.754,30,0,22.188,22.51
2025-08-12 12:12:51.172278,9660.01,41.62,36.399,30,0,22.188,22.51
2025-08-12 12:13:01.169798,9670.01,41.652,36.109,30,0,22.155,22.51
2025-08-12 12:13:11.167222,9680.01,41.942,36.013,30,0,22.155,22.51
2025-08-12 12:13:21.177658,9690.01,41.975,35.787,30,0,22.155,22.51
2025-08-12 12:13:31.162131,9700.01,42.232,35.529,30,0,22.155,22.51
2025-08-12 12:13:41.172474,9710.01,42.297,35.465,30,0,22.188,22.445
2025-08-12 12:13:51.169927,9720.0,42.458,35.336,30,0,22.059,22.413
2025-08-12 12:14:01.235610,9730.01,42.587,35.304,30,17,22.091,22.445
2025-08-12 12:14:11.144685,9739.99,42.78,34.981,30,17,22.123,22.381
2025-08-12 12:14:21.155728,9749.99,42.974,35.175,30,17,22.123,22.381
2025-08-12 12:14:31.159415,9760.0,43.038,35.271,30,17,21.897,22.381
2025-08-12 12:14:41.166434,9770.01,43.231,35.11,30,17,22.059,22.316
2025-08-12 12:14:51.162318,9780.0,43.328,35.465,30,17,21.962,22.316
2025-08-12 12:15:01.171081,9790.0,43.618,35.497,30,17,22.188,22.188
2025-08-12 12:15:11.168145,9800.01,43.65,35.787,30,17,22.091,22.252
2025-08-12 12:15:21.165689,9810.0,43.779,36.142,30,17,22.155,22.316
2025-08-12 12:15:31.162660,9820.01,43.908,36.367,30,17,22.026,22.316
2025-08-12 12:15:41.173252,9830.01,44.069,36.496,30,17,21.865,22.252
2025-08-12 12:15:51.170553,9840.01,44.166,36.722,30,17,21.962,22.252
2025-08-12 12:16:01.167556,9850.0,44.198,36.786,30,17,22.026,22.316
2025-08-12 12:16:11.165387,9860.01,44.327,36.979,30,17,21.897,22.252
2025-08-12 12:16:21.175598,9870.0,44.263,37.205,30,17,21.93,22.188
2025-08-12 12:16:31.172868,9880.01,44.456,37.302,30,17,22.123,22.252
2025-08-12 12:16:41.170204,9890.01,44.585,37.302,30,17,21.93,22.22
2025-08-12 12:16:51.155043,9900.0,44.843,37.56,30,17,21.865,22.188
2025-08-12 12:17:01.164793,9910.0,44.778,37.656,30,17,21.865,22.188
2025-08-12 12:17:11.162423,9920.0,44.875,37.785,30,17,21.897,22.22
2025-08-12 12:17:21.172673,9930.0,45.101,37.882,30,17,21.865,22.188
2025-08-12 12:17:31.170088,9940.01,45.165,37.914,30,17,21.865,22.188
2025-08-12 12:17:41.166955,9950.0,45.133,38.236,30,17,21.865,22.188
2025-08-12 12:17:51.164368,9960.0,45.294,38.204,30,17,21.865,22.188
2025-08-12 12:18:01.161346,9970.0,45.391,38.204,30,17,21.865,22.188
2025-08-12 12:18:11.172126,9980.01,45.455,38.107,30,17,21.865,22.188
2025-08-12 12:18:21.168950,9990.01,45.584,38.365,30,17,21.865,22.188
2025-08-12 12:18:31.179370,10000.01,45.552,38.526,30,17,21.865,22.188
2025-08-12 12:18:41.163501,10010.0,45.584,38.688,30,17,21.865,22.188
2025-08-12 12:18:51.174043,10020.0,45.584,38.72,30,17,21.865,22.188
2025-08-12 12:19:01.242072,10030.01,45.648,38.688,76,17,21.865,22.188
2025-08-12 12:19:11.168225,10040.0,45.938,39.01,76,17,21.865,22.188
2025-08-12 12:19:21.165928,10050.0,46.68,39.139,76,17,21.865,22.188
2025-08-12 12:19:31.163248,10060.0,47.389,39.171,76,17,21.801,22.188
2025-08-12 12:19:41.173337,10070.0,48.42,39.332,76,17,21.865,22.188
2025-08-12 12:19:51.243908,10080.01,49.741,39.751,76,43,21.865,22.188
2025-08-12 12:20:01.167309,10090.01,50.805,40.202,76,43,21.865,22.188
2025-08-12 12:20:11.165109,10100.0,52.158,40.073,76,43,21.865,22.188
2025-08-12 12:20:21.230766,10110.0,53.447,40.976,58,43,21.865,22.22
2025-08-12 12:20:31.159382,10120.01,54.672,41.233,58,43,21.865,22.188
2025-08-12 12:20:41.156979,10130.0,55.8,42.071,58,43,21.962,22.22
2025-08-12 12:20:51.167116,10140.01,56.638,42.522,58,43,22.091,22.316
2025-08-12 12:21:01.163867,10150.01,57.347,43.006,58,43,22.091,22.381
2025-08-12 12:21:11.161567,10160.01,58.056,43.844,58,43,22.155,22.478
2025-08-12 12:21:21.159184,10170.01,58.894,44.617,58,43,22.155,22.51
2025-08-12 12:21:31.156350,10180.01,59.28,44.972,58,43,22.188,22.51
2025-08-12 12:21:41.166622,10190.0,59.57,45.842,58,43,22.155,22.51
2025-08-12 12:21:51.163986,10200.0,60.15,46.422,58,43,22.188,22.51
2025-08-12 12:22:01.173869,10210.01,60.73,46.841,58,43,22.188,22.51
2025-08-12 12:22:11.158274,10220.0,61.214,47.711,58,43,22.188,22.51
2025-08-12 12:22:21.168264,10230.0,61.601,48.162,58,43,22.188,22.51
2025-08-12 12:22:31.222549,10240.0,61.858,48.291,0,43,22.188,22.51
2025-08-12 12:22:41.162864,10250.01,62.052,48.678,0,43,22.316,22.51
2025-08-12 12:22:51.173319,10260.01,62.02,49.29,0,43,22.284,22.574
2025-08-12 12:23:01.170579,10270.01,61.182,49.258,0,43,22.413,22.671
2025-08-12 12:23:11.168317,10280.01,60.279,49.548,0,43,22.316,22.606
2025-08-12 12:23:21.165516,10290.01,59.087,49.58,0,43,22.445,22.735
2025-08-12 12:23:31.176300,10300.01,57.991,50.225,0,43,22.478,22.832
2025-08-12 12:23:41.173210,10310.01,56.734,50.225,0,43,22.51,22.832
2025-08-12 12:23:51.157955,10320.0,55.445,49.902,0,43,22.413,22.832
2025-08-12 12:24:01.155228,10330.0,54.124,49.902,0,43,22.51,22.832
2025-08-12 12:24:11.152408,10340.01,53.222,50.063,0,43,22.51,22.832
2025-08-12 12:24:21.175406,10350.01,51.965,50.354,0,43,22.51,22.832
2025-08-12 12:24:31.172886,10360.01,50.966,49.902,0,43,22.51,22.832
2025-08-12 12:24:41.170103,10370.0,49.902,49.902,0,43,22.51,22.832
2025-08-12 12:24:51.167399,10380.01,48.774,49.902,0,43,22.51,22.832
2025-08-12 12:25:01.177203,10390.01,48.001,49.258,0,43,22.51,22.832
2025-08-12 12:25:11.174500,10400.01,47.002,49.354,0,43,22.51,22.832
2025-08-12 12:25:21.172169,10410.01,46.39,49.226,0,43,22.51,22.864
2025-08-12 12:25:31.169298,10420.01,45.584,48.968,0,43,22.542,22.832
2025-08-12 12:25:41.166798,10430.01,44.714,48.903,0,43,22.574,22.832
2025-08-12 12:25:51.177226,10440.01,44.166,48.774,0,43,22.639,22.929
2025-08-12 12:26:01.174586,10450.0,43.328,48.13,0,43,22.542,22.929
2025-08-12 12:26:11.172191,10460.01,42.716,47.711,0,43,22.574,22.864
2025-08-12 12:26:21.169918,10470.01,41.942,47.969,0,43,22.51,22.961
2025-08-12 12:26:31.167416,10480.01,41.523,47.646,0,43,22.542,22.929
2025-08-12 12:26:41.234884,10490.01,40.847,47.034,0,0,22.51,22.864
2025-08-12 12:26:51.174869,10500.01,40.234,46.97,0,0,22.51,22.864
2025-08-12 12:27:01.172647,10510.01,39.687,46.39,0,0,22.51,22.864
2025-08-12 12:27:11.169996,10520.01,39.268,45.713,0,0,22.51,22.832
2025-08-12 12:27:21.167195,10530.01,38.623,45.068,0,0,22.51,22.832
2025-08-12 12:27:31.177632,10540.01,38.236,44.166,0,0,22.51,22.832
2025-08-12 12:27:41.161954,10550.01,37.656,43.457,0,0,22.51,22.832
2025-08-12 12:27:51.172125,10560.0,37.334,42.619,0,0,22.51,22.832
2025-08-12 12:28:01.156041,10570.0,36.689,41.846,0,0,22.51,22.832
2025-08-12 12:28:11.166675,10580.0,36.335,40.879,0,0,22.51,22.832
2025-08-12 12:28:21.163299,10590.0,35.755,40.234,0,0,22.51,22.832
2025-08-12 12:28:31.173366,10600.01,35.4,39.364,0,0,22.478,22.832
2025-08-12 12:28:41.170803,10610.01,34.917,38.655,0,0,22.51,22.832
2025-08-12 12:28:51.168063,10620.01,34.434,37.979,0,0,22.51,22.832
2025-08-12 12:29:01.232146,10630.01,34.111,37.366,0,0,22.413,22.832
2025-08-12 12:29:11.175484,10640.01,33.789,36.883,0,0,22.381,22.8
2025-08-12 12:29:21.172758,10650.01,33.467,36.367,0,0,22.284,22.768
2025-08-12 12:29:31.170744,10660.01,33.112,35.723,0,0,22.252,22.639
2025-08-12 12:29:41.168475,10670.0,32.822,35.078,0,0,22.22,22.639
2025-08-12 12:29:51.165742,10680.01,32.5,34.756,0,0,22.22,22.574
2025-08-12 12:30:01.163079,10690.01,32.146,34.111,0,0,22.22,22.51
2025-08-12 12:30:11.160233,10700.01,31.823,33.789,0,0,22.188,22.542
2025-08-12 12:30:21.170208,10710.01,31.533,33.435,0,0,22.188,22.51
2025-08-12 12:30:31.180246,10720.01,31.211,32.951,0,0,22.188,22.51
2025-08-12 12:30:41.177388,10730.01,30.889,32.532,0,0,22.188,22.51
2025-08-12 12:30:51.174951,10740.0,30.631,32.21,0,0,22.188,22.51
2025-08-12 12:31:01.172009,10750.01,30.502,31.855,0,0,22.188,22.51
2025-08-12 12:31:11.169652,10760.01,30.244,31.533,0,0,22.188,22.51
2025-08-12 12:31:21.166895,10770.01,29.922,31.211,0,0,22.188,22.51
2025-08-12 12:31:31.164259,10780.0,29.761,30.889,0,0,22.188,22.51
2025-08-12 12:31:41.161139,10790.0,29.6,30.695,0,0,22.188,22.51
2025-08-12 12:31:51.242735,10800.01,29.277,30.502,10,0,22.188,22.51
2025-08-12 12:32:01.155366,10810.0,29.213,30.244,10,0,22.188,22.51
2025-08-12 12:32:11.165772,10820.01,29.084,29.922,10,0,22.188,22.51
2025-08-12 12:32:21.163069,10830.01,28.955,29.664,10,0,22.188,22.51
2025-08-12 12:32:31.172986,10840.01,28.987,29.632,10,0,22.188,22.51
2025-08-12 12:32:41.170303,10850.01,29.342,29.342,10,0,22.188,22.51
2025-08-12 12:32:51.167776,10860.0,29.342,29.31,10,0,22.188,22.51
2025-08-12 12:33:01.178015,10870.01,29.342,29.052,10,0,22.188,22.478
2025-08-12 12:33:11.162515,10880.01,29.6,28.987,10,0,22.188,22.51
2025-08-12 12:33:21.172856,10890.0,29.6,28.729,10,0,22.188,22.478
2025-08-12 12:33:31.170467,10900.01,29.729,28.633,10,0,22.188,22.478
2025-08-12 12:33:41.168093,10910.01,29.954,28.665,10,0,22.188,22.51
2025-08-12 12:33:51.165095,10920.01,29.922,28.504,10,0,22.188,22.478
2025-08-12 12:34:01.162613,10930.01,30.083,28.407,10,0,22.123,22.51
2025-08-12 12:34:11.172689,10940.01,30.212,28.375,10,0,22.091,22.413
2025-08-12 12:34:21.157783,10950.0,30.212,28.343,10,0,22.188,22.349
2025-08-12 12:34:31.180666,10960.01,30.309,28.343,10,0,22.059,22.381
2025-08-12 12:34:41.235784,10970.01,30.373,28.375,10,17,21.93,22.316
2025-08-12 12:34:51.162370,10980.01,30.341,28.278,10,17,21.865,22.349
2025-08-12 12:35:01.172904,10990.0,30.502,28.343,10,17,21.865,22.188
2025-08-12 12:35:11.170489,11000.01,30.631,28.504,10,17,21.897,22.22
2025-08-12 12:35:21.167734,11010.0,30.631,28.794,10,17,21.865,22.252
2025-08-12 12:35:31.177943,11020.01,30.856,28.955,10,17,21.865,22.188
2025-08-12 12:35:41.162366,11030.0,30.953,29.148,10,17,21.865,22.188
2025-08-12 12:35:51.172637,11040.01,31.018,29.406,10,17,21.865,22.188
2025-08-12 12:36:01.156887,11050.0,31.018,29.6,10,17,21.865,22.22
2025-08-12 12:36:11.180024,11060.01,31.146,29.793,10,17,21.865,22.188
2025-08-12 12:36:21.164177,11070.0,31.308,30.115,10,17,21.865,22.188
2025-08-12 12:36:31.174328,11080.01,31.308,30.373,10,17,21.865,22.188
2025-08-12 12:36:41.171673,11090.01,31.34,30.47,10,17,21.865,22.188
2025-08-12 12:36:51.169020,11100.01,31.565,30.728,10,17,21.865,22.188
2025-08-12 12:37:01.166677,11110.01,31.565,30.856,10,17,21.865,22.188
2025-08-12 12:37:11.163882,11120.01,31.63,30.985,10,17,21.865,22.188
2025-08-12 12:37:21.173839,11130.0,31.759,31.179,10,17,21.865,22.188
2025-08-12 12:37:31.171144,11140.01,31.694,31.372,10,17,21.865,22.188
2025-08-12 12:37:41.168711,11150.01,31.92,31.533,10,17,21.865,22.188
2025-08-12 12:37:51.178614,11160.01,31.952,31.727,10,17,21.865,22.188
2025-08-12 12:38:01.162769,11170.01,31.984,31.694,10,17,21.865,22.188
2025-08-12 12:38:11.173056,11180.01,32.146,31.952,10,17,21.865,22.188
2025-08-12 12:38:21.183439,11190.01,32.242,31.92,10,17,21.865,22.188
2025-08-12 12:38:31.176416,11200.02,32.21,31.952,10,17,21.865,22.188
2025-08-12 12:38:41.189189,11210.02,32.178,32.146,10,17,21.865,22.188
2025-08-12 12:38:51.234659,11220.02,32.274,32.307,0,17,21.865,22.188
2025-08-12 12:39:01.183152,11230.01,32.403,32.371,0,17,21.865,22.188
2025-08-12 12:39:11.170188,11240.01,32.242,32.274,0,17,21.865,22.188
2025-08-12 12:39:21.168689,11250.01,32.21,32.5,0,17,21.865,22.188
2025-08-12 12:39:31.167189,11260.01,31.888,32.468,0,17,21.865,22.188
2025-08-12 12:39:41.164994,11270.01,31.63,32.629,0,17,21.833,22.188
2025-08-12 12:39:51.162675,11280.0,31.565,32.629,0,17,21.865,22.188
2025-08-12 12:40:01.159592,11290.01,31.275,32.629,0,17,21.865,22.188
2025-08-12 12:40:11.170208,11300.01,31.082,32.5,0,17,21.865,22.188
2025-08-12 12:40:21.167847,11310.01,30.921,32.5,0,17,21.865,22.188
2025-08-12 12:40:31.177785,11320.0,30.566,32.629,0,17,21.865,22.188
2025-08-12 12:40:41.175438,11330.01,30.47,32.5,0,17,21.865,22.188
2025-08-12 12:40:51.172795,11340.01,30.309,32.629,0,17,21.865,22.188
2025-08-12 12:41:01.182884,11350.01,29.922,32.5,0,17,21.865,22.188
2025-08-12 12:41:11.180527,11360.01,29.986,32.5,0,17,21.865,22.188
2025-08-12 12:41:21.177954,11370.01,29.664,32.5,0,17,21.865,22.188
2025-08-12 12:41:31.175567,11380.01,29.632,32.597,0,17,21.865,22.188
2025-08-12 12:41:41.173056,11390.01,29.438,32.629,0,17,21.865,22.188
2025-08-12 12:41:51.183583,11400.01,29.342,32.629,0,17,21.865,22.188
2025-08-12 12:42:01.167714,11410.01,29.181,32.597,0,17,21.865,22.188
2025-08-12 12:42:11.165426,11420.01,28.955,32.5,0,17,21.865,22.188
2025-08-12 12:42:21.175395,11430.01,28.987,32.21,0,17,21.865,22.188
2025-08-12 12:42:31.172757,11440.01,28.858,32.339,0,17,21.865,22.188
2025-08-12 12:42:41.225410,11450.01,28.633,32.178,0,0,21.865,22.188
2025-08-12 12:42:51.167327,11460.01,28.633,32.178,0,0,21.897,22.252
2025-08-12 12:43:01.164998,11470.01,28.633,32.049,0,0,21.897,22.284
2025-08-12 12:43:11.175581,11480.01,28.536,31.855,0,0,22.059,22.316
2025-08-12 12:43:21.172826,11490.01,28.343,31.533,0,0,22.155,22.445
2025-08-12 12:43:31.170651,11500.01,28.311,31.211,0,0,22.188,22.51
2025-08-12 12:43:41.180743,11510.01,28.311,30.985,0,0,22.155,22.478
2025-08-12 12:43:51.178005,11520.01,28.053,30.663,0,0,22.188,22.51
2025-08-12 12:44:01.175756,11530.01,27.988,30.534,0,0,22.188,22.51
2025-08-12 12:44:11.173391,11540.01,27.988,30.244,0,0,22.188,22.51
2025-08-12 12:44:21.183786,11550.01,27.988,29.922,0,0,22.188,22.51
2025-08-12 12:44:31.181167,11560.01,27.956,29.6,0,0,22.188,22.51
2025-08-12 12:44:41.165510,11570.0,27.73,29.503,0,0,22.188,22.51
2025-08-12 12:44:51.163055,11580.0,27.666,29.277,0,0,22.188,22.51
2025-08-12 12:45:01.160504,11590.01,27.666,28.955,0,0,22.188,22.51
2025-08-12 12:45:11.171316,11600.01,27.666,28.762,0,0,22.284,22.574
2025-08-12 12:45:21.169196,11610.01,27.505,28.633,0,0,22.349,22.639
2025-08-12 12:45:31.166751,11620.01,27.344,28.343,0,0,22.22,22.639
2025-08-12 12:45:41.164550,11630.01,27.344,28.278,0,0,22.445,22.8
2025-08-12 12:45:51.175006,11640.01,27.344,27.988,0,0,22.478,22.574
2025-08-12 12:46:01.172240,11650.01,27.215,27.892,0,0,22.413,22.832
2025-08-12 12:46:11.169825,11660.01,27.215,27.666,0,0,22.51,22.832
2025-08-12 12:46:21.167115,11670.01,27.021,27.666,0,0,22.51,22.8
2025-08-12 12:46:31.177091,11680.01,27.021,27.408,0,0,22.51,22.832
2025-08-12 12:46:41.174722,11690.01,27.021,27.344,0,0,22.51,22.832
2025-08-12 12:46:51.171853,11700.01,26.989,27.344,0,0,22.51,22.832
2025-08-12 12:47:01.168779,11710.01,26.828,27.054,0,0,22.51,22.832
2025-08-12 12:47:11.166342,11720.0,26.699,27.021,0,0,22.542,22.832
2025-08-12 12:47:21.176725,11730.01,26.699,26.989,0,0,22.51,22.832
2025-08-12 12:47:31.174078,11740.01,26.699,26.764,0,0,22.542,22.832
2025-08-12 12:47:41.171793,11750.01,26.699,26.699,0,0,22.542,22.864
2025-08-12 12:47:51.169255,11760.01,26.57,26.699,0,0,22.542,22.832
2025-08-12 12:48:01.179103,11770.01,26.377,26.667,0,0,22.542,22.864
2025-08-12 12:48:11.176827,11780.0,26.377,26.506,0,0,22.51,22.832
2025-08-12 12:48:21.174238,11790.0,26.377,26.377,0,0,22.51,22.832
2025-08-12 12:48:31.158698,11800.01,26.119,26.377,0,0,22.51,22.832
2025-08-12 12:48:41.182107,11810.01,26.055,26.345,0,0,22.51,22.832
2025-08-12 12:48:51.228573,11820.01,26.055,26.313,0,0,22.51,22.832
2025-08-12 12:49:01.163600,11830.01,26.055,26.055,0,0,22.51,22.832
2025-08-12 12:49:11.231145,11840.01,26.022,26.055,0,0,22.51,22.832
2025-08-12 12:49:21.171070,11850.01,25.797,26.055,0,0,22.51,22.832
2025-08-12 12:49:31.168824,11860.01,25.765,26.055,0,0,22.51,22.832
2025-08-12 12:49:41.179209,11870.01,25.732,25.99,0,0,22.478,22.832
2025-08-12 12:49:51.176469,11880.01,25.7,25.797,0,0,22.445,22.832
2025-08-12 12:50:01.173780,11890.01,25.539,25.732,0,0,22.478,22.832
2025-08-12 12:50:11.184317,11900.01,25.41,25.732,0,0,22.349,22.832
2025-08-12 12:50:21.168868,11910.01,25.41,25.732,0,0,22.252,22.703
2025-08-12 12:50:31.153568,11920.0,25.41,25.668,0,0,22.252,22.768
2025-08-12 12:50:41.164327,11930.01,25.41,25.539,0,0,22.188,22.703
2025-08-12 12:50:51.161688,11940.0,25.378,25.442,0,0,22.188,22.671
2025-08-12 12:51:01.159479,11950.0,25.152,25.41,0,0,22.188,22.542
2025-08-12 12:51:11.229692,11960.01,25.088,25.41,0,0,22.22,22.574
2025-08-12 12:51:21.167131,11970.01,25.088,25.41,0,0,22.188,22.542
2025-08-12 12:51:31.178032,11980.01,25.088,25.41,0,0,22.188,22.51
2025-08-12 12:51:41.175347,11990.01,25.088,25.313,0,0,22.188,22.51
2025-08-12 12:51:51.172639,12000.0,25.088,25.249,0,0,22.188,22.51
2025-08-12 12:52:01.169950,12010.01,25.088,25.152,0,0,22.188,22.51
2025-08-12 12:52:11.180095,12020.01,25.088,25.088,0,0,22.188,22.51
2025-08-12 12:52:21.177585,12030.02,24.895,25.088,0,0,22.188,22.51
2025-08-12 12:52:31.162518,12040.0,24.798,25.088,0,0,22.188,22.51
2025-08-12 12:52:41.160123,12050.01,24.766,25.088,0,0,22.188,22.51
2025-08-12 12:52:51.170384,12060.01,24.766,25.088,0,0,22.188,22.51
2025-08-12 12:53:01.167625,12070.01,24.766,25.088,0,0,22.188,22.51
2025-08-12 12:53:11.165203,12080.01,24.766,24.991,0,0,22.188,22.51
2025-08-12 12:53:21.162322,12090.0,24.766,24.895,0,0,22.188,22.51
2025-08-12 12:53:31.172958,12100.01,24.766,24.798,0,0,22.188,22.51
2025-08-12 12:53:41.169916,12110.01,24.766,24.766,0,0,22.188,22.51
2025-08-12 12:53:51.167699,12120.0,24.733,24.766,0,0,22.188,22.51
2025-08-12 12:54:01.164959,12130.0,24.54,24.766,0,0,22.188,22.445
2025-08-12 12:54:11.162435,12140.0,24.476,24.766,0,0,22.091,22.51
2025-08-12 12:54:21.241573,12150.01,24.669,25.539,0,94,22.026,22.445
2025-08-12 12:54:31.234444,12160.01,24.572,25.023,0,94,22.123,22.478
2025-08-12 12:54:41.167227,12170.01,24.572,26.119,0,94,21.994,22.478
2025-08-12 12:54:51.164599,12180.0,24.862,27.021,0,94,22.155,22.51
2025-08-12 12:55:01.174800,12190.01,24.798,28.021,0,94,22.188,22.413
2025-08-12 12:55:11.159600,12200.0,24.895,29.213,0,94,21.994,22.445
2025-08-12 12:55:21.169615,12210.01,25.217,30.921,0,94,22.059,22.478
2025-08-12 12:55:31.166774,12220.01,25.346,32.178,0,94,22.026,22.349
2025-08-12 12:55:41.177191,12230.01,25.475,33.66,0,94,21.962,22.413
2025-08-12 12:55:51.174797,12240.01,25.797,35.143,0,94,21.93,22.381
2025-08-12 12:56:01.172017,12250.01,26.119,36.271,0,94,21.93,22.381
2025-08-12 12:56:11.169381,12260.0,26.506,37.688,0,94,22.059,22.381
2025-08-12 12:56:21.167090,12270.01,26.731,38.816,0,94,21.897,22.284
2025-08-12 12:56:31.164468,12280.01,27.118,40.073,0,94,21.897,22.349
2025-08-12 12:56:41.162099,12290.01,27.376,41.201,0,94,21.93,22.316
2025-08-12 12:56:51.159789,12300.0,27.698,42.071,0,94,21.897,22.252
2025-08-12 12:57:01.169974,12310.01,28.117,43.296,0,94,21.865,22.316
2025-08-12 12:57:11.180736,12320.01,28.504,43.65,0,94,21.897,22.284
2025-08-12 12:57:21.178207,12330.01,28.826,44.617,0,94,21.865,22.252
2025-08-12 12:57:31.175582,12340.01,29.245,45.487,0,94,21.865,22.252
2025-08-12 12:57:41.173117,12350.01,29.535,45.874,0,94,21.865,22.284
2025-08-12 12:57:51.170368,12360.0,29.696,46.519,0,94,21.897,22.284
2025-08-12 12:58:01.168033,12370.01,29.857,47.324,0,94,21.865,22.284
2025-08-12 12:58:11.178703,12380.01,30.276,48.355,0,94,21.93,22.22
2025-08-12 12:58:21.163413,12390.01,30.373,48.903,0,94,21.865,22.284
2025-08-12 12:58:31.174086,12400.01,30.889,49.419,0,94,21.865,22.252
2025-08-12 12:58:41.158824,12410.01,31.114,50.063,0,94,21.865,22.22
2025-08-12 12:58:51.169327,12420.01,31.372,50.676,0,94,21.865,22.284
2025-08-12 12:59:01.153642,12430.0,31.501,51.03,0,94,21.865,22.188
2025-08-12 12:59:11.245493,12440.01,31.662,51.159,0,33,21.865,22.22
2025-08-12 12:59:21.174325,12450.01,31.92,51.288,0,33,21.865,22.188
2025-08-12 12:59:31.171838,12460.01,32.178,51.32,0,33,21.865,22.188
2025-08-12 12:59:41.182743,12470.01,32.307,51.127,0,33,21.865,22.188
2025-08-12 12:59:51.180302,12480.01,32.468,50.547,0,33,21.865,22.188
2025-08-12 13:00:01.164465,12490.0,32.564,49.999,0,33,21.865,22.188
2025-08-12 13:00:11.162265,12500.01,32.5,49.097,0,33,21.865,22.188
2025-08-12 13:00:21.227653,12510.01,32.629,48.71,0,33,21.865,22.188
2025-08-12 13:00:31.169647,12520.01,32.629,47.969,0,33,21.865,22.188
2025-08-12 13:00:41.167649,12530.0,32.5,47.292,0,33,21.865,22.188
2025-08-12 13:00:51.164981,12540.0,32.564,46.776,0,33,21.865,22.188
2025-08-12 13:01:01.162174,12550.0,32.5,46.164,0,33,21.865,22.188
2025-08-12 13:01:11.172909,12560.01,32.436,45.358,0,33,21.865,22.188
2025-08-12 13:01:21.183117,12570.01,32.339,45.068,0,33,21.865,22.188
2025-08-12 13:01:31.180371,12580.01,32.307,44.424,0,33,21.865,22.188
2025-08-12 13:01:41.178112,12590.01,32.146,43.779,0,33,21.865,22.188
2025-08-12 13:01:51.162469,12600.0,31.952,43.457,0,33,21.865,22.188
2025-08-12 13:02:01.172532,12610.01,31.92,43.457,0,33,21.865,22.188
2025-08-12 13:02:11.170163,12620.01,31.984,42.813,0,33,21.865,22.188
2025-08-12 13:02:21.167599,12630.01,31.855,42.619,0,33,21.865,22.188
2025-08-12 13:02:31.165460,12640.01,31.888,42.426,0,33,21.865,22.188
2025-08-12 13:02:41.162933,12650.01,31.598,42.104,0,33,21.865,22.188
2025-08-12 13:02:51.160374,12660.01,31.533,41.781,0,33,21.865,22.188
2025-08-12 13:03:01.157375,12670.0,31.565,41.491,0,33,21.865,22.188
2025-08-12 13:03:11.168172,12680.01,31.372,41.201,0,33,21.865,22.188
2025-08-12 13:03:21.165859,12690.01,31.34,40.718,0,33,21.865,22.188
2025-08-12 13:03:31.175959,12700.01,31.275,40.46,0,33,21.865,22.188
2025-08-12 13:03:41.173355,12710.01,31.146,40.492,0,33,21.865,22.188
2025-08-12 13:03:51.170546,12720.0,31.082,40.234,0,33,21.865,22.188
2025-08-12 13:04:01.168116,12730.01,30.985,40.17,0,33,21.865,22.188
2025-08-12 13:04:11.147476,12739.99,30.921,39.912,0,33,21.865,22.155
2025-08-12 13:04:21.155687,12750.0,30.566,39.751,0,33,21.865,22.188
2025-08-12 13:04:31.157899,12760.0,30.728,39.525,0,33,21.865,22.188
2025-08-12 13:04:41.163875,12770.01,30.599,39.235,0,33,21.865,22.188
2025-08-12 13:04:51.159592,12780.0,30.566,39.235,0,33,21.865,22.188
2025-08-12 13:05:01.168036,12790.0,30.502,39.074,0,33,21.865,22.188
2025-08-12 13:05:11.164834,12800.0,30.373,38.945,0,33,21.865,22.188
2025-08-12 13:05:21.161959,12810.0,30.341,38.881,0,33,21.865,22.188
2025-08-12 13:05:31.159234,12820.0,30.309,38.655,0,33,21.736,22.188
2025-08-12 13:05:41.169029,12830.01,30.147,38.301,0,33,21.833,22.188
2025-08-12 13:05:51.166145,12840.01,29.922,38.301,0,33,21.769,22.188
2025-08-12 13:06:01.163377,12850.01,29.922,38.14,0,33,21.736,22.155
2025-08-12 13:06:11.173716,12860.01,29.986,38.301,0,33,21.736,22.188
2025-08-12 13:06:21.183758,12870.01,29.986,38.269,0,33,21.769,22.188
2025-08-12 13:06:31.181244,12880.01,29.986,38.236,0,33,21.833,22.155
2025-08-12 13:06:41.165759,12890.0,29.922,38.269,0,33,21.865,22.188
2025-08-12 13:06:51.175709,12900.01,30.019,38.236,0,33,21.865,22.188
2025-08-12 13:07:01.173166,12910.01,30.051,38.107,0,33,21.865,22.188
2025-08-12 13:07:11.170712,12920.01,30.019,38.107,0,33,21.865,22.188
2025-08-12 13:07:21.167616,12930.01,30.051,38.011,0,33,21.865,22.188
2025-08-12 13:07:31.165471,12940.01,29.986,37.946,0,33,21.897,22.188
2025-08-12 13:07:41.162627,12950.0,29.986,37.914,0,33,21.865,22.188
2025-08-12 13:07:51.172966,12960.01,29.954,37.656,0,33,21.93,22.252
2025-08-12 13:08:01.157226,12970.0,29.954,37.914,0,33,22.026,22.316
2025-08-12 13:08:11.167774,12980.01,29.922,37.656,0,33,22.123,22.381
2025-08-12 13:08:21.165147,12990.01,29.986,37.656,0,33,22.155,22.445
2025-08-12 13:08:31.162338,13000.01,29.954,37.656,0,33,22.188,22.478
2025-08-12 13:08:41.244179,13010.01,30.147,38.301,0,83,22.188,22.51
2025-08-12 13:08:51.235702,13020.01,30.276,38.494,14,83,22.188,22.51
2025-08-12 13:09:01.166618,13030.01,29.986,38.655,14,83,22.188,22.51
2025-08-12 13:09:11.164320,13040.01,30.502,39.01,14,83,22.188,22.51
2025-08-12 13:09:21.161522,13050.0,30.76,39.944,14,83,22.188,22.51
2025-08-12 13:09:31.158779,13060.01,31.243,40.589,14,83,22.188,22.51
2025-08-12 13:09:41.156040,13070.0,31.694,41.781,14,83,22.188,22.51
2025-08-12 13:09:51.166373,13080.01,32.146,41.975,14,83,22.188,22.51
2025-08-12 13:10:01.176442,13090.01,32.854,43.328,14,83,22.188,22.51
2025-08-12 13:10:11.174116,13100.01,33.241,43.94,14,83,22.188,22.542
2025-08-12 13:10:21.171441,13110.0,33.66,44.617,14,83,22.413,22.639
2025-08-12 13:10:31.168547,13120.01,34.369,44.907,14,83,22.381,22.606
2025-08-12 13:10:41.166026,13130.01,35.014,46.261,14,83,22.445,22.671
2025-08-12 13:10:51.163460,13140.01,35.594,47.002,14,83,22.51,22.8
2025-08-12 13:11:01.173568,13150.01,36.109,47.84,14,83,22.51,22.768
2025-08-12 13:11:11.171276,13160.01,36.432,48.452,14,83,22.51,22.671
2025-08-12 13:11:21.168275,13170.0,36.979,49.161,14,83,22.51,22.8
2025-08-12 13:11:31.165923,13180.0,37.527,49.773,14,83,22.51,22.832
2025-08-12 13:11:41.175840,13190.01,37.753,49.451,14,83,22.51,22.832
2025-08-12 13:11:51.172926,13200.01,38.011,50.482,14,83,22.51,22.832
2025-08-12 13:12:01.169752,13210.01,38.494,50.418,14,83,22.51,22.832
2025-08-12 13:12:11.167317,13220.01,39.01,50.772,14,83,22.51,22.8
2025-08-12 13:12:21.164643,13230.0,38.913,51.707,14,83,22.51,22.832
2025-08-12 13:12:31.161925,13240.01,39.493,51.578,14,83,22.478,22.8
2025-08-12 13:12:41.159293,13250.01,39.719,52.674,14,83,22.51,22.832
2025-08-12 13:12:51.243053,13260.01,39.751,52.384,14,10,22.349,22.8
2025-08-12 13:13:01.166416,13270.01,39.977,52.674,14,10,22.445,22.832
2025-08-12 13:13:11.164091,13280.01,40.267,52.223,14,10,22.413,22.8
2025-08-12 13:13:21.174433,13290.01,40.363,51.868,14,10,22.252,22.8
2025-08-12 13:13:31.171455,13300.01,40.621,51.32,14,10,22.381,22.832
2025-08-12 13:13:41.155848,13310.0,40.524,50.225,14,10,22.349,22.768
2025-08-12 13:13:51.166119,13320.01,40.557,49.516,14,10,22.22,22.768
2025-08-12 13:14:01.163509,13330.01,40.718,48.646,14,10,22.349,22.8
2025-08-12 13:14:11.174211,13340.01,40.686,47.969,14,10,22.381,22.832
2025-08-12 13:14:21.171563,13350.01,40.653,47.034,14,10,22.252,22.735
2025-08-12 13:14:31.168881,13360.01,40.589,46.132,14,10,22.22,22.703
2025-08-12 13:14:41.239698,13370.01,40.589,45.52,28,10,22.316,22.768
2025-08-12 13:14:51.176237,13380.0,40.428,44.907,28,10,22.22,22.8
2025-08-12 13:15:01.160869,13390.01,40.589,44.069,28,10,22.22,22.671
2025-08-12 13:15:11.171393,13400.01,40.653,43.521,28,10,22.188,22.606
2025-08-12 13:15:21.168695,13410.01,40.976,43.103,28,10,22.188,22.574
2025-08-12 13:15:31.166126,13420.0,41.008,42.265,28,10,22.188,22.51
2025-08-12 13:15:41.176075,13430.01,41.233,42.071,28,10,22.188,22.51
2025-08-12 13:15:51.173301,13440.01,41.298,41.395,28,10,22.22,22.51
2025-08-12 13:16:01.170613,13450.01,41.556,40.976,28,10,22.188,22.51
2025-08-12 13:16:11.168252,13460.01,41.975,40.718,28,10,22.188,22.51
2025-08-12 13:16:21.165351,13470.01,41.975,40.331,28,10,22.188,22.51
2025-08-12 13:16:31.175381,13480.01,42.2,40.105,28,10,22.188,22.51
2025-08-12 13:16:41.339185,13490.01,42.651,39.848,73,10,22.188,22.51
2025-08-12 13:16:51.169689,13500.01,42.716,39.654,73,10,22.188,22.51
2025-08-12 13:17:01.167083,13510.0,43.65,39.622,73,10,22.188,22.478
2025-08-12 13:17:11.164633,13520.0,44.521,39.268,73,10,22.188,22.51
2025-08-12 13:17:21.162008,13530.01,45.713,39.106,73,10,22.188,22.478
2025-08-12 13:17:31.172431,13540.01,46.938,39.3,73,10,22.188,22.51
2025-08-12 13:17:41.169642,13550.01,47.969,39.268,73,10,22.188,22.51
2025-08-12 13:17:51.166823,13560.01,49.419,39.203,73,10,22.188,22.445
2025-08-12 13:18:01.163957,13570.0,50.676,39.396,73,10,22.188,22.478
2025-08-12 13:18:11.174227,13580.01,51.9,39.493,73,10,22.188,22.478
2025-08-12 13:18:21.171169,13590.01,53.028,39.622,73,10,22.188,22.445
2025-08-12 13:18:31.155537,13600.0,54.253,39.848,73,10,22.123,22.381
2025-08-12 13:18:41.165723,13610.01,55.252,40.073,73,10,22.155,22.413
2025-08-12 13:18:51.162794,13620.01,56.251,40.363,73,10,22.188,22.413
2025-08-12 13:19:01.172867,13630.01,57.314,40.718,73,10,22.155,22.284
2025-08-12 13:19:11.157679,13640.01,58.442,40.879,73,10,22.188,22.478
2025-08-12 13:19:21.167945,13650.01,59.216,41.104,73,10,22.155,22.316
2025-08-12 13:19:31.165294,13660.01,59.893,41.62,73,10,22.123,22.413
2025-08-12 13:19:41.162482,13670.01,60.73,41.749,73,10,22.123,22.316
2025-08-12 13:19:51.173123,13680.01,61.472,42.104,73,10,22.123,22.252
2025-08-12 13:20:01.157740,13690.0,62.245,42.361,73,10,22.059,22.284
2025-08-12 13:20:11.168194,13700.01,62.857,42.716,73,10,22.026,22.22
2025-08-12 13:20:21.165762,13710.01,63.373,42.941,73,10,22.091,22.188
2025-08-12 13:20:31.163263,13720.0,63.953,42.974,73,10,21.962,22.188
2025-08-12 13:20:41.222033,13730.01,64.533,43.135,73,0,22.026,22.252
2025-08-12 13:20:51.170475,13740.01,64.952,43.586,73,0,21.897,22.188
2025-08-12 13:21:01.168267,13750.01,65.371,43.844,73,0,21.865,22.188
2025-08-12 13:21:11.165457,13760.01,65.919,43.876,73,0,21.865,22.188
2025-08-12 13:21:21.162987,13770.01,66.306,43.908,73,0,21.865,22.188
2025-08-12 13:21:31.173229,13780.01,66.435,43.973,73,0,21.865,22.22
2025-08-12 13:21:41.170728,13790.01,66.757,44.069,73,0,21.865,22.188
2025-08-12 13:21:51.167642,13800.01,67.176,44.23,73,0,21.865,22.188
2025-08-12 13:22:01.164677,13810.01,67.369,44.23,73,0,21.865,22.188
2025-08-12 13:22:11.162542,13820.0,67.756,44.166,73,0,21.865,22.188
2025-08-12 13:22:21.172955,13830.01,68.078,44.23,73,0,21.865,22.188
2025-08-12 13:22:31.157108,13840.01,68.207,44.488,73,0,21.865,22.188
2025-08-12 13:22:41.167273,13850.01,68.271,44.553,73,0,21.865,22.188
2025-08-12 13:22:51.164571,13860.01,68.433,44.617,73,0,21.865,22.188
2025-08-12 13:23:01.161816,13870.01,68.626,44.875,73,0,21.865,22.188
2025-08-12 13:23:11.159331,13880.0,68.916,44.746,73,0,21.865,22.188
2025-08-12 13:23:21.169677,13890.01,69.045,44.746,73,0,21.865,22.188
2025-08-12 13:23:31.166687,13900.01,69.045,44.907,73,0,21.865,22.188
2025-08-12 13:23:41.164060,13910.01,69.303,44.972,73,0,21.865,22.188
2025-08-12 13:23:51.161685,13920.01,69.496,45.068,73,0,21.865,22.188
2025-08-12 13:24:01.171977,13930.01,69.689,45.068,73,0,21.865,22.188
2025-08-12 13:24:11.229780,13940.01,69.561,44.939,0,0,21.865,22.188
2025-08-12 13:24:21.166052,13950.01,69.367,44.972,0,0,21.865,22.188
2025-08-12 13:24:31.164022,13960.01,68.594,45.036,0,0,21.865,22.188
2025-08-12 13:24:41.161430,13970.01,67.305,44.778,0,0,21.865,22.188
2025-08-12 13:24:51.158657,13980.01,65.693,44.746,0,0,21.865,22.188
2025-08-12 13:25:01.156278,13990.01,63.76,44.617,0,0,21.865,22.188
2025-08-12 13:25:11.166303,14000.0,61.826,44.424,0,0,21.865,22.188
2025-08-12 13:25:21.163662,14010.01,60.15,44.102,0,0,21.865,22.188
2025-08-12 13:25:31.160871,14020.01,58.281,43.779,0,0,21.865,22.188
2025-08-12 13:25:41.173502,14030.01,56.348,43.36,0,0,21.865,22.188
2025-08-12 13:25:51.169473,14040.01,54.511,42.813,0,0,21.865,22.188
2025-08-12 13:26:01.159421,14050.01,52.932,42.49,0,0,21.865,22.188
2025-08-12 13:26:11.172943,14060.0,51.449,41.942,0,0,21.865,22.188
2025-08-12 13:26:21.239464,14070.01,50.128,41.846,83,0,21.865,22.188
2025-08-12 13:26:31.170205,14080.01,48.903,41.395,83,0,21.865,22.188
2025-08-12 13:26:41.168243,14090.01,48.323,40.847,83,0,21.865,22.188
2025-08-12 13:26:51.165531,14100.01,48.646,40.363,83,0,21.865,22.188
2025-08-12 13:27:01.175535,14110.01,49.387,39.977,83,0,21.865,22.188
2025-08-12 13:27:11.173469,14120.01,50.354,39.783,83,0,21.865,22.188
2025-08-12 13:27:21.170815,14130.01,51.514,39.59,83,0,21.865,22.188
2025-08-12 13:27:31.168367,14140.01,52.642,39.558,83,0,21.865,22.188
2025-08-12 13:27:41.165615,14150.01,54.092,39.558,83,0,21.833,22.188
2025-08-12 13:27:51.162878,14160.01,55.381,39.687,83,0,21.833,22.188
2025-08-12 13:28:01.160226,14170.01,56.799,39.719,83,0,21.865,22.188
2025-08-12 13:28:11.171111,14180.01,58.023,39.751,83,0,21.865,22.188
2025-08-12 13:28:21.168407,14190.01,59.248,40.041,83,0,21.865,22.188
2025-08-12 13:28:31.166036,14200.01,60.537,40.105,83,0,21.865,22.188
2025-08-12 13:28:41.163173,14210.01,61.633,40.363,83,0,21.865,22.188
2025-08-12 13:28:51.173556,14220.01,62.535,40.75,83,0,21.865,22.188
2025-08-12 13:29:01.170532,14230.01,63.502,40.847,83,0,21.833,22.188
2025-08-12 13:29:11.167988,14240.01,64.533,41.104,83,0,21.865,22.188
2025-08-12 13:29:21.165207,14250.01,65.242,41.427,83,0,21.833,22.188
2025-08-12 13:29:31.162867,14260.01,66.016,41.652,83,0,21.865,22.188
2025-08-12 13:29:41.173424,14270.01,66.789,42.039,83,0,21.833,22.188
2025-08-12 13:29:51.170609,14280.01,67.466,42.361,83,0,21.801,22.188
2025-08-12 13:30:01.234878,14290.01,67.756,42.361,32,0,21.833,22.188
2025-08-12 13:30:11.165124,14300.0,68.078,42.619,32,0,21.865,22.188
2025-08-12 13:30:21.235311,14310.01,68.014,43.006,32,29,21.865,22.188
2025-08-12 13:30:31.172947,14320.01,67.788,43.103,32,29,21.865,22.155
2025-08-12 13:30:41.170891,14330.01,67.24,43.36,32,29,21.865,22.188
2025-08-12 13:30:51.155098,14340.0,66.467,43.844,32,29,21.865,22.188
2025-08-12 13:31:01.164831,14350.0,65.758,44.23,32,29,21.833,22.188
2025-08-12 13:31:11.175300,14360.01,64.759,44.617,32,29,21.833,22.188
2025-08-12 13:31:21.159857,14370.01,63.921,44.939,32,29,21.769,22.188
2025-08-12 13:31:31.157295,14380.0,62.986,45.423,32,29,21.865,22.188
2025-08-12 13:31:41.167270,14390.01,62.084,45.552,32,29,21.769,22.188
2025-08-12 13:31:51.164808,14400.01,61.182,45.874,32,29,21.833,22.188
2025-08-12 13:32:01.161789,14410.01,60.408,46.1,32,29,21.769,22.188
2025-08-12 13:32:11.158885,14420.01,59.603,45.842,32,29,21.833,22.188
2025-08-12 13:32:21.156014,14430.0,58.99,46.486,32,29,21.769,22.188
2025-08-12 13:32:31.153834,14440.0,58.378,46.261,32,29,21.865,22.188
2025-08-12 13:32:41.163954,14450.01,57.54,46.325,32,29,21.865,22.188
2025-08-12 13:32:51.161176,14460.0,57.186,46.454,32,29,21.865,22.188
2025-08-12 13:33:01.158577,14470.01,56.702,46.744,32,29,21.865,22.188
2025-08-12 13:33:11.169175,14480.01,56.154,46.454,32,29,21.865,22.188
2025-08-12 13:33:21.166684,14490.01,55.896,46.647,32,29,21.865,22.188
2025-08-12 13:33:31.164316,14500.01,55.349,46.647,32,29,21.833,22.188
2025-08-12 13:33:41.161578,14510.0,54.736,46.68,32,29,21.865,22.188
2025-08-12 13:33:51.171948,14520.0,54.285,46.712,32,29,21.865,22.188
2025-08-12 13:34:01.156554,14530.0,54.06,46.647,32,29,21.865,22.188
2025-08-12 13:34:11.166705,14540.01,53.641,46.422,32,29,21.833,22.155
2025-08-12 13:34:21.164268,14550.01,53.318,46.551,32,29,21.833,22.155
2025-08-12 13:34:31.161737,14560.01,53.061,46.357,32,29,21.865,22.123
2025-08-12 13:34:41.172173,14570.01,52.932,46.454,32,29,21.801,22.155
2025-08-12 13:34:51.169566,14580.01,52.545,46.357,32,29,21.833,22.091
2025-08-12 13:35:01.166931,14590.0,52.416,46.1,32,29,21.769,22.059
2025-08-12 13:35:11.177336,14600.01,51.9,46.229,32,29,21.865,22.123
2025-08-12 13:35:21.161889,14610.0,51.965,45.81,32,29,21.865,22.155
2025-08-12 13:35:31.159434,14620.0,51.965,45.842,32,29,21.865,22.188
2025-08-12 13:35:41.156738,14630.0,51.739,45.745,32,29,21.833,22.188
2025-08-12 13:35:51.166963,14640.0,51.707,45.681,32,29,21.865,22.188
2025-08-12 13:36:01.164148,14650.01,51.353,45.842,32,29,21.865,22.188
2025-08-12 13:36:11.161790,14660.01,51.288,45.552,32,29,21.865,22.188
2025-08-12 13:36:21.172018,14670.01,51.256,45.648,32,29,21.865,22.188
2025-08-12 13:36:31.169450,14680.01,50.998,45.745,32,29,21.865,22.188
2025-08-12 13:36:41.166774,14690.0,50.998,45.358,32,29,21.865,22.188
2025-08-12 13:36:51.164195,14700.01,51.159,45.616,32,29,21.865,22.188
2025-08-12 13:37:01.240873,14710.01,51.127,45.358,32,25,21.865,22.188
2025-08-12 13:37:11.171221,14720.01,50.998,45.197,32,25,21.865,22.22
2025-08-12 13:37:21.168721,14730.01,51.095,45.52,32,25,21.93,22.284
2025-08-12 13:37:31.153668,14740.0,51.127,45.326,32,25,21.93,22.252
2025-08-12 13:37:41.164127,14750.01,51.159,45.165,32,25,22.091,22.445
2025-08-12 13:37:51.161731,14760.01,51.32,45.197,32,25,22.091,22.51
2025-08-12 13:38:01.171891,14770.01,51.353,45.036,32,25,22.188,22.51
2025-08-12 13:38:11.156366,14780.0,51.385,44.972,32,25,22.188,22.478
2025-08-12 13:38:21.166451,14790.01,51.288,45.068,32,25,22.188,22.51
2025-08-12 13:38:31.163835,14800.01,51.32,44.907,32,25,22.155,22.51
2025-08-12 13:38:41.174447,14810.01,51.481,44.875,32,25,22.188,22.51
2025-08-12 13:38:51.158583,14820.0,51.288,44.811,32,25,22.188,22.51
2025-08-12 13:39:01.168469,14830.01,51.385,44.843,32,25,22.188,22.51
2025-08-12 13:39:11.165653,14840.0,51.449,44.553,32,25,22.188,22.51
2025-08-12 13:39:21.163313,14850.01,51.32,44.617,32,25,22.188,22.51
2025-08-12 13:39:31.173531,14860.01,51.417,44.521,32,25,22.22,22.51
2025-08-12 13:39:41.228523,14870.01,51.32,44.714,0,25,22.188,22.542
2025-08-12 13:39:51.167711,14880.01,51.288,44.327,0,25,22.22,22.542
2025-08-12 13:40:01.178006,14890.01,50.869,44.456,0,25,22.349,22.51
2025-08-12 13:40:11.175755,14900.01,50.321,44.263,0,25,22.381,22.606
2025-08-12 13:40:21.173213,14910.01,49.58,44.424,0,25,22.381,22.703
2025-08-12 13:40:31.170673,14920.01,48.613,44.359,0,25,22.478,22.703
2025-08-12 13:40:41.181302,14930.01,48.001,44.134,0,25,22.478,22.735
2025-08-12 13:40:51.165745,14940.01,47.228,43.94,0,25,22.51,22.832
2025-08-12 13:41:01.175994,14950.01,46.132,43.65,0,25,22.51,22.832
2025-08-12 13:41:11.160136,14960.01,45.423,43.425,0,25,22.51,22.832
2025-08-12 13:41:21.170272,14970.01,44.424,43.296,0,25,22.51,22.832
2025-08-12 13:41:31.180924,14980.01,43.844,43.038,0,25,22.445,22.832
2025-08-12 13:41:41.165282,14990.01,42.909,42.974,0,25,22.413,22.832
2025-08-12 13:41:51.175878,15000.01,42.168,42.684,0,25,22.349,22.832
2025-08-12 13:42:01.160110,15010.01,41.523,42.619,0,25,22.445,22.8
2025-08-12 13:42:11.238087,15020.01,40.943,42.265,43,25,22.381,22.8
2025-08-12 13:42:21.168046,15030.01,40.492,42.297,43,25,22.381,22.832
2025-08-12 13:42:31.178827,15040.0,40.428,42.297,43,25,22.22,22.735
2025-08-12 13:42:41.176021,15050.01,40.524,41.91,43,25,22.284,22.768
2025-08-12 13:42:51.173310,15060.01,40.75,41.685,43,25,22.22,22.768
2025-08-12 13:43:01.170857,15070.01,41.362,41.652,43,25,22.252,22.606
2025-08-12 13:43:11.168841,15080.0,41.975,41.652,43,25,22.22,22.735
2025-08-12 13:43:21.166088,15090.01,42.587,41.427,43,25,22.188,22.671
2025-08-12 13:43:31.176585,15100.01,43.264,41.33,43,25,22.22,22.735
2025-08-12 13:43:41.174051,15110.01,43.908,41.362,43,25,22.188,22.51
2025-08-12 13:43:51.171292,15120.01,44.521,41.685,43,25,22.188,22.606
2025-08-12 13:44:01.168531,15130.01,45.068,41.781,43,25,22.188,22.51
2025-08-12 13:44:11.178891,15140.01,45.713,41.491,43,25,22.188,22.542
2025-08-12 13:44:21.163282,15150.01,46.1,41.846,43,25,22.22,22.51
2025-08-12 13:44:31.173397,15160.01,46.712,41.942,43,25,22.188,22.51
2025-08-12 13:44:41.170727,15170.01,47.421,41.91,43,25,22.188,22.51
2025-08-12 13:44:51.168113,15180.0,47.872,41.878,43,25,22.188,22.51
2025-08-12 13:45:01.177998,15190.01,48.355,42.329,43,25,22.188,22.51
2025-08-12 13:45:11.170027,15200.0,48.807,42.232,43,25,22.188,22.51
2025-08-12 13:45:21.177371,15210.01,49.226,42.265,43,25,22.188,22.51
2025-08-12 13:45:31.173065,15220.01,49.741,42.522,43,25,22.188,22.51
2025-08-12 13:45:41.169739,15230.01,50.225,42.684,43,25,22.188,22.51
2025-08-12 13:45:51.241613,15240.01,50.74,42.877,90,25,22.188,22.51
2025-08-12 13:46:01.239924,15250.01,51.32,43.65,90,89,22.188,22.51
2025-08-12 13:46:11.172981,15260.01,52.19,43.683,90,89,22.188,22.51
2025-08-12 13:46:21.157319,15270.0,53.415,44.682,90,89,22.188,22.51
2025-08-12 13:46:31.154434,15280.0,54.575,45.423,90,89,22.155,22.445
2025-08-12 13:46:41.164444,15290.01,55.993,45.906,90,89,22.026,22.51
2025-08-12 13:46:51.174451,15300.01,57.669,47.614,90,89,22.155,22.51
2025-08-12 13:47:01.172055,15310.01,59.28,49.0,90,89,22.123,22.51
2025-08-12 13:47:11.169254,15320.01,60.859,49.806,90,89,22.155,22.51
2025-08-12 13:47:21.166879,15330.01,62.213,50.772,90,89,22.188,22.445
2025-08-12 13:47:31.164279,15340.01,63.921,52.513,90,89,22.188,22.51
2025-08-12 13:47:41.161906,15350.01,65.146,53.544,90,89,22.155,22.445
2025-08-12 13:47:51.172632,15360.01,66.725,54.865,90,89,22.188,22.51
2025-08-12 13:48:01.169696,15370.01,67.981,55.606,90,89,22.188,22.51
2025-08-12 13:48:11.223402,15380.01,68.948,57.089,0,89,22.155,22.316
2025-08-12 13:48:21.164083,15390.01,69.947,58.12,0,89,22.188,22.445
2025-08-12 13:48:31.161451,15400.01,70.076,59.216,0,89,22.188,22.478
2025-08-12 13:48:41.158965,15410.0,69.915,60.279,0,89,22.188,22.381
2025-08-12 13:48:51.168762,15420.01,68.852,61.182,0,89,22.155,22.445
2025-08-12 13:49:01.166607,15430.01,67.563,61.407,0,89,22.188,22.51
2025-08-12 13:49:11.163649,15440.0,66.112,62.31,0,89,22.188,22.478
2025-08-12 13:49:21.161296,15450.01,64.727,62.406,0,89,22.188,22.51
2025-08-12 13:49:31.158663,15460.01,63.051,62.954,0,89,22.155,22.445
2025-08-12 13:49:41.169028,15470.01,61.697,63.276,0,89,22.188,22.51
2025-08-12 13:49:51.166480,15480.01,60.054,63.115,0,89,22.188,22.478
2025-08-12 13:50:01.163778,15490.01,58.668,63.276,0,89,22.188,22.445
2025-08-12 13:50:11.232403,15500.01,57.572,63.792,77,89,22.155,22.51
2025-08-12 13:50:21.171448,15510.01,56.477,63.115,77,89,22.155,22.445
2025-08-12 13:50:31.168653,15520.01,56.219,64.05,77,89,21.93,22.413
2025-08-12 13:50:41.166744,15530.01,56.444,64.114,77,89,22.026,22.349
2025-08-12 13:50:51.164253,15540.01,57.024,63.889,77,89,22.059,22.478
2025-08-12 13:51:01.174503,15550.01,57.766,63.728,77,89,22.059,22.316
2025-08-12 13:51:11.172018,15560.01,58.829,63.599,77,89,21.897,22.381
2025-08-12 13:51:21.222570,15570.01,59.86,63.856,0,89,21.865,22.381
2025-08-12 13:51:31.166798,15580.01,60.666,64.082,0,89,21.897,22.413
2025-08-12 13:51:41.164454,15590.01,60.924,63.856,0,89,21.93,22.284
2025-08-12 13:51:51.161759,15600.0,60.956,64.92,0,89,21.93,22.252
2025-08-12 13:52:01.172037,15610.01,60.44,64.598,0,89,21.897,22.188
2025-08-12 13:52:11.170050,15620.01,59.667,65.049,0,89,21.897,22.349
2025-08-12 13:52:21.167044,15630.01,58.636,65.242,0,89,21.865,22.252
2025-08-12 13:52:31.164806,15640.01,57.766,64.243,0,89,21.865,22.188
2025-08-12 13:52:41.175265,15650.01,56.863,64.984,0,89,21.865,22.22
2025-08-12 13:52:51.172485,15660.01,55.703,64.565,0,89,21.897,22.188
2025-08-12 13:53:01.170015,15670.01,54.736,64.984,0,89,21.865,22.316
2025-08-12 13:53:11.167463,15680.01,53.77,64.598,0,89,21.865,22.349
2025-08-12 13:53:21.164660,15690.01,52.803,64.565,0,89,21.897,22.252
2025-08-12 13:53:31.162104,15700.0,51.836,63.792,0,89,21.865,22.252
2025-08-12 13:53:41.172221,15710.01,51.095,64.243,0,89,21.865,22.188
2025-08-12 13:53:51.156718,15720.01,50.031,63.921,0,89,21.93,22.413
2025-08-12 13:54:01.167007,15730.01,49.0,63.309,0,89,21.865,22.252
2025-08-12 13:54:11.164536,15740.01,48.549,62.89,0,89,21.93,22.22
2025-08-12 13:54:21.174322,15750.01,47.808,62.632,0,89,21.865,22.22
2025-08-12 13:54:31.158876,15760.0,47.163,63.051,0,89,21.865,22.252
2025-08-12 13:54:41.222256,15770.01,46.357,62.116,0,0,21.865,22.188
2025-08-12 13:54:51.178950,15780.01,45.713,61.826,0,0,21.865,22.22
2025-08-12 13:55:01.176504,15790.01,45.068,60.859,0,0,21.865,22.22
2025-08-12 13:55:11.174098,15800.01,44.424,59.731,0,0,21.865,22.188
2025-08-12 13:55:21.171496,15810.01,43.973,58.346,0,0,21.865,22.22
2025-08-12 13:55:31.181301,15820.01,43.457,56.992,0,0,21.865,22.22
2025-08-12 13:55:41.178611,15830.01,42.813,55.542,0,0,21.865,22.188
2025-08-12 13:55:51.163286,15840.01,42.232,54.06,0,0,21.865,22.188
2025-08-12 13:56:01.223655,15850.01,41.813,52.48,0,0,21.865,22.188
2025-08-12 13:56:11.157809,15860.01,41.201,51.191,0,0,21.865,22.22
2025-08-12 13:56:21.167868,15870.01,40.557,49.838,0,0,21.865,22.188
2025-08-12 13:56:31.165696,15880.0,39.912,48.613,0,0,21.865,22.188
2025-08-12 13:56:41.162948,15890.01,39.59,47.324,0,0,21.865,22.188
2025-08-12 13:56:51.173103,15900.01,38.945,46.035,0,0,21.865,22.188
2025-08-12 13:57:01.170590,15910.0,38.301,45.068,0,0,21.865,22.188
2025-08-12 13:57:11.237823,15920.01,37.817,44.069,12,0,21.865,22.188
2025-08-12 13:57:21.165051,15930.01,37.366,43.038,12,0,21.865,22.188
2025-08-12 13:57:31.175457,15940.01,37.012,42.2,12,0,21.865,22.188
2025-08-12 13:57:41.159771,15950.01,36.722,41.298,12,0,21.865,22.188
2025-08-12 13:57:51.169956,15960.01,36.657,40.524,12,0,21.865,22.188
2025-08-12 13:58:01.167550,15970.01,36.367,39.654,12,0,21.865,22.188
2025-08-12 13:58:11.177670,15980.01,36.335,38.945,12,0,21.865,22.22
2025-08-12 13:58:21.223579,15990.01,36.045,38.301,0,0,21.865,22.284
2025-08-12 13:58:31.172209,16000.0,36.045,37.656,0,0,21.865,22.188
2025-08-12 13:58:41.170098,16010.01,35.723,37.012,0,0,21.865,22.188
2025-08-12 13:58:51.180226,16020.01,35.433,36.625,0,0,21.865,22.188
2025-08-12 13:59:01.164579,16030.01,35.11,36.045,0,0,21.865,22.188
2025-08-12 13:59:11.174764,16040.01,34.756,35.69,0,0,21.865,22.188
2025-08-12 13:59:21.160041,16050.0,34.434,35.078,0,0,21.865,22.22
2025-08-12 13:59:31.169424,16060.0,34.111,34.756,0,0,21.865,22.188
2025-08-12 13:59:41.179607,16070.01,33.628,34.272,0,0,21.865,22.188
2025-08-12 13:59:51.164449,16080.01,33.209,33.854,0,0,21.865,22.188
2025-08-12 14:00:01.174093,16090.01,32.822,33.467,0,0,21.865,22.188
2025-08-12 14:00:11.171654,16100.01,32.5,33.145,0,0,21.865,22.188
2025-08-12 14:00:21.182203,16110.01,32.178,32.822,0,0,21.865,22.188
2025-08-12 14:00:31.166365,16120.0,31.855,32.5,0,0,21.865,22.188
2025-08-12 14:00:41.176254,16130.01,31.533,32.178,0,0,21.865,22.188
2025-08-12 14:00:51.173477,16140.01,31.211,31.855,0,0,21.865,22.188
2025-08-12 14:01:01.171002,16150.01,30.889,31.533,0,0,21.865,22.188
2025-08-12 14:01:11.168561,16160.01,30.599,31.243,0,0,21.865,22.188
2025-08-12 14:01:21.165813,16170.01,30.373,31.018,0,0,21.865,22.188
2025-08-12 14:01:31.163117,16180.01,30.147,30.695,0,0,21.865,22.188
2025-08-12 14:01:41.160372,16190.01,29.922,30.566,0,0,21.865,22.188
2025-08-12 14:01:51.157870,16200.0,29.6,30.244,0,0,21.865,22.188
2025-08-12 14:02:01.154904,16210.0,29.438,29.922,0,0,21.865,22.188
2025-08-12 14:02:11.236769,16220.01,29.277,30.438,0,60,21.865,22.188
2025-08-12 14:02:21.175514,16230.01,29.277,29.922,0,60,21.865,22.188
2025-08-12 14:02:31.160033,16240.0,28.955,30.18,0,60,21.865,22.188
2025-08-12 14:02:41.170323,16250.01,28.923,30.244,0,60,21.865,22.188
2025-08-12 14:02:51.167563,16260.01,28.891,31.437,0,60,21.865,22.188
2025-08-12 14:03:01.164971,16270.0,28.633,31.823,0,60,21.865,22.188
2025-08-12 14:03:11.175173,16280.0,28.762,32.242,0,60,21.865,22.22
2025-08-12 14:03:21.172591,16290.0,28.794,33.402,0,60,21.865,22.188
2025-08-12 14:03:31.169944,16300.01,28.729,34.176,0,60,21.897,22.188
2025-08-12 14:03:41.166284,16310.0,28.762,34.788,0,60,21.865,22.188
2025-08-12 14:03:51.162448,16320.0,28.794,35.562,0,60,21.865,22.188
2025-08-12 14:04:01.158911,16330.0,28.891,36.174,0,60,21.865,22.188
2025-08-12 14:04:11.168638,16340.01,28.762,36.367,0,60,21.865,22.188
2025-08-12 14:04:21.166660,16350.01,28.955,37.012,0,60,21.897,22.188
2025-08-12 14:04:31.163538,16360.01,29.02,37.624,0,60,21.865,22.188
2025-08-12 14:04:41.173468,16370.01,28.955,38.623,0,60,21.865,22.188
2025-08-12 14:04:51.157916,16380.0,29.084,38.752,0,60,21.865,22.188
2025-08-12 14:05:01.154957,16390.0,29.277,39.268,0,60,21.865,22.188
2025-08-12 14:05:11.165680,16400.01,29.535,39.912,0,60,21.897,22.188
2025-08-12 14:05:21.175662,16410.01,29.567,39.912,0,60,21.865,22.188
2025-08-12 14:05:31.173055,16420.01,29.793,40.718,0,60,21.865,22.188
2025-08-12 14:05:41.170334,16430.01,29.857,40.911,0,60,21.865,22.188
2025-08-12 14:05:51.180601,16440.01,29.89,41.491,0,60,21.865,22.188
2025-08-12 14:06:01.164874,16450.0,30.019,41.362,0,60,21.865,22.188
2025-08-12 14:06:11.175213,16460.01,30.051,42.297,0,60,21.865,22.188
2025-08-12 14:06:21.172661,16470.01,30.341,42.329,0,60,21.865,22.188
2025-08-12 14:06:31.226865,16480.01,30.244,42.168,0,0,21.865,22.188
2025-08-12 14:06:41.167103,16490.0,30.244,42.168,0,0,21.865,22.22
2025-08-12 14:06:51.177648,16500.01,30.244,42.136,0,0,21.865,22.188
2025-08-12 14:07:01.174640,16510.01,30.309,41.781,0,0,21.865,22.188
2025-08-12 14:07:11.171950,16520.01,30.405,41.201,0,0,21.865,22.188
2025-08-12 14:07:21.169312,16530.01,30.47,40.557,0,0,21.865,22.188
2025-08-12 14:07:31.234609,16540.01,30.599,40.138,78,0,21.865,22.188
2025-08-12 14:07:41.163906,16550.01,30.792,39.429,78,0,21.865,22.188
2025-08-12 14:07:51.225081,16560.01,31.533,38.752,78,0,21.865,22.188
2025-08-12 14:08:01.171670,16570.02,32.983,38.204,78,0,21.865,22.188
2025-08-12 14:08:11.169474,16580.01,34.563,37.721,78,0,21.865,22.188
2025-08-12 14:08:21.166449,16590.01,36.271,37.334,78,0,21.865,22.188
2025-08-12 14:08:31.177328,16600.01,38.172,36.915,78,0,21.865,22.188
2025-08-12 14:08:41.162189,16610.01,40.138,36.754,78,0,21.865,22.188
2025-08-12 14:08:51.172534,16620.01,42.007,36.593,78,0,21.865,22.188
2025-08-12 14:09:01.156603,16630.01,43.908,36.561,78,0,21.865,22.188
2025-08-12 14:09:11.166943,16640.01,45.552,36.593,78,0,21.865,22.188
2025-08-12 14:09:21.164331,16650.01,47.228,36.528,78,0,21.865,22.188
2025-08-12 14:09:31.174672,16660.01,49.0,36.625,78,0,21.865,22.188
2025-08-12 14:09:41.159017,16670.0,50.676,36.915,78,0,21.865,22.188
2025-08-12 14:09:51.156610,16680.0,52.19,37.141,78,0,21.865,22.188
2025-08-12 14:10:01.166752,16690.0,53.576,37.141,78,0,21.865,22.188
2025-08-12 14:10:11.176941,16700.01,55.026,37.398,78,0,21.865,22.188
2025-08-12 14:10:21.174160,16710.01,56.122,37.753,78,0,21.865,22.188
2025-08-12 14:10:31.171637,16720.01,57.476,38.075,78,0,21.865,22.188
2025-08-12 14:10:41.169100,16730.01,58.475,38.172,78,0,21.865,22.188
2025-08-12 14:10:51.179379,16740.01,59.699,38.494,78,0,21.865,22.188
2025-08-12 14:11:01.176629,16750.01,60.602,38.752,78,0,21.865,22.188
2025-08-12 14:11:11.173949,16760.01,61.568,39.171,78,0,21.865,22.188
2025-08-12 14:11:21.171545,16770.01,62.31,39.396,78,0,21.865,22.188
2025-08-12 14:11:31.168967,16780.01,63.147,39.783,78,0,21.865,22.188
2025-08-12 14:11:41.166224,16790.0,63.889,40.009,78,0,21.865,22.188
2025-08-12 14:11:51.176424,16800.01,64.533,40.267,78,0,21.865,22.188
2025-08-12 14:12:01.160844,16810.01,65.049,40.686,78,0,21.865,22.188
2025-08-12 14:12:11.158071,16820.0,65.758,40.943,78,0,21.865,22.188
2025-08-12 14:12:21.168113,16830.01,66.306,41.233,78,0,21.865,22.188
2025-08-12 14:12:31.165653,16840.0,67.047,41.588,78,0,21.865,22.188
2025-08-12 14:12:41.162893,16850.01,67.434,41.846,78,0,21.865,22.188
2025-08-12 14:12:51.160199,16860.01,67.853,42.361,78,0,21.865,22.188
2025-08-12 14:13:01.157572,16870.0,68.271,42.619,78,0,21.865,22.188
2025-08-12 14:13:11.222299,16880.01,68.69,42.684,78,0,21.865,22.188
2025-08-12 14:13:21.177636,16890.01,69.142,42.813,78,0,21.865,22.188
2025-08-12 14:13:31.162461,16900.01,69.367,43.199,78,0,21.865,22.188
2025-08-12 14:13:41.172760,16910.01,69.496,43.393,78,0,21.865,22.188
2025-08-12 14:13:51.170008,16920.01,69.979,43.457,78,0,21.865,22.188
2025-08-12 14:14:01.154613,16930.0,70.173,43.908,78,0,21.865,22.188
2025-08-12 14:14:11.164932,16940.01,70.27,44.037,78,0,21.865,22.188
2025-08-12 14:14:21.175178,16950.01,70.656,44.198,78,0,21.865,22.188
2025-08-12 14:14:31.172735,16960.01,70.946,44.359,78,0,21.865,22.22
2025-08-12 14:14:41.169930,16970.01,70.946,44.553,78,0,21.865,22.188
2025-08-12 14:14:51.166987,16980.01,71.172,44.682,78,0,21.865,22.188
2025-08-12 14:15:01.163950,16990.0,71.494,44.875,78,0,21.865,22.188
2025-08-12 14:15:11.161552,17000.0,71.816,44.875,78,0,21.865,22.188
2025-08-12 14:15:21.171822,17010.01,72.042,45.197,78,0,21.865,22.188
2025-08-12 14:15:31.156235,17020.0,72.203,45.326,78,0,21.865,22.188
2025-08-12 14:15:41.166344,17030.01,72.364,45.391,78,0,21.865,22.188
2025-08-12 14:15:51.163634,17040.01,72.429,45.584,78,0,21.865,22.188
2025-08-12 14:16:01.160876,17050.01,72.493,45.777,78,0,21.865,22.188
2025-08-12 14:16:11.170979,17060.0,72.654,45.713,78,0,21.865,22.188
2025-08-12 14:16:21.168244,17070.01,72.848,45.874,78,0,21.865,22.188
2025-08-12 14:16:31.165390,17080.01,72.977,45.938,78,0,21.865,22.188
2025-08-12 14:16:41.175746,17090.01,73.073,45.971,78,0,21.865,22.188
2025-08-12 14:16:51.173075,17100.01,73.202,46.196,78,0,21.865,22.188
2025-08-12 14:17:01.170384,17110.01,73.396,46.486,78,0,21.865,22.188
2025-08-12 14:17:11.168210,17120.01,73.524,46.325,78,0,21.865,22.188
2025-08-12 14:17:21.237624,17130.01,73.17,46.132,13,0,21.865,22.188
2025-08-12 14:17:31.162337,17140.01,73.041,46.261,13,0,21.865,22.188
2025-08-12 14:17:41.173062,17150.01,72.3,46.422,13,0,21.865,22.188
2025-08-12 14:17:51.170549,17160.01,71.301,46.1,13,0,21.865,22.188
2025-08-12 14:18:01.167993,17170.01,70.012,46.1,13,0,21.865,22.188
2025-08-12 14:18:11.165292,17180.01,68.4,45.81,13,0,21.865,22.22
2025-08-12 14:18:21.175579,17190.01,66.725,45.681,13,0,21.865,22.188
2025-08-12 14:18:31.172586,17200.01,65.113,45.455,13,0,21.865,22.188
2025-08-12 14:18:41.170053,17210.01,63.438,45.068,13,0,21.865,22.188
2025-08-12 14:18:51.167567,17220.0,61.923,44.649,13,0,21.865,22.188
2025-08-12 14:19:01.177622,17230.01,60.376,44.166,13,0,21.865,22.188
2025-08-12 14:19:11.161858,17240.01,58.958,43.844,13,0,21.865,22.188
2025-08-12 14:19:21.159227,17250.0,57.379,43.521,13,0,21.865,22.188
2025-08-12 14:19:31.169821,17260.01,56.025,43.167,13,0,21.865,22.188
2025-08-12 14:19:41.167003,17270.01,54.736,42.651,13,0,21.865,22.188
2025-08-12 14:19:51.164668,17280.01,53.479,42.232,13,0,21.865,22.188
2025-08-12 14:20:01.174791,17290.01,52.255,41.91,13,0,21.897,22.188
2025-08-12 14:20:11.159409,17300.0,50.966,41.298,13,0,21.865,22.188
2025-08-12 14:20:21.156777,17310.01,50.096,40.943,13,0,21.865,22.188
2025-08-12 14:20:31.167442,17320.01,49.29,40.653,13,0,21.865,22.188
2025-08-12 14:20:41.164873,17330.0,48.355,40.009,13,0,21.865,22.188
2025-08-12 14:20:51.235418,17340.01,47.646,39.59,12,0,21.865,22.188
2025-08-12 14:21:01.172023,17350.0,46.905,39.332,12,0,21.865,22.188
2025-08-12 14:21:11.169390,17360.01,46.067,39.01,12,0,21.865,22.188
2025-08-12 14:21:21.179999,17370.01,45.391,38.655,12,0,21.865,22.188
2025-08-12 14:21:31.177124,17380.01,44.778,38.333,12,0,21.865,22.188
2025-08-12 14:21:41.187643,17390.01,44.102,37.914,12,0,21.865,22.188
2025-08-12 14:21:51.172081,17400.01,43.457,37.463,12,0,21.865,22.188
2025-08-12 14:22:01.170383,17410.0,42.877,37.141,12,0,21.865,22.188
2025-08-12 14:22:11.168952,17420.0,42.522,36.883,12,0,21.865,22.188
2025-08-12 14:22:21.179192,17430.01,41.942,36.561,12,0,21.865,22.188
2025-08-12 14:22:31.233598,17440.01,41.556,36.689,12,70,21.865,22.188
2025-08-12 14:22:41.161835,17450.0,41.362,36.593,12,70,21.865,22.188
2025-08-12 14:22:51.172453,17460.01,40.847,36.851,12,70,21.865,22.188
2025-08-12 14:23:01.156829,17470.0,40.621,36.689,12,70,21.865,22.188
2025-08-12 14:23:11.167255,17480.01,40.396,37.495,12,70,21.865,22.22
2025-08-12 14:23:21.164692,17490.01,40.041,38.043,12,70,21.865,22.188
2025-08-12 14:23:31.174794,17500.01,39.848,38.978,12,70,21.865,22.188
2025-08-12 14:23:41.171976,17510.01,39.622,39.815,12,70,21.865,22.188
2025-08-12 14:23:51.169080,17520.01,39.783,40.943,12,70,21.865,22.188
2025-08-12 14:24:01.166104,17530.01,39.59,41.942,12,70,21.865,22.188
2025-08-12 14:24:11.176769,17540.01,39.525,42.522,12,70,21.865,22.188
2025-08-12 14:24:21.161263,17550.01,39.396,43.231,12,70,21.865,22.188
2025-08-12 14:24:31.171469,17560.01,39.332,43.844,12,70,21.865,22.188
2025-08-12 14:24:41.169016,17570.01,39.332,44.424,12,70,21.865,22.188
2025-08-12 14:24:51.166225,17580.01,39.461,44.424,12,70,21.865,22.188
2025-08-12 14:25:01.176478,17590.01,39.461,45.262,12,70,21.865,22.188
2025-08-12 14:25:11.173852,17600.01,39.429,45.81,12,70,21.865,22.188
2025-08-12 14:25:21.171337,17610.01,39.558,46.519,12,70,21.865,22.188
2025-08-12 14:25:31.168333,17620.01,39.719,46.744,12,70,21.865,22.188
2025-08-12 14:25:41.178760,17630.01,39.815,47.099,12,70,21.865,22.188
2025-08-12 14:25:51.163236,17640.01,39.815,48.001,12,70,21.865,22.188
2025-08-12 14:26:01.173313,17650.01,39.59,48.194,12,70,21.865,22.188
2025-08-12 14:26:11.170716,17660.01,39.815,48.194,12,70,21.865,22.188
2025-08-12 14:26:21.168371,17670.0,39.977,49.129,12,70,21.865,22.22
2025-08-12 14:26:31.165886,17680.01,40.138,49.29,12,70,21.865,22.22
2025-08-12 14:26:41.176214,17690.0,39.977,49.612,12,70,21.865,22.188
2025-08-12 14:26:51.173341,17700.01,40.009,49.806,12,70,21.865,22.188
2025-08-12 14:27:01.170828,17710.01,40.363,49.902,12,70,21.865,22.188
2025-08-12 14:27:11.181266,17720.01,40.363,49.548,12,70,21.865,22.188
2025-08-12 14:27:21.178668,17730.01,40.492,50.321,12,70,21.865,22.188
2025-08-12 14:27:31.175963,17740.01,40.428,50.386,12,70,21.865,22.188
2025-08-12 14:27:41.173164,17750.01,40.782,50.321,12,70,21.865,22.188
2025-08-12 14:27:51.170262,17760.01,40.557,51.127,12,70,21.865,22.188
2025-08-12 14:28:01.167373,17770.0,40.847,51.095,12,70,21.865,22.22
2025-08-12 14:28:11.177804,17780.01,40.943,51.417,12,70,21.865,22.22
2025-08-12 14:28:21.175266,17790.01,40.847,50.837,12,70,21.865,22.188
2025-08-12 14:28:31.159993,17800.0,40.943,50.934,12,70,21.865,22.188
2025-08-12 14:28:41.170287,17810.01,41.008,50.998,12,70,21.865,22.188
2025-08-12 14:28:51.167586,17820.01,41.008,51.546,12,70,21.865,22.188
2025-08-12 14:29:01.164719,17830.01,41.233,51.739,12,70,21.865,22.188
2025-08-12 14:29:11.174928,17840.01,41.201,51.61,12,70,21.865,22.188
2025-08-12 14:29:21.172106,17850.01,41.201,52.158,12,70,21.865,22.188
2025-08-12 14:29:31.169956,17860.01,41.169,52.062,12,70,21.865,22.188
2025-08-12 14:29:41.180170,17870.01,41.072,52.223,12,70,21.865,22.188
2025-08-12 14:29:51.177371,17880.01,41.104,52.255,12,70,21.865,22.188
2025-08-12 14:30:01.175048,17890.01,41.233,52.545,12,70,21.865,22.188
2025-08-12 14:30:11.172639,17900.01,41.137,52.545,12,70,21.865,22.188
2025-08-12 14:30:21.169771,17910.01,41.298,52.577,12,70,21.865,22.188
2025-08-12 14:30:31.244500,17920.01,41.362,52.094,20,70,21.865,22.188
2025-08-12 14:30:41.164280,17930.01,41.33,52.771,20,70,21.865,22.188
2025-08-12 14:30:51.161969,17940.01,41.395,52.577,20,70,21.865,22.188
2025-08-12 14:31:01.171820,17950.01,41.846,52.835,20,70,21.865,22.188
2025-08-12 14:31:11.156489,17960.0,41.91,52.932,20,70,21.865,22.188
2025-08-12 14:31:21.166868,17970.01,42.039,52.513,20,70,21.865,22.188
2025-08-12 14:31:31.163752,17980.01,42.426,53.093,20,70,21.865,22.188
2025-08-12 14:31:41.161287,17990.01,42.619,52.642,20,70,21.865,22.188
2025-08-12 14:31:51.244391,18000.01,42.78,53.061,20,72,21.865,22.188
2025-08-12 14:32:01.168533,18010.01,43.006,53.222,20,72,21.865,22.188
2025-08-12 14:32:11.166149,18020.01,43.07,53.222,20,72,21.865,22.188
2025-08-12 14:32:21.176174,18030.01,43.489,53.254,20,72,21.865,22.188
2025-08-12 14:32:31.173544,18040.01,43.457,53.351,20,72,21.833,22.188
2025-08-12 14:32:41.171201,18050.01,43.521,53.318,20,72,21.769,22.188
2025-08-12 14:32:51.168844,18060.01,43.876,53.641,20,72,21.865,22.188
2025-08-12 14:33:01.225049,18070.01,43.876,53.254,20,0,21.865,22.188
2025-08-12 14:33:11.175840,18080.01,43.973,53.222,20,0,21.865,22.188
2025-08-12 14:33:21.173419,18090.01,44.134,52.932,20,0,21.865,22.188
2025-08-12 14:33:31.170759,18100.0,44.359,52.158,20,0,21.865,22.188
2025-08-12 14:33:41.168248,18110.01,44.456,51.256,20,0,21.865,22.188
2025-08-12 14:33:51.178212,18120.01,44.456,50.386,20,0,21.865,22.188
2025-08-12 14:34:01.162757,18130.01,44.553,49.322,20,0,21.865,22.188
2025-08-12 14:34:11.172962,18140.01,44.456,48.452,20,0,21.865,22.188
2025-08-12 14:34:21.170115,18150.01,44.327,47.55,20,0,21.865,22.188
2025-08-12 14:34:31.168020,18160.01,44.166,46.712,20,0,21.865,22.188
2025-08-12 14:34:41.165205,18170.01,44.166,45.81,20,0,21.865,22.188
2025-08-12 14:34:51.175076,18180.01,44.166,45.004,20,0,21.897,22.188
2025-08-12 14:35:01.159663,18190.01,44.134,44.166,20,0,21.865,22.22
2025-08-12 14:35:11.170067,18200.0,43.908,43.489,20,0,21.865,22.188
2025-08-12 14:35:21.229534,18210.01,43.715,42.813,0,0,21.93,22.284
2025-08-12 14:35:31.177564,18220.01,43.457,42.168,0,0,21.865,22.188
2025-08-12 14:35:41.175414,18230.01,43.135,41.523,0,0,21.897,22.22
2025-08-12 14:35:51.172800,18240.01,42.587,40.879,0,0,21.897,22.22
2025-08-12 14:36:01.170249,18250.01,42.071,40.234,0,0,21.93,22.188
2025-08-12 14:36:11.167559,18260.01,41.362,39.59,0,0,21.897,22.22
2025-08-12 14:36:21.164999,18270.01,40.557,38.945,0,0,21.865,22.188
2025-08-12 14:36:31.162297,18280.01,39.912,38.559,0,0,21.865,22.188
2025-08-12 14:36:41.172977,18290.01,39.268,37.979,0,0,21.865,22.188
2025-08-12 14:36:51.170090,18300.01,38.591,37.463,0,0,21.865,22.188
2025-08-12 14:37:01.167555,18310.01,37.914,37.012,0,0,21.897,22.188
2025-08-12 14:37:11.164783,18320.01,37.302,36.561,0,0,21.865,22.22
2025-08-12 14:37:21.175017,18330.01,36.689,36.045,0,0,21.865,22.22
2025-08-12 14:37:31.172450,18340.01,36.045,35.69,0,0,21.865,22.252
2025-08-12 14:37:41.170005,18350.01,35.078,34.756,0,0,21.865,22.188
2025-08-12 14:37:51.180495,18360.01,33.789,33.467,0,0,21.865,22.188
2025-08-12 14:38:01.164609,18370.01,32.5,32.403,0,0,21.865,22.188
2025-08-12 14:38:11.175097,18380.01,31.533,31.533,0,0,21.897,22.284
2025-08-12 14:38:21.172003,18390.01,30.566,30.824,0,0,21.865,22.22
2025-08-12 14:38:31.170014,18400.01,29.922,29.922,0,0,21.897,22.381
2025-08-12 14:38:41.167515,18410.01,29.245,29.6,0,0,22.123,22.478
2025-08-12 14:38:51.164973,18420.01,28.633,28.955,0,0,22.188,22.478
2025-08-12 14:39:01.175300,18430.01,27.988,28.311,0,0,22.026,22.445
2025-08-12 14:39:11.172916,18440.01,27.408,27.988,0,0,22.155,22.51
2025-08-12 14:39:21.170492,18450.01,27.021,27.344,0,0,22.155,22.478
2025-08-12 14:39:31.180662,18460.01,26.441,27.021,0,0,22.155,22.51
2025-08-12 14:39:41.178115,18470.01,26.055,26.474,0,0,22.188,22.51
2025-08-12 14:39:51.175385,18480.01,25.732,26.055,0,0,22.188,22.51
2025-08-12 14:40:01.185769,18490.01,25.41,25.732,0,0,22.188,22.51
2025-08-12 14:40:11.170136,18500.01,25.088,25.539,0,0,22.188,22.51
2025-08-12 14:40:21.167534,18510.01,24.766,25.185,0,0,22.188,22.51
2025-08-12 14:40:31.164964,18520.01,24.54,25.088,0,0,22.188,22.51
2025-08-12 14:40:41.162003,18530.01,24.443,24.766,0,0,22.188,22.542
2025-08-12 14:40:51.172564,18540.01,24.121,24.701,0,0,22.188,22.51
2025-08-12 14:41:01.178343,18550.02,24.024,24.443,0,0,22.188,22.51
2025-08-12 14:41:11.170416,18560.01,23.799,24.121,0,0,22.188,22.542
2025-08-12 14:41:21.328279,18570.02,23.702,24.637,0,66,22.188,22.51
2025-08-12 14:41:31.158782,18580.0,23.605,24.572,0,66,22.188,22.51
2025-08-12 14:41:41.157079,18590.01,23.605,24.669,0,66,22.188,22.51
2025-08-12 14:41:51.167807,18600.01,23.573,25.249,0,66,22.188,22.51
2025-08-12 14:42:01.165154,18610.01,23.509,25.249,0,66,22.188,22.51
2025-08-12 14:42:11.163165,18620.01,23.315,26.248,0,66,22.188,22.51
2025-08-12 14:42:21.173220,18630.01,23.444,26.345,0,66,22.188,22.51
2025-08-12 14:42:31.170773,18640.01,23.348,27.537,0,66,22.188,22.51
2025-08-12 14:42:41.168220,18650.01,23.509,27.344,0,66,22.188,22.542
2025-08-12 14:42:51.165558,18660.01,23.477,28.472,0,66,22.188,22.51
2025-08-12 14:43:01.175869,18670.01,23.573,28.278,0,66,22.188,22.542
2025-08-12 14:43:11.173352,18680.01,23.509,29.02,0,66,22.188,22.606
2025-08-12 14:43:21.170751,18690.01,23.702,29.052,0,66,22.188,22.574
2025-08-12 14:43:31.168221,18700.01,23.734,29.793,0,66,22.188,22.51
2025-08-12 14:43:41.178876,18710.01,23.702,29.986,0,66,22.188,22.671
2025-08-12 14:43:51.176083,18720.01,23.605,30.309,0,66,22.188,22.671
2025-08-12 14:44:01.173393,18730.01,23.896,30.566,0,66,22.188,22.703
2025-08-12 14:44:11.171079,18740.01,23.928,30.373,0,66,22.188,22.735
2025-08-12 14:44:21.181348,18750.01,23.96,31.114,0,66,22.188,22.574
2025-08-12 14:44:31.179087,18760.01,23.928,30.889,0,66,22.22,22.768
2025-08-12 14:44:41.176179,18770.01,24.153,31.727,0,66,22.188,22.8
2025-08-12 14:44:51.161155,18780.0,24.25,31.243,0,66,22.188,22.768
2025-08-12 14:45:01.171343,18790.01,24.153,31.404,0,66,22.188,22.671
2025-08-12 14:45:11.169109,18800.01,24.25,31.34,0,66,22.188,22.671
2025-08-12 14:45:21.179392,18810.01,24.218,31.533,0,66,22.188,22.832
2025-08-12 14:45:31.176567,18820.01,24.25,31.662,0,66,22.188,22.735
2025-08-12 14:45:41.174027,18830.01,24.25,32.049,0,66,22.188,22.832
2025-08-12 14:45:51.171423,18840.01,24.25,32.307,0,66,22.252,22.832
2025-08-12 14:46:01.181783,18850.01,24.153,32.274,0,66,22.413,22.832
2025-08-12 14:46:11.166321,18860.0,24.411,32.661,0,66,22.22,22.8
2025-08-12 14:46:21.163616,18870.0,24.476,32.436,0,66,22.349,22.8
2025-08-12 14:46:31.174075,18880.01,24.508,32.5,0,66,22.252,22.671
2025-08-12 14:46:41.171499,18890.01,24.508,32.146,0,66,22.284,22.671
2025-08-12 14:46:51.182108,18900.01,24.508,32.661,0,66,22.284,22.768
2025-08-12 14:47:01.241826,18910.01,24.508,32.532,0,28,22.22,22.703
2025-08-12 14:47:11.163838,18920.01,24.476,32.339,0,28,22.316,22.703
2025-08-12 14:47:21.161721,18930.0,24.443,32.178,0,28,22.22,22.703
2025-08-12 14:47:31.171753,18940.01,24.508,31.533,0,28,22.413,22.768
2025-08-12 14:47:41.156773,18950.0,24.508,31.211,0,28,22.22,22.735
2025-08-12 14:47:51.166939,18960.01,24.347,31.018,0,28,22.284,22.768
2025-08-12 14:48:01.177187,18970.01,24.218,30.631,0,28,22.478,22.768
2025-08-12 14:48:11.174701,18980.01,24.186,30.244,0,28,22.349,22.832
2025-08-12 14:48:21.172083,18990.01,24.121,29.954,0,28,22.349,22.832
2025-08-12 14:48:31.169250,19000.0,24.218,29.729,0,28,22.22,22.8
2025-08-12 14:48:41.179923,19010.01,24.218,29.277,0,28,22.51,22.832
2025-08-12 14:48:51.177172,19020.01,24.186,29.342,0,28,22.413,22.832
2025-08-12 14:49:01.161495,19030.0,24.153,28.955,0,28,22.478,22.8
2025-08-12 14:49:11.171957,19040.0,24.057,28.891,0,28,22.51,22.832
2025-08-12 14:49:21.169467,19050.01,23.928,28.311,0,28,22.445,22.768
2025-08-12 14:49:31.180197,19060.01,23.928,28.536,0,28,22.478,22.8
2025-08-12 14:49:41.164542,19070.0,23.928,27.988,0,28,22.413,22.768
2025-08-12 14:49:51.175083,19080.01,23.799,27.666,0,28,22.51,22.703
2025-08-12 14:50:01.172194,19090.01,23.734,27.956,0,28,22.478,22.832
2025-08-12 14:50:11.169743,19100.0,23.638,27.666,0,28,22.478,22.639
2025-08-12 14:50:21.180163,19110.01,23.605,27.602,0,28,22.445,22.671
2025-08-12 14:50:31.164347,19120.0,23.509,27.344,0,28,22.445,22.639
2025-08-12 14:50:41.175061,19130.01,23.573,27.344,0,28,22.478,22.671
2025-08-12 14:50:51.172236,19140.0,23.541,27.634,0,28,22.478,22.8
2025-08-12 14:51:01.169489,19150.01,23.638,27.634,0,28,22.478,22.832
2025-08-12 14:51:11.229956,19160.0,23.638,27.956,2,28,22.445,22.735
2025-08-12 14:51:21.177274,19170.01,23.831,28.117,2,28,22.478,22.8
2025-08-12 14:51:31.175140,19180.01,23.992,28.472,2,28,22.478,22.832
2025-08-12 14:51:41.172420,19190.01,24.153,28.762,2,28,22.51,22.703
2025-08-12 14:51:51.169836,19200.01,24.379,29.213,2,28,22.51,22.768
2025-08-12 14:52:01.179819,19210.01,24.604,29.535,2,28,22.51,22.8
2025-08-12 14:52:11.164531,19220.0,24.83,29.922,2,28,22.51,22.832
2025-08-12 14:52:21.174433,19230.01,24.959,30.18,2,28,22.51,22.768
2025-08-12 14:52:31.171290,19240.01,25.185,30.083,2,28,22.51,22.768
2025-08-12 14:52:41.228141,19250.01,25.12,30.276,2,0,22.51,22.832
2025-08-12 14:52:51.165983,19260.01,25.41,30.599,2,0,22.51,22.832
2025-08-12 14:53:01.176263,19270.01,25.41,30.631,2,0,22.445,22.832
2025-08-12 14:53:11.174189,19280.01,25.732,30.534,2,0,22.381,22.735
2025-08-12 14:53:21.171500,19290.01,25.732,30.244,2,0,22.413,22.8
2025-08-12 14:53:31.168964,19300.0,25.894,30.019,2,0,22.381,22.8
2025-08-12 14:53:41.166242,19310.0,26.055,29.922,2,0,22.413,22.8
2025-08-12 14:53:51.176723,19320.01,26.055,29.6,2,0,22.381,22.8
2025-08-12 14:54:01.173668,19330.01,26.087,29.277,2,0,22.252,22.8
2025-08-12 14:54:11.171256,19340.01,26.119,29.02,2,0,22.252,22.768
2025-08-12 14:54:21.168922,19350.01,26.28,28.923,2,0,22.349,22.768
2025-08-12 14:54:31.165939,19360.0,26.377,28.633,2,0,22.478,22.832
2025-08-12 14:54:41.163451,19370.0,26.409,28.311,2,0,22.413,22.8
2025-08-12 14:54:51.173410,19380.01,26.377,28.182,2,0,22.445,22.832
2025-08-12 14:55:01.222706,19390.01,26.441,27.988,2,0,22.445,22.832
2025-08-12 14:55:11.168258,19400.01,26.377,27.73,2,0,22.478,22.832
2025-08-12 14:55:21.166055,19410.01,26.377,27.666,2,0,22.445,22.832
2025-08-12 14:55:31.163544,19420.0,26.345,27.344,2,0,22.51,22.8
2025-08-12 14:55:41.160755,19430.01,26.377,27.312,2,0,22.349,22.735
2025-08-12 14:55:51.170984,19440.01,26.441,27.118,2,0,22.381,22.8
2025-08-12 14:56:01.168203,19450.01,26.345,27.021,2,0,22.316,22.768
2025-08-12 14:56:11.178906,19460.01,26.377,26.893,2,0,22.445,22.735
2025-08-12 14:56:21.176357,19470.01,26.345,26.699,2,0,22.381,22.832
2025-08-12 14:56:31.242498,19480.01,26.635,26.957,97,0,22.284,22.8
2025-08-12 14:56:41.158526,19490.0,26.828,26.893,97,0,22.252,22.8
2025-08-12 14:56:51.169082,19500.0,27.698,26.731,97,0,22.252,22.735
2025-08-12 14:57:01.166249,19510.0,29.471,26.86,97,0,22.284,22.639
2025-08-12 14:57:11.163946,19520.0,31.501,26.989,97,0,22.252,22.671
2025-08-12 14:57:21.173832,19530.01,33.725,27.247,97,0,22.188,22.671
2025-08-12 14:57:31.237424,19540.01,36.303,27.473,94,0,22.349,22.735
2025-08-12 14:57:41.181851,19550.01,38.752,27.763,94,0,22.188,22.768
2025-08-12 14:57:51.179251,19560.01,41.33,28.246,94,0,22.316,22.671
2025-08-12 14:58:01.176600,19570.01,43.683,28.858,94,0,22.349,22.703
2025-08-12 14:58:11.161595,19580.0,45.938,29.471,94,0,22.349,22.768
2025-08-12 14:58:21.159089,19590.0,48.162,29.761,94,0,22.284,22.832
2025-08-12 14:58:31.169439,19600.01,50.418,30.47,94,0,22.316,22.671
2025-08-12 14:58:41.167262,19610.0,52.384,31.082,94,0,22.316,22.639
2025-08-12 14:58:51.177750,19620.01,54.317,31.791,94,0,22.252,22.703
2025-08-12 14:59:01.175010,19630.01,56.219,32.597,94,0,22.252,22.735
2025-08-12 14:59:11.172507,19640.01,58.023,33.306,94,0,22.284,22.639
2025-08-12 14:59:21.157127,19650.0,59.764,33.854,94,0,22.316,22.639
2025-08-12 14:59:31.167435,19660.01,61.311,34.627,94,0,22.252,22.735
2025-08-12 14:59:41.164878,19670.01,62.664,35.271,94,0,22.252,22.671
2025-08-12 14:59:51.162357,19680.01,63.953,35.884,94,0,22.188,22.639
2025-08-12 15:00:01.238517,19690.01,64.984,36.303,47,0,22.252,22.574
2025-08-12 15:00:11.170214,19700.01,66.273,36.979,47,0,22.22,22.606
2025-08-12 15:00:21.159794,19710.0,66.886,37.56,47,0,22.316,22.703
2025-08-12 15:00:31.163824,19720.01,66.854,38.172,47,0,22.22,22.574
2025-08-12 15:00:41.157992,19730.01,66.821,38.591,47,0,22.188,22.574
2025-08-12 15:00:51.166662,19740.01,66.435,39.139,47,0,22.252,22.703
2025-08-12 15:01:01.176122,19750.01,66.016,39.429,47,0,22.22,22.639
2025-08-12 15:01:11.172978,19760.01,65.629,39.848,47,0,22.22,22.703
2025-08-12 15:01:21.169780,19770.01,65.081,39.944,47,0,22.284,22.735
2025-08-12 15:01:31.166884,19780.01,64.63,40.105,47,0,22.252,22.606
2025-08-12 15:01:41.177169,19790.01,63.824,40.396,47,0,22.22,22.703
2025-08-12 15:01:51.162017,19800.0,63.631,40.363,47,0,22.22,22.735
2025-08-12 15:02:01.159087,19810.0,62.986,40.492,47,0,22.188,22.671
2025-08-12 15:02:11.156822,19820.0,62.535,40.589,47,0,22.188,22.639
2025-08-12 15:02:21.180081,19830.01,62.084,40.428,47,0,22.188,22.606
2025-08-12 15:02:31.218415,19840.01,61.568,40.557,47,0,22.22,22.574
2025-08-12 15:02:41.161471,19850.01,61.214,40.396,47,0,22.188,22.639
2025-08-12 15:02:51.159145,19860.01,60.859,40.396,47,0,22.188,22.639
2025-08-12 15:03:01.156513,19870.01,60.408,40.396,47,0,22.22,22.606
2025-08-12 15:03:11.166831,19880.01,60.021,40.202,47,0,22.188,22.574
2025-08-12 15:03:21.164478,19890.01,59.796,40.105,47,0,22.22,22.639
2025-08-12 15:03:31.162125,19900.01,59.474,40.105,47,0,22.22,22.671
2025-08-12 15:03:41.159659,19910.01,59.119,40.202,47,0,22.478,22.639
2025-08-12 15:03:51.157081,19920.01,59.119,40.041,47,0,22.381,22.703
2025-08-12 15:04:01.167382,19930.01,58.829,40.073,47,0,22.413,22.703
2025-08-12 15:04:11.177830,19940.01,58.475,39.88,47,0,22.284,22.671
2025-08-12 15:04:21.175228,19950.01,58.41,39.88,47,0,22.284,22.671
2025-08-12 15:04:31.173007,19960.01,58.152,39.719,47,0,22.445,22.542
2025-08-12 15:04:41.170478,19970.01,57.895,39.751,47,0,22.349,22.671
2025-08-12 15:04:51.232297,19980.01,58.088,39.912,83,0,22.349,22.606
2025-08-12 15:05:01.165291,19990.0,58.056,39.687,83,0,22.316,22.606
2025-08-12 15:05:11.162788,20000.0,58.249,39.751,83,0,22.349,22.574
2025-08-12 15:05:21.160474,20010.0,58.668,39.751,83,0,22.284,22.639
2025-08-12 15:05:31.170734,20020.01,59.248,39.815,83,0,22.284,22.606
2025-08-12 15:05:41.155635,20030.0,60.247,39.654,83,0,22.316,22.639
2025-08-12 15:05:51.166220,20040.01,60.924,39.977,83,0,22.413,22.574
2025-08-12 15:06:01.163147,20050.01,61.794,40.073,83,0,22.284,22.671
2025-08-12 15:06:11.160842,20060.01,62.922,40.363,83,0,22.349,22.703
2025-08-12 15:06:21.158090,20070.01,63.728,40.492,83,0,22.316,22.574
2025-08-12 15:06:31.168801,20080.01,64.308,40.782,83,0,22.413,22.671
2025-08-12 15:06:41.166107,20090.0,65.113,41.104,83,0,22.381,22.606
2025-08-12 15:06:51.163734,20100.0,66.145,41.266,83,0,22.445,22.703
2025-08-12 15:07:01.160960,20110.0,66.692,41.717,83,0,22.381,22.671
2025-08-12 15:07:11.171619,20120.01,67.401,41.975,83,0,22.284,22.639
2025-08-12 15:07:21.168654,20130.01,68.11,42.071,83,0,22.22,22.542
2025-08-12 15:07:31.166400,20140.01,68.529,42.394,83,0,22.188,22.639
2025-08-12 15:07:41.163816,20150.01,69.432,42.555,83,0,22.22,22.671
2025-08-12 15:07:51.161237,20160.01,69.818,42.813,83,0,22.22,22.703
2025-08-12 15:08:01.171375,20170.01,70.302,43.038,83,0,22.188,22.768
2025-08-12 15:08:11.169115,20180.01,70.624,43.328,83,0,22.188,22.703
2025-08-12 15:08:21.238268,20190.01,70.914,43.264,23,0,22.22,22.768
2025-08-12 15:08:31.163465,20200.0,70.914,43.489,23,0,22.22,22.703
2025-08-12 15:08:41.174076,20210.01,70.688,43.586,23,0,22.188,22.735
2025-08-12 15:08:51.171649,20220.01,69.947,43.747,23,0,22.22,22.703
2025-08-12 15:09:01.169138,20230.01,69.109,43.747,23,0,22.252,22.671
2025-08-12 15:09:11.166846,20240.01,68.046,43.683,23,0,22.252,22.768
2025-08-12 15:09:21.164333,20250.0,66.692,43.618,23,0,22.22,22.735
2025-08-12 15:09:31.174800,20260.01,65.403,43.521,23,0,22.316,22.8
2025-08-12 15:09:41.159538,20270.01,64.018,43.393,23,0,22.284,22.735
2025-08-12 15:09:51.169755,20280.01,62.664,43.199,23,0,22.22,22.8
2025-08-12 15:10:01.167152,20290.01,61.214,42.877,23,0,22.188,22.768
2025-08-12 15:10:11.164655,20300.01,60.054,42.78,23,0,22.284,22.768
2025-08-12 15:10:21.162458,20310.01,58.926,42.522,23,0,22.284,22.735
2025-08-12 15:10:31.159866,20320.0,57.83,42.168,23,0,22.22,22.703
2025-08-12 15:10:41.170167,20330.01,56.734,41.846,23,0,22.349,22.703
2025-08-12 15:10:51.167648,20340.01,55.896,41.556,23,0,22.22,22.671
2025-08-12 15:11:01.228931,20350.01,54.833,41.749,23,61,22.22,22.735
2025-08-12 15:11:11.175281,20360.01,53.963,41.008,23,61,22.252,22.639
2025-08-12 15:11:21.172910,20370.01,53.351,41.491,23,61,22.188,22.735
2025-08-12 15:11:31.170037,20380.01,52.674,42.007,23,61,22.252,22.703
2025-08-12 15:11:41.167790,20390.01,51.804,42.555,23,61,22.252,22.832
2025-08-12 15:11:51.165667,20400.01,51.32,42.877,23,61,22.381,22.8
2025-08-12 15:12:01.162838,20410.0,50.708,43.65,23,61,22.252,22.671
2025-08-12 15:12:11.160680,20420.0,50.321,43.779,23,61,22.22,22.574
2025-08-12 15:12:21.170980,20430.01,49.902,44.327,23,61,22.316,22.735
2025-08-12 15:12:31.168307,20440.0,49.612,45.197,23,61,22.188,22.703
2025-08-12 15:12:41.165839,20450.01,49.322,45.842,23,61,22.22,22.671
2025-08-12 15:12:51.176086,20460.0,49.193,46.325,23,61,22.284,22.574
2025-08-12 15:13:01.174082,20470.01,48.936,46.905,23,61,22.284,22.574
2025-08-12 15:13:11.171641,20480.01,48.549,47.421,23,61,22.22,22.639
2025-08-12 15:13:21.156321,20490.0,48.355,47.356,23,61,22.252,22.8
2025-08-12 15:13:31.166664,20500.0,48.162,47.614,23,61,22.188,22.768
2025-08-12 15:13:41.222403,20510.01,48.13,48.098,0,61,22.188,22.606
2025-08-12 15:13:51.161074,20520.01,47.775,48.291,0,61,22.188,22.639
2025-08-12 15:14:01.171396,20530.01,47.421,49.064,0,61,22.316,22.703
2025-08-12 15:14:11.182088,20540.01,47.163,48.678,0,61,22.445,22.768
2025-08-12 15:14:21.166456,20550.01,46.519,49.226,0,61,22.445,22.832
2025-08-12 15:14:31.176873,20560.01,45.713,49.516,0,61,22.51,22.832
2025-08-12 15:14:41.173867,20570.01,45.326,49.709,0,61,22.51,22.832
2025-08-12 15:14:51.172048,20580.0,44.617,49.419,0,61,22.478,22.832
2025-08-12 15:15:01.168296,20590.0,43.844,49.419,0,61,22.478,22.832
2025-08-12 15:15:11.178774,20600.01,43.328,50.128,0,61,22.478,22.832
2025-08-12 15:15:21.176035,20610.01,42.974,49.87,0,61,22.445,22.832
2025-08-12 15:15:31.173367,20620.01,42.168,49.838,0,61,22.478,22.832
2025-08-12 15:15:41.170389,20630.01,41.846,50.031,0,61,22.478,22.671
2025-08-12 15:15:51.167816,20640.01,41.33,49.741,0,61,22.381,22.8
2025-08-12 15:16:01.177807,20650.01,40.75,49.258,0,61,22.252,22.542
2025-08-12 15:16:11.162697,20660.01,40.234,49.741,0,61,22.188,22.639
2025-08-12 15:16:21.160409,20670.01,40.041,49.741,0,61,22.349,22.703
2025-08-12 15:16:31.171017,20680.01,39.654,49.258,0,61,22.284,22.703
2025-08-12 15:16:41.155631,20690.0,39.01,49.741,0,61,22.22,22.703
2025-08-12 15:16:51.178929,20700.01,38.784,49.419,0,61,22.349,22.639
2025-08-12 15:17:01.163286,20710.0,38.559,49.806,0,61,22.381,22.703
2025-08-12 15:17:11.174162,20720.01,38.365,49.29,0,61,22.349,22.768
2025-08-12 15:17:21.171360,20730.01,38.107,49.29,0,61,22.413,22.606
2025-08-12 15:17:31.169298,20740.01,37.688,49.097,0,61,22.445,22.735
2025-08-12 15:17:41.179836,20750.01,37.463,49.58,0,61,22.478,22.703
2025-08-12 15:17:51.164259,20760.01,37.366,49.58,0,61,22.413,22.671
2025-08-12 15:18:01.123591,20769.96,37.205,49.322,0,61,22.51,22.703
2025-08-12 15:18:11.172875,20780.01,36.786,49.097,0,61,22.478,22.735
2025-08-12 15:18:21.169830,20790.01,36.689,49.097,0,61,22.445,22.639
2025-08-12 15:18:31.167342,20800.01,36.367,49.097,0,61,22.445,22.768
2025-08-12 15:18:41.164623,20810.01,36.367,48.936,0,61,22.478,22.671
2025-08-12 15:18:51.174645,20820.0,36.238,48.452,0,61,22.51,22.671
2025-08-12 15:19:01.232735,20830.01,35.98,48.291,0,0,22.478,22.832
2025-08-12 15:19:11.168982,20840.01,35.723,48.001,0,0,22.478,22.735
2025-08-12 15:19:21.166624,20850.0,35.626,47.646,0,0,22.51,22.703
2025-08-12 15:19:31.176929,20860.01,35.4,47.002,0,0,22.22,22.606
2025-08-12 15:19:41.174208,20870.01,35.271,46.035,0,0,22.445,22.735
2025-08-12 15:19:51.171396,20880.01,35.078,45.068,0,0,22.349,22.735
2025-08-12 15:20:01.168716,20890.01,34.756,44.102,0,0,22.478,22.703
2025-08-12 15:20:11.166495,20900.01,34.498,43.167,0,0,22.478,22.768
2025-08-12 15:20:21.176429,20910.01,34.272,42.394,0,0,22.445,22.735
2025-08-12 15:20:31.173682,20920.01,34.111,41.491,0,0,22.51,22.768
2025-08-12 15:20:41.171220,20930.01,33.692,40.524,0,0,22.445,22.671
2025-08-12 15:20:51.168307,20940.0,33.435,39.59,0,0,22.188,22.639
2025-08-12 15:21:01.242859,20950.01,33.177,39.429,0,65,22.188,22.735
2025-08-12 15:21:11.162538,20960.0,32.951,38.269,0,65,22.188,22.768
2025-08-12 15:21:21.160179,20970.0,32.661,38.494,0,65,22.188,22.639
2025-08-12 15:21:31.228134,20980.01,32.5,38.526,0,65,22.188,22.671
2025-08-12 15:21:41.167537,20990.0,32.339,38.462,0,65,22.188,22.606
2025-08-12 15:21:51.165163,21000.0,32.21,38.301,0,65,22.188,22.606
2025-08-12 15:22:01.161885,21010.01,32.113,39.461,0,65,22.188,22.735
2025-08-12 15:22:11.172525,21020.01,31.855,39.558,0,65,22.188,22.768
2025-08-12 15:22:21.170278,21030.01,32.081,40.46,0,65,22.188,22.703
2025-08-12 15:22:31.167500,21040.01,32.049,40.396,0,65,22.188,22.671
2025-08-12 15:22:41.177967,21050.01,31.952,41.072,0,65,22.188,22.768
2025-08-12 15:22:51.162522,21060.0,31.759,41.427,0,65,22.188,22.735
2025-08-12 15:23:01.239805,21070.01,31.759,41.523,0,23,22.188,22.735
2025-08-12 15:23:11.169937,21080.0,31.662,42.071,0,23,22.188,22.703
2025-08-12 15:23:21.180864,21090.01,31.662,41.846,0,23,22.188,22.671
2025-08-12 15:23:31.178168,21100.01,31.823,41.846,0,23,22.188,22.768
2025-08-12 15:23:41.175719,21110.01,31.598,41.523,0,23,22.22,22.703
2025-08-12 15:23:51.173143,21120.01,31.598,41.362,0,23,22.252,22.703
2025-08-12 15:24:01.183040,21130.01,31.598,41.04,0,23,22.188,22.768
2025-08-12 15:24:11.167235,21140.01,31.694,40.557,0,23,22.188,22.8
2025-08-12 15:24:21.176841,21150.01,31.598,40.524,0,23,22.252,22.8
2025-08-12 15:24:31.161881,21160.0,31.501,39.88,0,23,22.188,22.639
2025-08-12 15:24:41.172125,21170.01,31.34,39.719,0,23,22.22,22.735
2025-08-12 15:24:51.227672,21180.01,31.308,39.074,0,23,22.22,22.768
2025-08-12 15:25:01.166045,21190.01,31.308,38.688,0,23,22.188,22.832
2025-08-12 15:25:11.176293,21200.01,31.146,38.752,0,23,22.284,22.639
2025-08-12 15:25:21.173793,21210.01,30.953,38.365,0,23,22.252,22.8
2025-08-12 15:25:31.171273,21220.01,31.018,38.011,0,23,22.284,22.832
2025-08-12 15:25:41.168712,21230.01,30.792,37.914,0,23,22.316,22.768
2025-08-12 15:25:51.165934,21240.01,30.631,37.495,0,23,22.252,22.8
2025-08-12 15:26:01.163334,21250.01,30.599,37.237,0,23,22.349,22.8
2025-08-12 15:26:11.173545,21260.01,30.502,37.141,0,23,22.413,22.8
2025-08-12 15:26:21.231783,21270.01,30.244,36.689,0,6,22.381,22.832
2025-08-12 15:26:31.167812,21280.01,30.244,36.561,0,6,22.478,22.832
2025-08-12 15:26:41.165514,21290.0,30.18,36.109,0,6,22.478,22.832
2025-08-12 15:26:51.175551,21300.01,29.922,35.723,0,6,22.349,22.832
2025-08-12 15:27:01.172818,21310.01,29.922,35.4,0,6,22.478,22.832
2025-08-12 15:27:11.169852,21320.01,29.729,35.046,0,6,22.381,22.832
2025-08-12 15:27:21.167317,21330.01,29.6,34.885,0,6,22.22,22.832
2025-08-12 15:27:31.164400,21340.01,29.6,34.369,0,6,22.349,22.8
2025-08-12 15:27:41.161658,21350.01,29.406,33.918,0,6,22.51,22.832
2025-08-12 15:27:51.184557,21360.01,29.277,33.628,0,6,22.51,22.832
2025-08-12 15:28:01.181520,21370.01,29.277,33.145,0,6,22.252,22.832
2025-08-12 15:28:11.178851,21380.01,28.955,32.822,0,6,22.284,22.8
2025-08-12 15:28:21.175895,21390.01,28.955,32.5,0,6,22.284,22.832
2025-08-12 15:28:31.173468,21400.01,28.955,32.178,0,6,22.51,22.832
2025-08-12 15:28:41.170693,21410.01,28.665,32.017,0,6,22.51,22.832
2025-08-12 15:28:51.180751,21420.01,28.633,31.694,0,6,22.51,22.832
2025-08-12 15:29:01.177902,21430.01,28.407,31.437,0,6,22.478,22.832
2025-08-12 15:29:11.174867,21440.01,28.375,31.211,0,6,22.478,22.832
2025-08-12 15:29:21.171886,21450.01,28.375,30.953,0,6,22.51,22.832
2025-08-12 15:29:31.169277,21460.0,28.085,30.889,0,6,22.51,22.832
2025-08-12 15:29:41.179182,21470.01,28.053,30.566,0,6,22.51,22.832
2025-08-12 15:29:51.163396,21480.0,28.053,30.276,0,6,22.478,22.832
2025-08-12 15:30:01.173265,21490.01,27.795,30.244,0,6,22.51,22.832
2025-08-12 15:30:11.183554,21500.01,27.666,29.954,0,6,22.478,22.832
2025-08-12 15:30:21.180570,21510.01,27.666,30.051,0,6,22.51,22.832
2025-08-12 15:30:31.177731,21520.01,27.698,29.6,0,6,22.51,22.832
2025-08-12 15:30:41.174815,21530.01,27.376,29.6,0,6,22.51,22.832
2025-08-12 15:30:51.171768,21540.0,27.344,29.374,0,6,22.445,22.832
2025-08-12 15:31:01.181791,21550.01,27.344,29.277,0,6,22.51,22.832
2025-08-12 15:31:11.178821,21560.01,27.344,29.406,0,6,22.51,22.832
2025-08-12 15:31:21.175967,21570.01,27.215,28.955,0,6,22.51,22.832
2025-08-12 15:31:31.172913,21580.01,27.086,29.084,0,6,22.478,22.832
2025-08-12 15:31:41.170068,21590.01,27.021,28.891,0,6,22.252,22.8
2025-08-12 15:31:51.167545,21600.01,27.021,28.794,0,6,22.381,22.832
2025-08-12 15:32:01.164662,21610.01,27.054,28.633,0,6,22.381,22.832
2025-08-12 15:32:11.161821,21620.01,26.828,28.633,0,6,22.51,22.832
2025-08-12 15:32:21.158595,21630.0,26.764,28.729,0,6,22.51,22.832
2025-08-12 15:32:31.168965,21640.01,26.764,28.536,0,6,22.478,22.832
2025-08-12 15:32:41.166289,21650.01,26.699,28.311,0,6,22.51,22.832
2025-08-12 15:32:51.163491,21660.01,26.699,28.439,0,6,22.51,22.832
2025-08-12 15:33:01.173190,21670.01,26.603,28.439,0,6,22.51,22.832
2025-08-12 15:33:11.157863,21680.0,26.506,28.182,0,6,22.51,22.832
2025-08-12 15:33:21.167243,21690.0,26.409,27.988,0,6,22.51,22.832
2025-08-12 15:33:31.235707,21700.01,26.441,28.085,14,6,22.51,22.832
2025-08-12 15:33:41.161751,21710.01,26.474,27.988,14,6,22.478,22.832
2025-08-12 15:33:51.171740,21720.0,26.538,28.021,14,6,22.51,22.832
2025-08-12 15:34:01.195430,21730.02,26.796,28.021,14,6,22.51,22.832
2025-08-12 15:34:11.181388,21740.02,27.118,28.021,14,6,22.51,22.832
2025-08-12 15:34:21.186235,21750.02,27.408,28.085,14,6,22.478,22.832
2025-08-12 15:34:31.174803,21760.01,27.698,28.214,14,6,22.51,22.832
2025-08-12 15:34:41.174189,21770.01,28.053,28.117,14,6,22.478,22.832
2025-08-12 15:34:51.173005,21780.0,28.343,28.021,14,6,22.51,22.832
2025-08-12 15:35:01.170230,21790.01,28.729,28.117,14,6,22.51,22.832
2025-08-12 15:35:11.233108,21800.01,28.955,28.149,14,0,22.51,22.832
2025-08-12 15:35:21.164977,21810.01,29.342,28.278,14,0,22.51,22.832
2025-08-12 15:35:31.162397,21820.01,29.632,28.311,14,0,22.51,22.832
2025-08-12 15:35:41.172550,21830.01,29.986,28.311,14,0,22.51,22.832
2025-08-12 15:35:51.182710,21840.01,30.309,28.343,14,0,22.51,22.832
2025-08-12 15:36:01.166889,21850.01,30.502,28.311,14,0,22.51,22.8
2025-08-12 15:36:11.177239,21860.01,30.631,28.311,14,0,22.51,22.832
2025-08-12 15:36:21.161611,21870.01,30.953,28.311,14,0,22.51,22.832
2025-08-12 15:36:31.171808,21880.0,31.114,28.246,14,0,22.51,22.832
2025-08-12 15:36:41.156263,21890.0,31.275,28.278,14,0,22.51,22.832
2025-08-12 15:36:51.166495,21900.0,31.565,28.343,14,0,22.51,22.832
2025-08-12 15:37:01.163457,21910.01,31.533,28.343,14,0,22.51,22.832
2025-08-12 15:37:11.174233,21920.01,31.952,28.375,14,0,22.51,22.832
2025-08-12 15:37:21.184243,21930.01,32.017,28.375,14,0,22.542,22.864
2025-08-12 15:37:31.168523,21940.01,32.21,28.343,14,0,22.51,22.832
2025-08-12 15:37:41.165990,21950.0,32.5,28.343,14,0,22.51,22.832
2025-08-12 15:37:51.220931,21960.01,32.5,28.311,0,0,22.51,22.832
2025-08-12 15:38:01.160085,21970.0,32.5,28.311,0,0,22.51,22.832
2025-08-12 15:38:11.170492,21980.01,32.5,28.311,0,0,22.51,22.832
2025-08-12 15:38:21.167625,21990.01,32.274,28.311,0,0,22.51,22.832
2025-08-12 15:38:31.164860,22000.01,32.146,28.311,0,0,22.51,22.832
2025-08-12 15:38:41.174818,22010.01,31.855,28.311,0,0,22.51,22.832
2025-08-12 15:38:51.172199,22020.01,31.533,28.311,0,0,22.51,22.832
2025-08-12 15:39:01.226754,22030.01,31.211,28.311,0,0,22.51,22.832
2025-08-12 15:39:11.179279,22040.01,30.889,28.311,0,0,22.51,22.832
2025-08-12 15:39:21.163833,22050.0,30.566,28.214,0,0,22.51,22.832
2025-08-12 15:39:31.174170,22060.01,30.244,28.053,0,0,22.51,22.832
2025-08-12 15:39:41.171582,22070.01,29.922,27.988,0,0,22.478,22.832
2025-08-12 15:39:51.181764,22080.01,29.729,27.988,0,0,22.51,22.832
2025-08-12 15:40:01.178953,22090.01,29.6,27.988,0,0,22.51,22.832
2025-08-12 15:40:11.176361,22100.01,29.277,27.795,0,0,22.51,22.832
2025-08-12 15:40:21.173775,22110.01,28.955,27.666,0,0,22.51,22.832
2025-08-12 15:40:31.170921,22120.01,28.858,27.666,0,0,22.51,22.832
2025-08-12 15:40:41.180961,22130.01,28.633,27.666,0,0,22.51,22.832
2025-08-12 15:40:51.178155,22140.01,28.311,27.505,0,0,22.51,22.832
2025-08-12 15:41:01.162315,22150.01,28.246,27.344,0,0,22.51,22.832
2025-08-12 15:41:11.172523,22160.01,27.988,27.344,0,0,22.51,22.832
2025-08-12 15:41:21.231733,22170.01,27.795,27.344,0,0,22.51,22.832
2025-08-12 15:41:31.166492,22180.01,27.666,27.247,0,0,22.51,22.832
2025-08-12 15:41:41.177127,22190.01,27.634,27.054,0,0,22.51,22.832
2025-08-12 15:41:51.174438,22200.01,27.344,27.021,0,0,22.51,22.832
2025-08-12 15:42:01.171856,22210.01,27.344,27.021,0,0,22.51,22.832
2025-08-12 15:42:11.169003,22220.01,27.054,27.021,0,0,22.51,22.832
2025-08-12 15:42:21.166287,22230.01,27.021,26.699,0,0,22.51,22.832
2025-08-12 15:42:31.163717,22240.01,26.957,26.699,0,0,22.51,22.832
2025-08-12 15:42:41.173733,22250.01,26.699,26.635,0,0,22.51,22.832
2025-08-12 15:42:51.170819,22260.01,26.699,26.603,0,0,22.51,22.832
2025-08-12 15:43:01.168282,22270.0,26.57,26.377,0,0,22.51,22.832
2025-08-12 15:43:11.165672,22280.0,26.409,26.377,0,0,22.51,22.832
2025-08-12 15:43:21.175842,22290.01,26.377,26.377,0,0,22.51,22.832
2025-08-12 15:43:31.172855,22300.01,26.377,26.184,0,0,22.51,22.832
2025-08-12 15:43:41.170345,22310.01,26.119,26.055,0,0,22.51,22.832
2025-08-12 15:43:51.180324,22320.01,26.055,26.055,0,0,22.51,22.832
2025-08-12 15:44:01.177348,22330.01,26.055,26.055,0,0,22.51,22.832
2025-08-12 15:44:11.174804,22340.01,26.055,26.022,0,0,22.478,22.832
2025-08-12 15:44:21.159187,22350.01,25.926,26.022,0,0,22.51,22.832
2025-08-12 15:44:31.156122,22360.0,25.765,25.829,0,0,22.51,22.832
2025-08-12 15:44:41.166272,22370.01,25.732,25.732,0,0,22.51,22.832
2025-08-12 15:44:51.163466,22380.01,25.732,25.732,0,0,22.51,22.832
2025-08-12 15:45:01.160313,22390.0,25.7,25.732,0,0,22.51,22.832
2025-08-12 15:45:11.170824,22400.01,25.668,25.732,0,0,22.51,22.832
2025-08-12 15:45:21.168261,22410.01,25.442,25.732,0,0,22.51,22.832
2025-08-12 15:45:31.165567,22420.01,25.41,25.668,0,0,22.51,22.832
2025-08-12 15:45:41.163062,22430.01,25.41,25.507,0,0,22.51,22.832
2025-08-12 15:45:51.160368,22440.01,25.41,25.41,0,0,22.51,22.832
2025-08-12 15:46:01.170286,22450.01,25.41,25.41,0,0,22.51,22.832
2025-08-12 15:46:11.167722,22460.01,25.346,25.41,0,0,22.51,22.832
2025-08-12 15:46:21.223286,22470.01,25.281,25.41,0,0,22.51,22.832
2025-08-12 15:46:31.174821,22480.01,25.185,25.41,0,0,22.51,22.832
2025-08-12 15:46:41.172301,22490.01,25.088,25.378,0,0,22.51,22.832
2025-08-12 15:46:51.169594,22500.01,25.088,25.346,0,0,22.51,22.832
2025-08-12 15:47:01.231826,22510.01,25.088,25.281,5,0,22.51,22.832
2025-08-12 15:47:11.176566,22520.01,25.088,25.281,5,0,22.51,22.832
2025-08-12 15:47:21.173590,22530.01,25.12,25.12,5,0,22.51,22.832
2025-08-12 15:47:31.171146,22540.01,25.12,25.088,5,0,22.51,22.832
2025-08-12 15:47:41.181469,22550.01,25.346,25.152,5,0,22.51,22.832
2025-08-12 15:47:51.165809,22560.01,25.442,25.088,5,0,22.51,22.832
2025-08-12 15:48:01.175793,22570.01,25.41,25.12,5,0,22.51,22.832
2025-08-12 15:48:11.173327,22580.01,25.765,25.152,5,0,22.51,22.832
2025-08-12 15:48:21.170502,22590.01,25.732,25.12,5,0,22.51,22.832
2025-08-12 15:48:31.180724,22600.01,26.022,25.12,5,0,22.51,22.832
2025-08-12 15:48:41.164719,22610.01,26.055,25.249,5,0,22.51,22.832
2025-08-12 15:48:51.175041,22620.01,26.119,25.249,5,0,22.51,22.832
2025-08-12 15:49:01.171983,22630.01,26.409,25.313,5,0,22.51,22.832
2025-08-12 15:49:11.169043,22640.01,26.441,25.217,5,0,22.51,22.832
2025-08-12 15:49:21.166274,22650.01,26.506,25.313,5,0,22.51,22.832
2025-08-12 15:49:31.176734,22660.01,26.603,25.41,5,0,22.51,22.832
2025-08-12 15:49:41.173899,22670.01,26.667,25.41,5,0,22.51,22.832
2025-08-12 15:49:51.172119,22680.01,26.699,25.41,5,0,22.51,22.832
2025-08-12 15:50:01.168477,22690.0,26.731,25.442,5,0,22.51,22.832
2025-08-12 15:50:11.165733,22700.01,26.925,25.475,5,0,22.51,22.832
2025-08-12 15:50:21.163266,22710.01,27.021,25.475,5,0,22.51,22.832
2025-08-12 15:50:31.173200,22720.01,27.021,25.41,5,0,22.51,22.832
2025-08-12 15:50:41.170760,22730.01,27.021,25.442,5,0,22.51,22.832
2025-08-12 15:50:51.173469,22740.0,27.086,25.732,5,0,22.51,22.832
2025-08-12 15:51:01.157555,22750.0,27.247,25.7,5,0,22.51,22.832
2025-08-12 15:51:11.173363,22760.0,27.376,25.732,5,0,22.51,22.832
2025-08-12 15:51:21.166888,22770.01,27.344,25.797,5,0,22.51,22.832
2025-08-12 15:51:31.174903,22780.0,27.408,25.732,5,0,22.51,22.832
2025-08-12 15:51:41.158266,22790.01,27.376,25.7,5,0,22.51,22.832
2025-08-12 15:51:51.167875,22800.0,27.344,25.797,5,0,22.51,22.832
2025-08-12 15:52:01.177203,22810.0,27.408,25.732,5,0,22.51,22.832
2025-08-12 15:52:11.161415,22820.01,27.505,25.894,5,0,22.51,22.832
2025-08-12 15:52:21.171609,22830.01,27.408,25.797,5,0,22.51,22.8
2025-08-12 15:52:31.168717,22840.01,27.408,25.797,5,0,22.51,22.832
2025-08-12 15:52:41.185085,22850.01,27.602,25.894,5,0,22.51,22.832
2025-08-12 15:52:51.163360,22860.01,27.666,26.022,5,0,22.51,22.832
2025-08-12 15:53:01.160767,22870.0,27.666,25.99,5,0,22.51,22.832
2025-08-12 15:53:11.170378,22880.01,27.73,26.055,5,0,22.51,22.832
2025-08-12 15:53:21.167440,22890.01,27.666,26.087,5,0,22.478,22.832
2025-08-12 15:53:31.177721,22900.01,27.73,26.022,5,0,22.51,22.832
2025-08-12 15:53:41.161958,22910.0,27.666,26.055,5,0,22.51,22.832
2025-08-12 15:53:51.227768,22920.01,27.666,26.055,5,0,22.51,22.8
2025-08-12 15:54:01.156256,22930.0,27.763,26.119,5,0,22.51,22.832
2025-08-12 15:54:11.179032,22940.01,27.956,26.055,5,0,22.51,22.8
2025-08-12 15:54:21.163863,22950.01,27.924,26.119,5,0,22.51,22.832
2025-08-12 15:54:31.173539,22960.01,27.956,26.119,5,0,22.51,22.832
2025-08-12 15:54:41.183620,22970.01,27.988,26.055,5,0,22.51,22.832
2025-08-12 15:54:51.167534,22980.01,27.988,26.055,5,0,22.51,22.832
2025-08-12 15:55:01.165015,22990.0,27.924,26.055,5,0,22.51,22.832
2025-08-12 15:55:11.161672,23000.01,28.021,26.055,5,0,22.51,22.8
2025-08-12 15:55:21.237799,23010.01,28.149,26.248,32,0,22.51,22.832
2025-08-12 15:55:31.169185,23020.01,28.085,26.28,32,0,22.51,22.8
2025-08-12 15:55:41.167034,23030.0,28.439,26.313,32,0,22.51,22.8
2025-08-12 15:55:51.176773,23040.01,28.858,26.345,32,0,22.51,22.832
2025-08-12 15:56:01.173628,23050.01,29.374,26.441,32,0,22.51,22.832
2025-08-12 15:56:11.157737,23060.0,30.147,26.409,32,0,22.51,22.832
2025-08-12 15:56:21.168015,23070.01,30.695,26.538,32,0,22.413,22.832
2025-08-12 15:56:31.178339,23080.01,31.501,26.764,32,0,22.445,22.832
2025-08-12 15:56:41.162510,23090.01,32.21,26.828,32,0,22.51,22.832
2025-08-12 15:56:51.172628,23100.01,32.951,27.021,32,0,22.478,22.8
2025-08-12 15:57:01.169753,23110.01,33.563,27.118,32,0,22.51,22.832
2025-08-12 15:57:11.166899,23120.01,34.305,27.376,32,0,22.51,22.832
2025-08-12 15:57:21.177036,23130.01,34.981,27.505,32,0,22.51,22.832
2025-08-12 15:57:31.161468,23140.0,35.529,27.763,32,0,22.51,22.832
2025-08-12 15:57:41.171203,23150.01,36.142,27.956,32,0,22.478,22.832
2025-08-12 15:57:51.168015,23160.01,36.593,28.149,32,0,22.478,22.832
2025-08-12 15:58:01.178156,23170.01,37.205,28.407,32,0,22.51,22.832
2025-08-12 15:58:11.175185,23180.01,37.785,28.729,32,0,22.51,22.832
2025-08-12 15:58:21.172370,23190.01,38.075,28.762,32,0,22.51,22.832
2025-08-12 15:58:31.169607,23200.01,38.623,29.084,32,0,22.51,22.832
2025-08-12 15:58:41.166918,23210.01,39.074,29.342,32,0,22.51,22.832
2025-08-12 15:58:51.163943,23220.01,39.429,29.535,32,0,22.51,22.832
2025-08-12 15:59:01.161061,23230.0,39.783,29.793,32,0,22.51,22.832
2025-08-12 15:59:11.171268,23240.01,40.009,29.954,32,0,22.51,22.832
2025-08-12 15:59:21.235247,23250.01,40.653,30.695,32,88,22.478,22.832
2025-08-12 15:59:31.178502,23260.01,40.943,30.502,32,88,22.51,22.832
2025-08-12 15:59:41.162908,23270.0,41.266,31.888,32,88,22.51,22.832
2025-08-12 15:59:51.172988,23280.01,41.588,33.112,32,88,22.51,22.832
2025-08-12 16:00:01.170241,23290.01,42.136,34.015,32,88,22.51,22.832
2025-08-12 16:00:11.154576,23300.0,42.361,35.69,32,88,22.51,22.832
2025-08-12 16:00:21.178617,23310.01,43.038,37.237,32,88,22.478,22.832
2025-08-12 16:00:31.174672,23320.01,43.135,38.559,32,88,22.478,22.832
2025-08-12 16:00:41.171962,23330.0,43.618,40.073,32,88,22.51,22.832
2025-08-12 16:00:51.156179,23340.0,44.166,40.782,32,88,22.51,22.832
2025-08-12 16:01:01.166513,23350.01,44.521,42.329,32,88,22.51,22.832
2025-08-12 16:01:11.163533,23360.01,44.907,43.489,32,88,22.413,22.832
2025-08-12 16:01:21.160994,23370.0,45.487,45.197,32,88,22.51,22.832
2025-08-12 16:01:31.171001,23380.01,45.713,45.938,32,88,22.51,22.832
2025-08-12 16:01:41.168173,23390.01,46.164,47.421,32,88,22.445,22.832
2025-08-12 16:01:51.165484,23400.0,46.583,48.517,32,88,22.51,22.832
2025-08-12 16:02:01.175290,23410.01,47.131,48.646,32,88,22.51,22.832
2025-08-12 16:02:11.171974,23420.01,47.324,50.289,32,88,22.51,22.832
2025-08-12 16:02:21.181838,23430.01,47.711,51.191,32,88,22.51,22.832
2025-08-12 16:02:31.179467,23440.01,48.033,51.191,32,88,22.51,22.832
2025-08-12 16:02:41.176777,23450.01,48.323,52.416,32,88,22.51,22.832
2025-08-12 16:02:51.173831,23460.01,48.549,53.061,32,88,22.51,22.832
2025-08-12 16:03:01.170940,23470.01,48.839,53.995,32,88,22.51,22.832
2025-08-12 16:03:11.167658,23480.01,49.483,54.801,32,88,22.51,22.832
2025-08-12 16:03:21.177805,23490.01,49.58,54.833,32,88,22.51,22.832
2025-08-12 16:03:31.175288,23500.01,49.773,56.025,32,88,22.51,22.832
2025-08-12 16:03:41.159590,23510.0,50.096,55.896,32,88,22.51,22.832
2025-08-12 16:03:51.228661,23520.01,50.418,56.702,0,88,22.51,22.832
2025-08-12 16:04:01.179478,23530.01,50.515,56.831,0,88,22.51,22.832
2025-08-12 16:04:11.163780,23540.01,50.482,57.314,0,88,22.51,22.832
2025-08-12 16:04:21.161406,23550.01,50.096,57.798,0,88,22.51,22.832
2025-08-12 16:04:31.158503,23560.01,49.645,58.281,0,88,22.51,22.832
2025-08-12 16:04:41.169142,23570.01,49.258,58.765,0,88,22.51,22.832
2025-08-12 16:04:51.179114,23580.01,48.613,58.12,0,88,22.51,22.8
2025-08-12 16:05:01.163458,23590.01,48.001,58.604,0,88,22.51,22.832
2025-08-12 16:05:11.173799,23600.01,47.453,59.184,0,88,22.51,22.8
2025-08-12 16:05:21.171136,23610.01,46.809,59.377,0,88,22.51,22.832
2025-08-12 16:05:31.168298,23620.0,46.229,58.765,0,88,22.51,22.8
2025-08-12 16:05:41.178894,23630.01,45.681,59.474,0,88,22.51,22.832
2025-08-12 16:05:51.162916,23640.01,45.165,59.731,0,88,22.478,22.8
2025-08-12 16:06:01.173367,23650.01,44.682,59.699,0,88,22.413,22.8
2025-08-12 16:06:11.183360,23660.01,44.134,59.248,0,88,22.413,22.832
2025-08-12 16:06:21.180698,23670.01,43.683,59.538,0,88,22.51,22.832
2025-08-12 16:06:31.164902,23680.01,43.296,59.248,0,88,22.413,22.768
2025-08-12 16:06:41.162597,23690.01,42.941,59.603,0,88,22.316,22.832
2025-08-12 16:06:51.172454,23700.0,42.813,59.506,0,88,22.413,22.832
2025-08-12 16:07:01.225268,23710.01,42.168,58.829,0,0,22.445,22.832
2025-08-12 16:07:11.166609,23720.01,41.846,58.604,0,0,22.445,22.832
2025-08-12 16:07:21.164157,23730.0,41.523,57.959,0,0,22.413,22.8
2025-08-12 16:07:31.161531,23740.01,41.201,56.992,0,0,22.478,22.768
2025-08-12 16:07:41.171507,23750.0,40.879,55.703,0,0,22.478,22.832
2025-08-12 16:07:51.168656,23760.01,40.492,54.414,0,0,22.381,22.703
2025-08-12 16:08:01.165903,23770.01,39.912,53.125,0,0,22.51,22.768
2025-08-12 16:08:11.162940,23780.01,39.59,51.546,0,0,22.51,22.832
2025-08-12 16:08:21.173119,23790.01,38.945,50.225,0,0,22.445,22.735
2025-08-12 16:08:31.170466,23800.01,38.623,48.936,0,0,22.51,22.8
2025-08-12 16:08:41.167957,23810.01,38.075,47.646,0,0,22.349,22.832
2025-08-12 16:08:51.178243,23820.01,37.656,46.357,0,0,22.445,22.832
2025-08-12 16:09:01.162239,23830.0,37.012,45.294,0,0,22.478,22.8
2025-08-12 16:09:11.172391,23840.01,36.689,44.102,0,0,22.478,22.832
2025-08-12 16:09:21.170533,23850.01,36.367,43.135,0,0,22.478,22.832
2025-08-12 16:09:31.228366,23860.01,35.755,42.2,0,0,22.445,22.832
2025-08-12 16:09:41.167348,23870.01,35.4,41.298,0,0,22.478,22.832
2025-08-12 16:09:51.179394,23880.01,35.078,40.557,0,0,22.478,22.832
2025-08-12 16:10:01.176515,23890.01,34.756,39.654,0,0,22.51,22.832
2025-08-12 16:10:11.173078,23900.01,34.208,38.945,0,0,22.381,22.832
2025-08-12 16:10:21.170921,23910.0,33.854,38.301,0,0,22.51,22.832
2025-08-12 16:10:31.167589,23920.01,33.467,37.56,0,0,22.478,22.832
2025-08-12 16:10:41.177477,23930.01,33.145,36.947,0,0,22.478,22.832
2025-08-12 16:10:51.161693,23940.01,32.822,36.367,0,0,22.478,22.832
2025-08-12 16:11:01.171885,23950.01,32.5,35.723,0,0,22.349,22.832
2025-08-12 16:11:11.168579,23960.01,32.178,35.11,0,0,22.51,22.832
2025-08-12 16:11:21.166163,23970.01,31.855,34.756,0,0,22.381,22.8
2025-08-12 16:11:31.163274,23980.01,31.533,34.111,0,0,22.51,22.832
2025-08-12 16:11:41.160510,23990.01,31.243,33.789,0,0,22.381,22.832
2025-08-12 16:11:51.157782,24000.0,30.921,33.177,0,0,22.478,22.8
2025-08-12 16:12:01.167803,24010.0,30.663,32.822,0,0,22.445,22.832
2025-08-12 16:12:11.177996,24020.01,30.405,32.5,0,0,22.478,22.8
2025-08-12 16:12:21.162146,24030.01,30.244,32.178,0,0,22.51,22.832
2025-08-12 16:12:31.159699,24040.01,29.922,31.855,0,0,22.51,22.832
2025-08-12 16:12:41.156965,24050.0,29.825,31.533,0,0,22.445,22.832
2025-08-12 16:12:51.153915,24060.0,29.6,31.211,0,0,22.445,22.8
2025-08-12 16:13:01.164153,24070.01,29.277,30.889,0,0,22.381,22.8
2025-08-12 16:13:11.161170,24080.01,29.148,30.566,0,0,22.51,22.768
2025-08-12 16:13:21.171349,24090.01,28.955,30.244,0,0,22.252,22.8
2025-08-12 16:13:31.168573,24100.01,28.826,29.922,0,0,22.349,22.768
2025-08-12 16:13:41.165797,24110.01,28.633,29.922,0,0,22.445,22.8
2025-08-12 16:13:51.175970,24120.01,28.343,29.6,0,0,22.349,22.832
2025-08-12 16:14:01.160328,24130.0,28.311,29.277,0,0,22.51,22.832
2025-08-12 16:14:11.157900,24140.0,28.117,29.213,0,0,22.413,22.8
2025-08-12 16:14:21.168034,24150.01,27.988,28.955,0,0,22.478,22.832
2025-08-12 16:14:31.165325,24160.01,27.924,28.633,0,0,22.381,22.8
2025-08-12 16:14:41.175644,24170.02,27.666,28.633,0,0,22.445,22.832
2025-08-12 16:14:51.172470,24180.01,27.666,28.439,0,0,22.445,22.832
2025-08-12 16:15:01.170283,24190.01,27.408,28.311,0,0,22.445,22.832
2025-08-12 16:15:11.166825,24200.01,27.344,28.117,0,0,22.51,22.8
2025-08-12 16:15:21.164086,24210.0,27.344,27.988,0,0,22.51,22.832
2025-08-12 16:15:31.174103,24220.01,27.279,27.73,0,0,22.51,22.832
2025-08-12 16:15:41.171234,24230.01,27.054,27.666,0,0,22.51,22.8
2025-08-12 16:15:51.168676,24240.01,27.021,27.602,0,0,22.51,22.8
2025-08-12 16:16:01.232809,24250.01,26.957,27.344,0,0,22.51,22.832
2025-08-12 16:16:11.162793,24260.0,26.731,27.344,0,0,22.51,22.8
2025-08-12 16:16:21.234781,24270.01,26.699,27.344,0,0,22.51,22.832
2025-08-12 16:16:31.170320,24280.01,26.699,27.118,0,0,22.51,22.768
2025-08-12 16:16:41.167788,24290.01,26.635,27.021,0,0,22.381,22.768
2025-08-12 16:16:51.178292,24300.01,26.377,27.021,0,0,22.478,22.832
2025-08-12 16:17:01.175435,24310.01,26.377,26.731,0,0,22.445,22.768
2025-08-12 16:17:11.172503,24320.01,26.377,26.699,0,0,22.445,22.768
2025-08-12 16:17:21.169728,24330.01,26.313,26.699,0,0,22.51,22.832
2025-08-12 16:17:31.167071,24340.01,26.087,26.699,0,0,22.478,22.768
2025-08-12 16:17:41.164338,24350.01,26.055,26.377,0,0,22.445,22.671
2025-08-12 16:17:51.174673,24360.01,26.055,26.377,0,0,22.478,22.735
2025-08-12 16:18:01.171590,24370.0,26.055,26.377,0,0,22.478,22.639
2025-08-12 16:18:11.181656,24380.01,26.022,26.28,0,0,22.478,22.703
2025-08-12 16:18:21.178979,24390.01,25.958,26.087,0,0,22.478,22.671
2025-08-12 16:18:31.176460,24400.01,25.765,26.055,0,0,22.51,22.832
2025-08-12 16:18:41.173826,24410.0,25.732,26.055,0,0,22.51,22.768
2025-08-12 16:18:51.170959,24420.01,25.732,26.055,0,0,22.51,22.768
2025-08-12 16:19:01.168548,24430.02,25.732,26.022,0,0,22.413,22.8
2025-08-12 16:19:11.165534,24440.01,25.539,25.732,0,0,22.316,22.832
2025-08-12 16:19:21.163439,24450.0,25.41,25.732,0,0,22.22,22.735
2025-08-12 16:19:31.234389,24460.01,25.41,25.732,0,0,22.252,22.735
2025-08-12 16:19:41.170597,24470.01,25.41,25.732,0,0,22.349,22.703
2025-08-12 16:19:51.168390,24480.01,25.41,25.7,0,0,22.316,22.735
2025-08-12 16:20:01.167907,24490.0,25.41,25.7,0,0,22.252,22.639
2025-08-12 16:20:11.175988,24500.01,25.346,25.571,0,0,22.252,22.735
2025-08-12 16:20:21.174005,24510.0,25.249,25.475,0,0,22.22,22.639
2025-08-12 16:20:31.171531,24520.0,25.281,25.41,0,0,22.252,22.639
2025-08-12 16:20:41.168867,24530.0,25.185,25.41,0,0,22.252,22.703
2025-08-12 16:20:51.166283,24540.0,25.088,25.41,0,0,22.316,22.574
2025-08-12 16:21:01.176709,24550.01,25.088,25.41,0,0,22.349,22.671
2025-08-12 16:21:11.173756,24560.01,25.088,25.313,0,0,22.22,22.639
2025-08-12 16:21:21.221448,24570.01,25.088,25.378,0,0,22.349,22.735
2025-08-12 16:21:31.169219,24580.0,25.088,25.281,0,0,22.22,22.703
2025-08-12 16:21:41.166199,24590.0,25.088,25.152,0,0,22.413,22.606
2025-08-12 16:21:51.176608,24600.01,25.088,25.088,0,0,22.349,22.703
2025-08-12 16:22:01.173788,24610.01,25.088,25.12,0,0,22.188,22.703
2025-08-12 16:22:11.171011,24620.01,24.959,25.088,0,0,22.316,22.671
2025-08-12 16:22:21.168209,24630.01,24.959,25.088,0,0,22.252,22.735
2025-08-12 16:22:31.178915,24640.01,24.862,25.088,0,0,22.22,22.606
2025-08-12 16:22:41.163643,24650.0,24.862,25.088,0,0,22.252,22.671
2025-08-12 16:22:51.174113,24660.01,24.766,25.088,0,0,22.316,22.735
2025-08-12 16:23:01.171786,24670.01,24.766,25.088,0,0,22.188,22.671
2025-08-12 16:23:11.169014,24680.01,24.766,24.959,0,0,22.22,22.574
2025-08-12 16:23:21.179010,24690.01,24.766,24.83,0,0,22.22,22.606
2025-08-12 16:23:31.177095,24700.01,24.766,24.862,0,0,22.252,22.606
2025-08-12 16:23:41.161584,24710.0,24.766,24.766,0,0,22.22,22.639
2025-08-12 16:23:51.172012,24720.01,24.766,24.766,0,0,22.284,22.703
2025-08-12 16:24:01.169234,24730.01,24.766,24.766,0,0,22.381,22.768
2025-08-12 16:24:11.166582,24740.01,24.766,24.766,0,0,22.316,22.768
2025-08-12 16:24:21.164145,24750.01,24.766,24.766,0,0,22.284,22.735
2025-08-12 16:24:31.174309,24760.01,24.669,24.766,0,0,22.349,22.639
2025-08-12 16:24:41.171934,24770.01,24.604,24.766,0,0,22.252,22.671
2025-08-12 16:24:51.169235,24780.0,24.508,24.766,0,0,22.188,22.768
2025-08-12 16:25:01.179655,24790.01,24.572,24.766,0,0,22.188,22.735
2025-08-12 16:25:11.176438,24800.01,24.476,24.766,0,0,22.22,22.735
2025-08-12 16:25:21.174343,24810.0,24.476,24.766,0,0,22.284,22.703
2025-08-12 16:25:31.234569,24820.01,24.895,24.959,85,0,22.349,22.735
2025-08-12 16:25:41.168382,24830.0,24.959,24.991,85,0,22.284,22.735
2025-08-12 16:25:51.166312,24840.0,25.926,24.927,85,0,22.316,22.574
2025-08-12 16:26:01.241295,24850.01,27.569,25.313,85,98,22.252,22.639
2025-08-12 16:26:11.160505,24860.0,29.342,26.248,85,98,22.252,22.8
2025-08-12 16:26:21.171152,24870.01,31.598,26.925,85,98,22.316,22.768
2025-08-12 16:26:31.168486,24880.01,33.563,28.021,85,98,22.349,22.703
2025-08-12 16:26:41.178689,24890.01,36.013,29.696,85,98,22.22,22.671
2025-08-12 16:26:51.175902,24900.01,38.655,31.791,85,98,22.252,22.606
2025-08-12 16:27:01.173324,24910.01,40.782,33.628,85,98,22.188,22.671
2025-08-12 16:27:11.170576,24920.01,43.36,35.336,85,98,22.188,22.606
2025-08-12 16:27:21.167864,24930.01,45.391,37.817,85,98,22.22,22.542
2025-08-12 16:27:31.152653,24940.0,47.775,39.171,85,98,22.284,22.8
2025-08-12 16:27:41.176030,24950.0,49.773,41.62,85,98,22.252,22.606
2025-08-12 16:27:51.160072,24960.0,51.997,42.909,85,98,22.22,22.639
2025-08-12 16:28:01.170244,24970.01,53.931,44.778,85,98,22.284,22.671
2025-08-12 16:28:11.167418,24980.01,55.929,47.034,85,98,22.316,22.671
2025-08-12 16:28:21.164887,24990.01,57.83,48.871,85,98,22.188,22.574
2025-08-12 16:28:31.161952,25000.0,59.731,50.354,85,98,22.413,22.703
2025-08-12 16:28:41.184118,25010.02,61.375,52.158,85,98,22.445,22.703
2025-08-12 16:28:51.175854,25020.01,62.986,53.093,85,98,22.349,22.703
2025-08-12 16:29:01.235407,25030.01,64.146,54.027,85,78,22.349,22.51
2025-08-12 16:29:11.176298,25040.01,65.629,55.832,85,78,22.413,22.542
2025-08-12 16:29:21.174857,25050.01,66.854,56.573,85,78,22.381,22.606
2025-08-12 16:29:31.160249,25060.01,68.143,58.313,85,78,22.349,22.671
2025-08-12 16:29:41.158198,25070.01,69.367,59.248,85,78,22.316,22.574
2025-08-12 16:29:51.168746,25080.01,70.205,60.215,85,78,22.381,22.639
2025-08-12 16:30:01.166364,25090.01,71.301,60.988,85,78,22.445,22.606
2025-08-12 16:30:11.162769,25100.01,72.268,61.375,85,78,22.445,22.703
2025-08-12 16:30:21.173356,25110.01,73.17,61.794,85,78,22.413,22.703
2025-08-12 16:30:31.170881,25120.01,73.911,62.825,85,78,22.349,22.703
2025-08-12 16:30:41.168300,25130.01,74.652,63.244,85,78,22.252,22.671
2025-08-12 16:30:51.165863,25140.0,75.232,62.954,85,78,22.478,22.703
2025-08-12 16:31:01.163370,25150.01,75.78,64.082,85,78,22.413,22.703
2025-08-12 16:31:11.173589,25160.01,76.94,64.727,85,78,22.478,22.671
2025-08-12 16:31:21.171289,25170.0,77.295,65.081,85,78,22.51,22.8
2025-08-12 16:31:31.155983,25180.0,77.746,65.758,85,78,22.445,22.8
2025-08-12 16:31:41.153219,25190.0,78.326,66.402,85,78,22.445,22.735
2025-08-12 16:31:51.163622,25200.01,78.423,66.145,85,78,22.316,22.671
2025-08-12 16:32:01.160908,25210.0,78.971,67.047,85,78,22.381,22.606
2025-08-12 16:32:11.158144,25220.01,79.519,67.659,85,78,22.478,22.735
2025-08-12 16:32:21.169068,25230.01,79.744,67.434,85,78,22.22,22.639
2025-08-12 16:32:31.166568,25240.01,80.26,67.981,85,78,22.252,22.671
2025-08-12 16:32:41.164149,25250.0,80.389,67.885,85,78,22.188,22.639
2025-08-12 16:32:51.174385,25260.01,81.033,68.69,85,78,22.284,22.639
2025-08-12 16:33:01.171761,25270.01,81.355,68.916,85,78,22.188,22.671
2025-08-12 16:33:11.169133,25280.0,81.678,68.69,85,78,22.188,22.606
2025-08-12 16:33:21.167030,25290.01,81.678,69.496,85,78,22.22,22.542
2025-08-12 16:33:31.177078,25300.01,81.903,68.916,85,78,22.22,22.671
2025-08-12 16:33:41.174298,25310.01,82.097,69.657,85,78,22.22,22.703
2025-08-12 16:33:51.171333,25320.0,82.322,70.141,85,78,22.22,22.606
2025-08-12 16:34:01.221594,25330.01,81.936,69.432,0,78,22.188,22.768
2025-08-12 16:34:11.166003,25340.01,82.258,69.561,0,78,22.22,22.606
2025-08-12 16:34:21.163835,25350.0,81.549,70.076,0,78,22.252,22.703
2025-08-12 16:34:31.148088,25360.0,80.518,70.527,0,78,22.188,22.639
2025-08-12 16:34:41.171409,25370.01,78.616,70.302,0,78,22.22,22.671
2025-08-12 16:34:51.168643,25380.01,76.908,70.141,0,78,22.22,22.735
2025-08-12 16:35:01.166035,25390.01,74.717,70.012,0,78,22.252,22.703
2025-08-12 16:35:11.233023,25400.01,72.59,69.238,0,54,22.284,22.639
2025-08-12 16:35:21.161187,25410.01,70.592,69.399,0,54,22.284,22.8
2025-08-12 16:35:31.171036,25420.01,68.626,68.787,0,54,22.22,22.735
2025-08-12 16:35:41.168540,25430.01,66.531,68.368,0,54,22.252,22.639
2025-08-12 16:35:51.165730,25440.01,64.63,67.563,0,54,22.252,22.542
2025-08-12 16:36:01.176133,25450.01,62.986,66.918,0,54,22.252,22.735
2025-08-12 16:36:11.160618,25460.01,61.149,66.112,0,54,22.188,22.574
2025-08-12 16:36:21.171012,25470.0,59.57,65.371,0,54,22.188,22.735
2025-08-12 16:36:31.168643,25480.0,58.152,64.082,0,54,22.188,22.639
2025-08-12 16:36:41.165909,25490.01,56.863,63.599,0,54,22.252,22.671
2025-08-12 16:36:51.163255,25500.01,55.639,62.986,0,54,22.188,22.639
2025-08-12 16:37:01.173381,25510.01,54.285,62.31,0,54,22.284,22.671
2025-08-12 16:37:11.170706,25520.01,53.093,61.343,0,54,22.252,22.639
2025-08-12 16:37:21.168573,25530.01,51.836,60.763,0,54,22.188,22.574
2025-08-12 16:37:31.165813,25540.01,50.934,59.893,0,54,22.284,22.671
2025-08-12 16:37:41.175871,25550.01,49.709,59.635,0,54,22.188,22.606
2025-08-12 16:37:51.173605,25560.01,48.903,58.636,0,54,22.188,22.574
2025-08-12 16:38:01.183855,25570.01,47.84,57.895,0,54,22.188,22.542
2025-08-12 16:38:11.168040,25580.01,47.002,57.669,0,54,22.252,22.671
2025-08-12 16:38:21.165758,25590.0,46.293,57.314,0,54,22.188,22.542
2025-08-12 16:38:31.163244,25600.01,45.648,56.509,0,54,22.22,22.639
2025-08-12 16:38:41.186459,25610.01,44.811,55.671,0,54,22.188,22.542
2025-08-12 16:38:51.170485,25620.01,44.23,55.574,0,54,22.188,22.606
2025-08-12 16:39:01.168443,25630.0,43.65,54.736,0,54,22.22,22.606
2025-08-12 16:39:11.165389,25640.01,43.006,54.736,0,54,22.188,22.639
2025-08-12 16:39:21.175887,25650.01,42.619,54.253,0,54,22.284,22.639
2025-08-12 16:39:31.173535,25660.0,42.039,53.898,0,54,22.22,22.671
2025-08-12 16:39:41.170907,25670.01,41.523,53.286,0,54,22.284,22.639
2025-08-12 16:39:51.168266,25680.01,41.008,52.996,0,54,22.252,22.606
2025-08-12 16:40:01.165607,25690.01,40.589,52.48,0,54,22.252,22.671
2025-08-12 16:40:11.175601,25700.01,40.363,51.836,0,54,22.284,22.671
2025-08-12 16:40:21.173088,25710.01,40.009,51.997,0,54,22.22,22.735
2025-08-12 16:40:31.230037,25720.01,39.493,51.159,0,54,22.252,22.606
2025-08-12 16:40:41.167784,25730.01,39.171,51.353,0,54,22.284,22.606
2025-08-12 16:40:51.165735,25740.01,38.816,50.869,0,54,22.22,22.703
2025-08-12 16:41:01.163047,25750.01,38.494,50.386,0,54,22.381,22.542
2025-08-12 16:41:11.172984,25760.01,38.172,50.386,0,54,22.22,22.574
2025-08-12 16:41:21.170429,25770.01,37.946,50.386,0,54,22.316,22.51
2025-08-12 16:41:31.168108,25780.0,37.785,49.709,0,54,22.349,22.574
2025-08-12 16:41:41.178776,25790.01,37.334,49.58,0,54,22.316,22.574
2025-08-12 16:41:51.163282,25800.01,37.27,49.645,0,54,22.413,22.703
2025-08-12 16:42:01.173361,25810.01,37.205,49.258,0,54,22.478,22.671
2025-08-12 16:42:11.170504,25820.01,36.979,49.097,0,54,22.349,22.51
2025-08-12 16:42:21.167909,25830.01,36.851,48.613,0,54,22.349,22.542
2025-08-12 16:42:31.178271,25840.01,36.367,48.774,0,54,22.22,22.51
2025-08-12 16:42:41.162269,25850.01,36.367,48.517,0,54,22.316,22.51
2025-08-12 16:42:51.172361,25860.01,36.238,48.452,0,54,22.349,22.542
2025-08-12 16:43:01.170012,25870.0,35.948,48.388,0,54,22.381,22.639
2025-08-12 16:43:11.167315,25880.01,35.819,47.646,0,54,22.284,22.574
2025-08-12 16:43:21.177748,25890.01,35.594,48.13,0,54,22.252,22.639
2025-08-12 16:43:31.162368,25900.0,35.529,47.808,0,54,22.349,22.639
2025-08-12 16:43:41.240284,25910.01,35.271,47.324,0,38,22.316,22.639
2025-08-12 16:43:51.157143,25920.0,35.207,47.131,0,38,22.381,22.542
2025-08-12 16:44:01.181020,25930.01,35.046,47.292,0,38,22.381,22.703
2025-08-12 16:44:11.165096,25940.01,34.949,47.002,0,38,22.381,22.639
2025-08-12 16:44:21.175352,25950.01,34.756,46.68,0,38,22.51,22.735
2025-08-12 16:44:31.173602,25960.01,34.595,46.196,0,38,22.445,22.639
2025-08-12 16:44:41.170395,25970.01,34.434,45.874,0,38,22.349,22.574
2025-08-12 16:44:51.180834,25980.01,34.337,45.391,0,38,22.349,22.703
2025-08-12 16:45:01.166320,25990.01,34.305,45.068,0,38,22.445,22.735
2025-08-12 16:45:11.175592,26000.01,34.176,45.068,0,38,22.349,22.735
2025-08-12 16:45:21.173355,26010.01,33.918,44.746,0,38,22.252,22.639
2025-08-12 16:45:31.170680,26020.01,33.789,44.102,0,38,22.188,22.768
2025-08-12 16:45:41.167897,26030.01,33.692,43.779,0,38,22.252,22.735
2025-08-12 16:45:51.165477,26040.01,33.531,43.812,0,38,22.252,22.606
2025-08-12 16:46:01.175674,26050.01,33.435,43.618,0,38,22.22,22.606
2025-08-12 16:46:11.185911,26060.01,33.273,43.618,0,38,22.22,22.639
2025-08-12 16:46:21.170645,26070.01,33.209,43.393,0,38,22.22,22.735
2025-08-12 16:46:31.168051,26080.01,33.048,43.07,0,38,22.188,22.671
2025-08-12 16:46:41.165548,26090.01,32.822,42.651,0,38,22.252,22.639
2025-08-12 16:46:51.175736,26100.01,32.854,42.748,0,38,22.22,22.639
2025-08-12 16:47:01.173415,26110.01,32.532,42.587,0,38,22.252,22.639
2025-08-12 16:47:11.170630,26120.01,32.564,42.232,0,38,22.188,22.735
2025-08-12 16:47:21.180839,26130.01,32.564,42.104,0,38,22.284,22.606
2025-08-12 16:47:31.165348,26140.0,32.5,42.104,0,38,22.22,22.574
2025-08-12 16:47:41.176021,26150.01,32.371,41.846,0,38,22.284,22.639
2025-08-12 16:47:51.173076,26160.01,32.242,41.523,0,38,22.316,22.671
2025-08-12 16:48:01.170393,26170.01,32.113,41.813,0,38,22.252,22.606
2025-08-12 16:48:11.185798,26180.02,32.049,41.523,0,38,22.252,22.671
2025-08-12 16:48:21.181423,26190.02,31.984,41.491,0,38,22.252,22.606
2025-08-12 16:48:31.173380,26200.01,31.888,41.266,0,38,22.284,22.703
2025-08-12 16:48:41.159453,26210.0,31.791,41.201,0,38,22.252,22.639
2025-08-12 16:48:51.158720,26220.0,31.888,41.395,0,38,22.316,22.735
2025-08-12 16:49:01.157094,26230.0,31.694,41.33,0,38,22.22,22.639
2025-08-12 16:49:11.167879,26240.01,31.662,40.879,0,38,22.381,22.703
2025-08-12 16:49:21.165878,26250.01,31.662,40.847,0,38,22.316,22.671
2025-08-12 16:49:31.163843,26260.01,31.662,40.557,0,38,22.188,22.735
2025-08-12 16:49:41.161417,26270.01,31.598,40.557,0,38,22.413,22.639
2025-08-12 16:49:51.172058,26280.01,31.275,40.524,0,38,22.22,22.639
2025-08-12 16:50:01.182539,26290.01,31.34,40.75,0,38,22.22,22.639
2025-08-12 16:50:11.231098,26300.01,31.34,40.524,0,38,22.284,22.671
2025-08-12 16:50:21.163935,26310.01,31.275,40.492,0,38,22.349,22.768
2025-08-12 16:50:31.161811,26320.01,31.146,40.428,0,38,22.188,22.639
2025-08-12 16:50:41.159470,26330.01,31.05,40.299,0,38,22.22,22.735
2025-08-12 16:50:51.156836,26340.0,30.953,40.396,0,38,22.381,22.671
2025-08-12 16:51:01.180043,26350.01,31.018,40.073,0,38,22.22,22.606
2025-08-12 16:51:11.177206,26360.01,31.082,40.234,0,38,22.22,22.639
2025-08-12 16:51:21.174856,26370.01,30.985,40.202,0,38,22.188,22.606
2025-08-12 16:51:31.172472,26380.01,30.985,40.202,0,38,22.252,22.51
2025-08-12 16:51:41.170218,26390.0,31.018,40.17,0,38,22.252,22.51
2025-08-12 16:51:51.234294,26400.01,30.889,39.912,0,0,22.188,22.574
2025-08-12 16:52:01.177538,26410.01,30.824,39.687,0,0,22.188,22.574
2025-08-12 16:52:11.174764,26420.01,30.631,39.3,0,0,22.188,22.51
2025-08-12 16:52:21.172405,26430.01,30.566,38.945,0,0,22.22,22.606
2025-08-12 16:52:31.170085,26440.01,30.566,38.43,0,0,22.188,22.542
2025-08-12 16:52:41.167557,26450.01,30.47,37.979,0,0,22.284,22.606
2025-08-12 16:52:51.178029,26460.01,30.244,37.334,0,0,22.22,22.735
2025-08-12 16:53:01.162526,26470.0,30.244,36.689,0,0,22.252,22.639
2025-08-12 16:53:11.172304,26480.01,30.051,36.109,0,0,22.316,22.768
2025-08-12 16:53:21.225476,26490.01,29.922,35.594,0,0,22.381,22.606
2025-08-12 16:53:31.180426,26500.01,29.922,35.078,0,0,22.349,22.703
2025-08-12 16:53:41.165294,26510.0,29.6,34.466,0,0,22.349,22.735
2025-08-12 16:53:51.175825,26520.01,29.6,34.111,0,0,22.381,22.735
2025-08-12 16:54:01.173324,26530.01,29.342,33.467,0,0,22.316,22.735
2025-08-12 16:54:11.170554,26540.01,29.277,33.145,0,0,22.51,22.703
2025-08-12 16:54:21.168526,26550.0,29.277,32.822,0,0,22.381,22.639
2025-08-12 16:54:31.165964,26560.0,28.955,32.436,0,0,22.413,22.703
2025-08-12 16:54:41.176049,26570.01,28.955,31.855,0,0,22.478,22.671
2025-08-12 16:54:51.173404,26580.01,28.697,31.533,0,0,22.478,22.671
2025-08-12 16:55:01.171298,26590.0,28.633,31.211,0,0,22.51,22.703
2025-08-12 16:55:11.168334,26600.0,28.568,30.889,0,0,22.51,22.8
2025-08-12 16:55:21.166367,26610.0,28.311,30.566,0,0,22.478,22.735
2025-08-12 16:55:31.163956,26620.01,28.311,30.244,0,0,22.478,22.768
2025-08-12 16:55:41.161327,26630.01,28.085,29.922,0,0,22.445,22.639
2025-08-12 16:55:51.171530,26640.01,27.988,29.922,0,0,22.51,22.768
2025-08-12 16:56:01.156230,26650.0,27.988,29.6,0,0,22.51,22.703
2025-08-12 16:56:11.166101,26660.01,27.666,29.277,0,0,22.51,22.735
2025-08-12 16:56:21.163950,26670.01,27.666,29.02,0,0,22.51,22.703
2025-08-12 16:56:31.174045,26680.01,27.44,28.955,0,0,22.478,22.606
2025-08-12 16:56:41.158753,26690.0,27.376,28.633,0,0,22.381,22.606
2025-08-12 16:56:51.228895,26700.01,27.344,28.536,0,0,22.381,22.574
2025-08-12 16:57:01.166480,26710.0,27.247,28.311,0,0,22.445,22.703
2025-08-12 16:57:11.163813,26720.0,27.086,28.246,0,0,22.413,22.703
2025-08-12 16:57:21.174593,26730.01,27.021,27.988,0,0,22.445,22.703
2025-08-12 16:57:31.172320,26740.01,27.021,27.892,0,0,22.349,22.735
2025-08-12 16:57:41.169611,26750.01,26.893,27.666,0,0,22.51,22.671
2025-08-12 16:57:51.166955,26760.01,26.699,27.569,0,0,22.381,22.768
2025-08-12 16:58:01.177444,26770.0,26.699,27.344,0,0,22.381,22.703
2025-08-12 16:58:11.175087,26780.01,26.538,27.344,0,0,22.22,22.639
2025-08-12 16:58:21.172916,26790.01,26.377,27.15,0,0,22.349,22.703
2025-08-12 16:58:31.170768,26800.01,26.377,27.021,0,0,22.316,22.671
2025-08-12 16:58:41.155295,26810.0,26.377,27.021,0,0,22.252,22.735
2025-08-12 16:58:51.166407,26820.01,26.151,26.731,0,0,22.381,22.639
2025-08-12 16:59:01.163410,26830.01,26.055,26.699,0,0,22.22,22.671
2025-08-12 16:59:11.173651,26840.01,26.055,26.699,0,0,22.188,22.51
2025-08-12 16:59:21.171114,26850.01,26.055,26.474,0,0,22.188,22.574
2025-08-12 16:59:31.168397,26860.01,26.022,26.377,0,0,22.188,22.542
2025-08-12 16:59:41.235080,26870.01,26.119,26.506,38,0,22.188,22.606
2025-08-12 16:59:51.162998,26880.01,26.119,26.506,38,0,22.284,22.542
2025-08-12 17:00:01.173356,26890.01,26.409,26.409,38,0,22.188,22.542
2025-08-12 17:00:11.157794,26900.0,27.054,26.28,38,0,22.188,22.542
2025-08-12 17:00:21.168297,26910.01,27.763,26.184,38,0,22.188,22.51
2025-08-12 17:00:31.165989,26920.01,28.601,26.441,38,0,22.188,22.606
2025-08-12 17:00:41.176449,26930.01,29.471,26.441,38,0,22.188,22.606
2025-08-12 17:00:51.173867,26940.01,30.405,26.635,38,0,22.22,22.639
2025-08-12 17:01:01.171537,26950.01,31.404,26.764,38,0,22.22,22.639
2025-08-12 17:01:11.168594,26960.01,32.436,26.925,38,0,22.188,22.639
2025-08-12 17:01:21.166269,26970.01,33.37,27.215,38,0,22.22,22.735
2025-08-12 17:01:31.163929,26980.01,34.305,27.408,38,0,22.188,22.606
2025-08-12 17:01:41.161455,26990.01,35.143,27.569,38,0,22.188,22.574
2025-08-12 17:01:51.171845,27000.01,35.98,27.859,38,0,22.188,22.542
2025-08-12 17:02:01.182308,27010.01,36.689,28.053,38,0,22.188,22.542
2025-08-12 17:02:11.179529,27020.01,37.398,28.375,38,0,22.188,22.51
2025-08-12 17:02:21.244772,27030.01,38.14,28.762,38,29,22.188,22.51
2025-08-12 17:02:31.174385,27040.01,38.978,29.277,38,29,22.188,22.574
2025-08-12 17:02:41.171865,27050.01,39.396,29.664,38,29,22.188,22.542
2025-08-12 17:02:51.169660,27060.01,39.977,30.244,38,29,22.22,22.51
2025-08-12 17:03:01.167504,27070.01,40.686,30.663,38,29,22.188,22.542
2025-08-12 17:03:11.164584,27080.01,41.362,31.34,38,29,22.188,22.51
2025-08-12 17:03:21.175091,27090.01,41.749,32.113,38,29,22.188,22.574
2025-08-12 17:03:31.172999,27100.01,42.394,32.854,38,29,22.188,22.51
2025-08-12 17:03:41.157432,27110.0,42.748,33.306,38,29,22.188,22.542
2025-08-12 17:03:51.180710,27120.01,43.167,33.821,38,29,22.188,22.51
2025-08-12 17:04:01.164812,27130.01,43.683,34.563,38,29,22.188,22.51
2025-08-12 17:04:11.174877,27140.01,44.23,35.046,38,29,22.188,22.51
2025-08-12 17:04:21.172694,27150.01,44.617,35.69,38,29,22.188,22.51
2025-08-12 17:04:31.224712,27160.01,44.875,36.174,0,29,22.188,22.51
2025-08-12 17:04:41.168082,27170.01,45.133,36.689,0,29,22.188,22.542
2025-08-12 17:04:51.164948,27180.0,45.133,37.334,0,29,22.188,22.574
2025-08-12 17:05:01.163960,27190.01,44.746,37.656,0,29,22.188,22.542
2025-08-12 17:05:11.172425,27200.01,44.488,37.946,0,29,22.188,22.51
2025-08-12 17:05:21.243357,27210.01,43.779,38.301,0,33,22.188,22.542
2025-08-12 17:05:31.180040,27220.01,43.135,38.462,0,33,22.188,22.542
2025-08-12 17:05:41.164853,27230.01,42.49,38.881,0,33,22.188,22.51
2025-08-12 17:05:51.175043,27240.01,41.942,39.203,0,33,22.188,22.51
2025-08-12 17:06:01.172688,27250.01,40.943,39.268,0,33,22.188,22.51
2025-08-12 17:06:11.156855,27260.0,40.363,39.268,0,33,22.22,22.574
2025-08-12 17:06:21.180306,27270.01,39.687,39.3,0,33,22.22,22.542
2025-08-12 17:06:31.162228,27280.01,39.235,39.558,0,33,22.188,22.51
2025-08-12 17:06:41.162115,27290.0,38.526,39.88,0,33,22.188,22.51
2025-08-12 17:06:51.166558,27300.0,38.043,39.88,0,33,22.188,22.51
2025-08-12 17:07:01.160981,27310.0,37.431,39.88,0,33,22.188,22.51
2025-08-12 17:07:11.169484,27320.01,37.012,39.912,0,33,22.188,22.51
2025-08-12 17:07:21.166694,27330.01,36.625,39.59,0,33,22.22,22.51
2025-08-12 17:07:31.176206,27340.01,36.142,39.912,0,33,22.188,22.51
2025-08-12 17:07:41.173343,27350.01,35.755,39.59,0,33,22.188,22.51
2025-08-12 17:07:51.170847,27360.01,35.4,39.88,0,33,22.188,22.51
2025-08-12 17:08:01.168107,27370.0,34.917,39.59,0,33,22.188,22.542
2025-08-12 17:08:11.165145,27380.01,34.53,39.88,0,33,22.22,22.51
2025-08-12 17:08:21.175365,27390.01,34.24,39.59,0,33,22.188,22.51
2025-08-12 17:08:31.172384,27400.01,33.918,39.558,0,33,22.252,22.51
2025-08-12 17:08:41.170055,27410.01,33.821,39.622,0,33,22.188,22.51
2025-08-12 17:08:51.167299,27420.0,33.563,39.268,0,33,22.188,22.51
2025-08-12 17:09:01.177509,27430.01,33.273,39.558,0,33,22.22,22.51
2025-08-12 17:09:11.174492,27440.01,33.145,39.268,0,33,22.188,22.51
2025-08-12 17:09:21.172089,27450.01,32.822,39.525,0,33,22.188,22.51
2025-08-12 17:09:31.169360,27460.01,32.693,39.364,0,33,22.22,22.542
2025-08-12 17:09:41.166398,27470.01,32.629,39.493,0,33,22.188,22.51
2025-08-12 17:09:51.164209,27480.0,32.532,39.01,0,33,22.188,22.51
2025-08-12 17:10:01.162521,27490.0,32.307,39.268,0,33,22.188,22.542
2025-08-12 17:10:11.158442,27500.0,31.952,38.945,0,33,22.316,22.51
2025-08-12 17:10:21.169099,27510.01,31.984,39.203,0,33,22.22,22.51
2025-08-12 17:10:31.166642,27520.01,31.952,39.042,0,33,22.188,22.51
2025-08-12 17:10:41.163731,27530.01,31.598,38.688,0,33,22.22,22.51
2025-08-12 17:10:51.161681,27540.01,31.565,38.623,0,33,22.252,22.51
2025-08-12 17:11:01.183708,27550.01,31.404,38.881,0,33,22.22,22.574
2025-08-12 17:11:11.181191,27560.01,31.34,38.881,0,33,22.188,22.51
2025-08-12 17:11:21.171871,27570.0,31.275,38.72,0,33,22.188,22.51
2025-08-12 17:11:31.163105,27580.0,30.889,38.655,0,33,22.188,22.574
2025-08-12 17:11:41.237537,27590.01,31.275,38.72,85,33,22.188,22.542
2025-08-12 17:11:51.170676,27600.01,31.565,38.978,85,33,22.188,22.542
2025-08-12 17:12:01.155413,27610.0,32.274,38.752,85,33,22.188,22.542
2025-08-12 17:12:11.178082,27620.01,33.757,38.752,85,33,22.188,22.542
2025-08-12 17:12:21.163057,27630.01,35.4,39.01,85,33,22.188,22.51
2025-08-12 17:12:31.173461,27640.01,37.527,39.171,85,33,22.188,22.542
2025-08-12 17:12:41.157885,27650.0,39.493,39.493,85,33,22.188,22.51
2025-08-12 17:12:51.168200,27660.01,41.878,39.912,85,33,22.188,22.51
2025-08-12 17:13:01.165743,27670.0,43.844,40.267,85,33,22.188,22.542
2025-08-12 17:13:11.241642,27680.01,46.261,41.04,85,81,22.188,22.51
2025-08-12 17:13:21.163237,27690.0,48.13,41.588,85,81,22.188,22.51
2025-08-12 17:13:31.158318,27700.01,50.225,42.136,85,81,22.188,22.51
2025-08-12 17:13:41.168269,27710.01,52.352,43.457,85,81,22.22,22.542
2025-08-12 17:13:51.165602,27720.01,54.285,44.005,85,81,22.188,22.51
2025-08-12 17:14:01.176098,27730.01,55.993,45.616,85,81,22.188,22.51
2025-08-12 17:14:11.160205,27740.0,57.701,47.356,85,81,22.188,22.542
2025-08-12 17:14:21.158018,27750.0,59.313,48.065,85,81,22.22,22.542
2025-08-12 17:14:31.168575,27760.0,61.053,49.354,85,81,22.188,22.606
2025-08-12 17:14:41.165469,27770.0,62.857,50.934,85,81,22.188,22.574
2025-08-12 17:14:51.163092,27780.01,64.211,52.384,85,81,22.22,22.542
2025-08-12 17:15:01.173562,27790.01,65.564,53.286,85,81,22.188,22.542
2025-08-12 17:15:11.170556,27800.0,66.467,53.995,85,81,22.188,22.542
2025-08-12 17:15:21.168617,27810.01,67.885,54.801,85,81,22.22,22.542
2025-08-12 17:15:31.165996,27820.01,68.916,56.863,85,81,22.188,22.606
2025-08-12 17:15:41.162931,27830.01,69.786,57.669,85,81,22.22,22.639
2025-08-12 17:15:51.217840,27840.01,70.592,58.056,85,0,22.188,22.574
2025-08-12 17:16:01.170526,27850.01,71.688,58.668,85,0,22.252,22.639
2025-08-12 17:16:11.168019,27860.01,72.3,59.087,85,0,22.22,22.606
2025-08-12 17:16:21.165909,27870.01,73.299,58.732,85,0,22.22,22.574
2025-08-12 17:16:31.163720,27880.0,73.847,58.442,85,0,22.22,22.542
2025-08-12 17:16:41.174039,27890.01,74.523,58.12,85,0,22.188,22.768
2025-08-12 17:16:51.171526,27900.01,75.007,57.766,85,0,22.22,22.542
2025-08-12 17:17:01.169167,27910.0,75.49,57.25,85,0,22.22,22.574
2025-08-12 17:17:11.166449,27920.01,75.845,56.767,85,0,22.252,22.606
2025-08-12 17:17:21.164302,27930.01,76.425,56.187,85,0,22.252,22.51
2025-08-12 17:17:31.162206,27940.0,76.779,55.896,85,0,22.22,22.639
2025-08-12 17:17:41.172093,27950.0,76.94,55.123,85,0,22.188,22.51
2025-08-12 17:17:51.169683,27960.01,77.263,54.736,85,0,22.188,22.542
2025-08-12 17:18:01.167110,27970.0,77.327,54.607,85,0,22.252,22.735
2025-08-12 17:18:11.164109,27980.0,77.746,54.06,85,0,22.284,22.574
2025-08-12 17:18:21.162007,27990.01,77.714,53.705,85,0,22.22,22.703
2025-08-12 17:18:31.159586,28000.0,78.004,53.641,85,0,22.188,22.671
2025-08-12 17:18:41.156972,28010.0,78.197,53.222,85,0,22.22,22.735
2025-08-12 17:18:51.167215,28020.01,78.262,52.996,85,0,22.22,22.639
2025-08-12 17:19:01.164113,28030.01,78.552,52.545,85,0,22.252,22.671
2025-08-12 17:19:11.161753,28040.01,78.713,52.287,85,0,22.284,22.703
2025-08-12 17:19:21.159669,28050.0,78.681,52.223,85,0,22.188,22.671
2025-08-12 17:19:31.169865,28060.01,78.713,51.836,85,0,22.252,22.703
2025-08-12 17:19:41.167527,28070.01,78.713,51.61,85,0,22.22,22.542
2025-08-12 17:19:51.177976,28080.01,78.713,51.643,85,0,22.349,22.574
2025-08-12 17:20:01.177910,28090.01,78.906,51.61,85,0,22.252,22.606
2025-08-12 17:20:11.172650,28100.01,79.035,51.256,85,0,22.252,22.671
2025-08-12 17:20:21.170168,28110.01,78.971,51.385,85,0,22.252,22.51
2025-08-12 17:20:31.167337,28120.01,79.067,51.32,85,0,22.22,22.51
2025-08-12 17:20:41.165065,28130.01,79.067,51.32,85,0,22.284,22.574
2025-08-12 17:20:51.162963,28140.01,79.196,51.32,85,0,22.316,22.542
2025-08-12 17:21:01.172492,28150.01,79.229,51.095,85,0,22.252,22.542
2025-08-12 17:21:11.169608,28160.0,79.454,50.998,85,0,22.188,22.51
2025-08-12 17:21:21.220984,28170.0,79.003,50.547,0,0,22.22,22.574
2025-08-12 17:21:31.165798,28180.01,78.906,50.547,0,0,22.316,22.606
2025-08-12 17:21:41.161617,28190.01,77.939,50.547,0,0,22.188,22.51
2025-08-12 17:21:51.172163,28200.01,76.328,50.257,0,0,22.316,22.574
2025-08-12 17:22:01.169285,28210.01,74.459,50.225,0,0,22.252,22.574
2025-08-12 17:22:11.166273,28220.01,72.461,49.902,0,0,22.349,22.542
2025-08-12 17:22:21.164027,28230.01,70.495,49.548,0,0,22.22,22.574
2025-08-12 17:22:31.174292,28240.01,68.271,48.936,0,0,22.284,22.542
2025-08-12 17:22:41.159029,28250.0,65.854,48.613,0,0,22.22,22.703
2025-08-12 17:22:51.169404,28260.01,63.566,47.969,0,0,22.284,22.574
2025-08-12 17:23:01.167233,28270.01,61.504,47.324,0,0,22.252,22.51
2025-08-12 17:23:11.164279,28280.0,59.538,46.776,0,0,22.252,22.606
2025-08-12 17:23:21.174926,28290.01,57.637,46.261,0,0,22.252,22.542
2025-08-12 17:23:31.159469,28300.01,55.703,45.423,0,0,22.349,22.542
2025-08-12 17:23:41.232114,28310.01,54.092,45.455,0,70,22.22,22.51
2025-08-12 17:23:51.234200,28320.01,52.48,44.907,13,70,22.22,22.51
2025-08-12 17:24:01.164171,28330.01,51.191,44.811,13,70,22.188,22.542
2025-08-12 17:24:11.174544,28340.01,49.87,44.166,13,70,22.188,22.542
2025-08-12 17:24:21.171857,28350.01,48.903,45.133,13,70,22.188,22.542
2025-08-12 17:24:31.156639,28360.0,47.775,45.487,13,70,22.22,22.542
2025-08-12 17:24:41.166832,28370.01,47.163,46.067,13,70,22.188,22.574
2025-08-12 17:24:51.164022,28380.01,46.454,46.422,13,70,22.188,22.51
2025-08-12 17:25:01.239147,28390.07,45.971,47.099,13,70,22.188,22.51
2025-08-12 17:25:11.184852,28400.01,45.455,47.066,13,70,22.188,22.542
2025-08-12 17:25:21.169944,28410.01,45.294,47.743,13,70,22.188,22.51
2025-08-12 17:25:31.167434,28420.01,44.811,48.13,13,70,22.188,22.574
2025-08-12 17:25:41.177649,28430.01,44.617,48.065,13,70,22.188,22.51
2025-08-12 17:25:51.174930,28440.01,44.553,49.129,13,70,22.188,22.51
2025-08-12 17:26:01.172395,28450.01,44.198,49.806,13,70,22.188,22.51
2025-08-12 17:26:11.182276,28460.01,44.198,49.999,13,70,22.188,22.51
2025-08-12 17:26:21.166674,28470.0,43.94,50.289,13,70,22.188,22.51
2025-08-12 17:26:31.164389,28480.0,43.779,50.579,13,70,22.188,22.51
2025-08-12 17:26:41.175020,28490.01,43.65,50.966,13,70,22.188,22.51
2025-08-12 17:26:51.172606,28500.01,43.715,51.127,13,70,22.188,22.51
2025-08-12 17:27:01.169777,28510.0,43.586,51.224,13,70,22.188,22.51
2025-08-12 17:27:11.167047,28520.01,43.586,51.417,13,70,22.188,22.542
2025-08-12 17:27:21.164208,28530.0,43.328,51.224,13,70,22.188,22.574
2025-08-12 17:27:31.162112,28540.0,43.199,51.868,13,70,22.188,22.542
2025-08-12 17:27:41.159664,28550.0,43.264,52.223,13,70,22.188,22.542
2025-08-12 17:27:51.169666,28560.01,43.36,51.643,13,70,22.188,22.542
2025-08-12 17:28:01.166956,28570.01,43.103,52.062,13,70,22.188,22.574
2025-08-12 17:28:11.164430,28580.01,42.909,52.448,13,70,22.188,22.542
2025-08-12 17:28:21.174599,28590.01,43.199,52.642,13,70,22.188,22.51
2025-08-12 17:28:31.172276,28600.01,43.167,52.771,13,70,22.188,22.51
2025-08-12 17:28:41.169973,28610.0,43.135,52.223,13,70,22.188,22.51
2025-08-12 17:28:51.180079,28620.01,43.07,53.061,13,70,22.188,22.51
2025-08-12 17:29:01.177725,28630.01,42.941,52.867,13,70,22.188,22.51
2025-08-12 17:29:11.175315,28640.01,42.909,52.771,13,70,22.188,22.51
2025-08-12 17:29:21.159584,28650.0,42.845,52.932,13,70,22.188,22.51
2025-08-12 17:29:31.170283,28660.01,43.006,53.479,13,70,22.188,22.51
2025-08-12 17:29:41.167684,28670.01,42.909,52.964,13,70,22.188,22.51
2025-08-12 17:29:51.165230,28680.01,42.845,53.189,13,70,22.188,22.51
2025-08-12 17:30:01.239892,28690.01,42.716,52.867,13,9,22.188,22.51
2025-08-12 17:30:11.160169,28700.0,42.748,52.803,13,9,22.188,22.51
2025-08-12 17:30:21.157680,28710.0,42.716,52.545,13,9,22.188,22.51
2025-08-12 17:30:31.167981,28720.01,42.813,52.029,13,9,22.188,22.51
2025-08-12 17:30:41.178151,28730.01,42.555,51.256,13,9,22.188,22.51
2025-08-12 17:30:51.176074,28740.01,42.49,50.354,13,9,22.188,22.51
2025-08-12 17:31:01.172904,28750.01,42.426,49.354,13,9,22.188,22.51
2025-08-12 17:31:11.170074,28760.0,42.2,48.646,13,9,22.188,22.51
2025-08-12 17:31:21.167263,28770.01,42.071,47.646,13,9,22.188,22.51
2025-08-12 17:31:31.178142,28780.01,41.91,46.905,13,9,22.188,22.51
2025-08-12 17:31:41.162707,28790.0,41.717,46.067,13,9,22.188,22.51
2025-08-12 17:31:51.173591,28800.01,41.588,45.165,13,9,22.188,22.51
2025-08-12 17:32:01.157487,28810.0,41.427,44.456,13,9,22.188,22.51
2025-08-12 17:32:11.167820,28820.01,41.233,43.94,13,9,22.188,22.51
2025-08-12 17:32:21.164931,28830.01,40.943,43.36,13,9,22.188,22.51
2025-08-12 17:32:31.162924,28840.0,40.621,42.684,13,9,22.188,22.51
2025-08-12 17:32:41.173241,28850.01,40.653,42.361,13,9,22.188,22.51
2025-08-12 17:32:51.170660,28860.01,40.331,41.685,13,9,22.188,22.51
2025-08-12 17:33:01.219933,28870.01,40.234,41.266,8,9,22.188,22.51
2025-08-12 17:33:11.178167,28880.01,39.977,40.557,8,9,22.188,22.51
2025-08-12 17:33:21.162763,28890.0,39.687,40.202,8,9,22.188,22.51
2025-08-12 17:33:31.173088,28900.01,39.3,40.009,8,9,22.188,22.542
2025-08-12 17:33:41.157703,28910.0,39.074,39.3,8,9,22.188,22.51
2025-08-12 17:33:51.167954,28920.01,38.945,38.945,8,9,22.188,22.51
2025-08-12 17:34:01.165290,28930.01,38.655,38.655,8,9,22.22,22.51
2025-08-12 17:34:11.162695,28940.0,38.365,38.43,8,9,22.188,22.51
2025-08-12 17:34:21.173042,28950.01,37.979,38.043,8,9,22.188,22.51
2025-08-12 17:34:31.170280,28960.01,37.753,37.656,8,9,22.188,22.51
2025-08-12 17:34:41.167758,28970.0,37.431,37.527,8,9,22.188,22.51
2025-08-12 17:34:51.165378,28980.01,37.302,37.076,8,9,22.188,22.51
2025-08-12 17:35:01.175699,28990.01,37.108,36.754,8,9,22.188,22.51
2025-08-12 17:35:11.160391,29000.0,36.689,36.464,8,9,22.188,22.51
2025-08-12 17:35:21.170926,29010.01,36.432,36.238,8,9,22.188,22.51
2025-08-12 17:35:31.168587,29020.0,36.399,36.077,8,9,22.188,22.51
2025-08-12 17:35:41.179265,29030.01,36.109,35.723,8,9,22.188,22.51
2025-08-12 17:35:51.163427,29040.0,35.884,35.658,8,9,22.188,22.51
2025-08-12 17:36:01.173864,29050.0,35.755,35.4,8,9,22.188,22.51
2025-08-12 17:36:11.158408,29060.0,35.465,35.078,8,9,22.188,22.51
2025-08-12 17:36:21.169262,29070.01,35.271,35.207,8,9,22.188,22.51
2025-08-12 17:36:31.166775,29080.01,35.078,34.917,8,9,22.188,22.51
2025-08-12 17:36:41.240899,29090.01,34.756,34.788,8,13,22.188,22.478
2025-08-12 17:36:51.174253,29100.0,34.756,34.498,8,13,22.188,22.51
2025-08-12 17:37:01.172154,29110.01,34.595,34.563,8,13,22.188,22.51
2025-08-12 17:37:11.169394,29120.01,34.466,34.369,8,13,22.188,22.51
2025-08-12 17:37:21.167193,29130.01,34.466,34.305,8,13,22.188,22.51
2025-08-12 17:37:31.177321,29140.01,34.272,34.272,8,13,22.188,22.51
2025-08-12 17:37:41.174769,29150.01,34.24,34.272,8,13,22.188,22.51
2025-08-12 17:37:51.172378,29160.01,34.111,33.918,8,13,22.188,22.51
2025-08-12 17:38:01.169963,29170.01,33.982,33.789,8,13,22.188,22.51
2025-08-12 17:38:11.180289,29180.01,33.854,33.95,8,13,22.188,22.51
2025-08-12 17:38:21.164960,29190.01,33.918,33.918,8,13,22.188,22.478
2025-08-12 17:38:31.175593,29200.01,33.854,33.982,8,13,22.188,22.51
2025-08-12 17:38:41.172735,29210.01,33.757,33.95,8,13,22.188,22.51
2025-08-12 17:38:51.170179,29220.01,33.531,33.531,8,13,22.188,22.51
2025-08-12 17:39:01.167934,29230.01,33.467,33.499,8,13,22.188,22.51
2025-08-12 17:39:11.244315,29240.01,33.789,33.821,80,13,22.188,22.51
2025-08-12 17:39:21.175151,29250.01,33.854,33.95,80,13,22.188,22.51
2025-08-12 17:39:31.160231,29260.01,34.466,33.725,80,13,22.188,22.51
2025-08-12 17:39:41.170717,29270.01,35.916,34.015,80,13,22.188,22.51
2025-08-12 17:39:51.168005,29280.01,37.463,34.015,80,13,22.188,22.51
2025-08-12 17:40:01.178266,29290.01,39.106,34.015,80,13,22.22,22.51
2025-08-12 17:40:11.162873,29300.01,41.072,34.24,80,13,22.188,22.51
2025-08-12 17:40:21.174698,29310.01,42.941,34.434,80,13,22.188,22.51
2025-08-12 17:40:31.171073,29320.01,44.649,35.11,80,13,22.188,22.51
2025-08-12 17:40:41.168609,29330.0,46.422,35.497,80,13,22.188,22.51
2025-08-12 17:40:51.166155,29340.01,48.162,35.658,80,13,22.188,22.51
2025-08-12 17:41:01.163619,29350.01,49.902,36.238,80,13,22.188,22.51
2025-08-12 17:41:11.160821,29360.01,51.578,36.818,80,13,22.188,22.51
2025-08-12 17:41:21.171674,29370.01,53.254,37.205,80,13,22.188,22.51
2025-08-12 17:41:31.169344,29380.01,54.64,37.785,80,13,22.188,22.51
2025-08-12 17:41:41.154717,29390.0,55.896,38.43,80,13,22.188,22.51
2025-08-12 17:41:51.237043,29400.01,57.347,38.978,79,13,22.188,22.51
2025-08-12 17:42:01.161704,29410.0,58.475,39.364,79,13,22.188,22.51
2025-08-12 17:42:11.158935,29420.0,59.764,39.59,79,13,22.188,22.51
2025-08-12 17:42:21.169695,29430.01,60.827,40.299,79,13,22.188,22.51
2025-08-12 17:42:31.166839,29440.0,61.955,40.557,79,13,22.188,22.51
2025-08-12 17:42:41.164596,29450.0,62.761,41.298,79,13,22.188,22.51
2025-08-12 17:42:51.161991,29460.01,63.566,41.781,79,13,22.188,22.51
2025-08-12 17:43:01.172382,29470.01,64.243,42.2,79,13,22.188,22.51
2025-08-12 17:43:11.156612,29480.0,65.21,42.587,79,13,22.188,22.478
2025-08-12 17:43:21.167629,29490.0,65.887,43.038,79,13,22.188,22.51
2025-08-12 17:43:31.164805,29500.01,66.692,43.554,79,13,22.188,22.51
2025-08-12 17:43:41.162910,29510.01,67.369,43.94,79,13,22.188,22.51
2025-08-12 17:43:51.173351,29520.01,67.53,44.295,79,13,22.188,22.51
2025-08-12 17:44:01.170681,29530.01,68.11,44.488,79,13,22.188,22.51
2025-08-12 17:44:11.221441,29540.01,68.594,44.875,79,0,22.188,22.51
2025-08-12 17:44:21.165589,29550.01,69.045,45.165,79,0,22.188,22.478
2025-08-12 17:44:31.163372,29560.01,69.464,45.52,79,0,22.188,22.51
2025-08-12 17:44:41.160871,29570.01,70.012,45.648,79,0,22.188,22.51
2025-08-12 17:44:51.158155,29580.0,70.27,45.81,79,0,22.188,22.51
2025-08-12 17:45:01.169217,29590.01,70.56,45.938,79,0,22.188,22.51
2025-08-12 17:45:11.165536,29600.01,71.011,45.938,79,0,22.188,22.51
2025-08-12 17:45:21.163539,29610.01,71.301,46.003,79,0,22.188,22.51
2025-08-12 17:45:31.173991,29620.01,71.688,46.1,79,0,22.188,22.478
2025-08-12 17:45:41.171356,29630.01,71.945,46.261,79,0,22.188,22.51
2025-08-12 17:45:51.168720,29640.01,72.268,46.325,79,0,22.188,22.51
2025-08-12 17:46:01.178918,29650.01,72.203,46.422,79,0,22.188,22.478
2025-08-12 17:46:11.163402,29660.01,72.558,46.357,79,0,22.188,22.51
2025-08-12 17:46:21.160867,29670.01,72.558,46.486,79,0,22.188,22.51
2025-08-12 17:46:31.171336,29680.01,72.719,46.486,79,0,22.188,22.51
2025-08-12 17:46:41.168794,29690.01,72.848,46.647,79,0,22.188,22.51
2025-08-12 17:46:51.225602,29700.01,72.654,46.357,0,0,22.188,22.51
2025-08-12 17:47:01.164306,29710.0,72.783,46.357,0,0,22.188,22.51
2025-08-12 17:47:11.173735,29720.01,71.881,46.357,0,0,22.188,22.51
2025-08-12 17:47:21.171520,29730.01,70.56,46.325,0,0,22.188,22.51
2025-08-12 17:47:31.168676,29740.01,69.045,46.1,0,0,22.188,22.51
2025-08-12 17:47:41.166533,29750.0,67.272,46.003,0,0,22.188,22.51
2025-08-12 17:47:51.164047,29760.01,65.371,45.681,0,0,22.188,22.51
2025-08-12 17:48:01.174533,29770.01,63.405,45.391,0,0,22.188,22.51
2025-08-12 17:48:11.158791,29780.01,61.472,44.875,0,0,22.188,22.51
2025-08-12 17:48:21.169367,29790.0,59.248,44.424,0,0,22.188,22.478
2025-08-12 17:48:31.166792,29800.01,57.476,44.102,0,0,22.188,22.51
2025-08-12 17:48:41.164362,29810.01,55.703,43.747,0,0,22.188,22.51
2025-08-12 17:48:51.174789,29820.01,53.77,43.135,0,0,22.188,22.51
2025-08-12 17:49:01.172330,29830.01,52.158,42.78,0,0,22.188,22.51
2025-08-12 17:49:11.169684,29840.01,50.547,42.168,0,0,22.155,22.51
2025-08-12 17:49:21.167482,29850.01,49.258,41.717,0,0,22.188,22.51
2025-08-12 17:49:31.178277,29860.01,47.969,41.201,0,0,22.188,22.51
2025-08-12 17:49:41.163019,29870.01,46.68,40.557,0,0,22.188,22.51
2025-08-12 17:49:51.165725,29880.0,45.391,40.17,0,0,22.188,22.51
2025-08-12 17:50:01.149589,29890.0,44.424,39.59,0,0,22.188,22.51
2025-08-12 17:50:11.165864,29900.0,43.457,39.042,0,0,22.188,22.51
2025-08-12 17:50:21.173158,29910.01,42.49,38.623,0,0,22.188,22.51
2025-08-12 17:50:31.168119,29920.01,41.523,37.979,0,0,22.188,22.51
2025-08-12 17:50:41.177102,29930.01,40.557,37.656,0,0,22.188,22.51
2025-08-12 17:50:51.161144,29940.01,39.815,37.173,0,0,22.188,22.51
2025-08-12 17:51:01.171223,29950.01,38.945,36.689,0,0,22.188,22.51
2025-08-12 17:51:11.168236,29960.01,38.301,36.367,0,0,22.188,22.51
2025-08-12 17:51:21.165813,29970.0,37.656,35.755,0,0,22.188,22.51
2025-08-12 17:51:31.176038,29980.01,36.979,35.4,0,0,22.188,22.51
2025-08-12 17:51:41.173697,29990.01,36.367,35.078,0,0,22.188,22.51
2025-08-12 17:51:51.170784,30000.01,35.723,34.659,0,0,22.188,22.478
2025-08-12 17:52:01.168372,30010.01,35.11,34.111,0,0,22.188,22.51
2025-08-12 17:52:11.178487,30020.01,34.756,33.789,0,0,22.188,22.51
2025-08-12 17:52:21.162899,30030.01,34.144,33.467,0,0,22.155,22.445
2025-08-12 17:52:31.173928,30040.01,33.789,33.145,0,0,22.188,22.478
2025-08-12 17:52:41.170757,30050.01,33.306,32.822,0,0,22.188,22.51
2025-08-12 17:52:51.168604,30060.01,32.822,32.5,0,0,22.188,22.51
2025-08-12 17:53:01.165722,30070.0,32.5,32.178,0,0,22.188,22.51
2025-08-12 17:53:11.163073,30080.0,32.178,31.855,0,0,22.188,22.51
2025-08-12 17:53:21.191401,30090.01,31.823,31.533,0,0,22.188,22.445
2025-08-12 17:53:31.236324,30100.01,31.437,31.275,0,0,22.155,22.51
2025-08-12 17:53:41.168748,30110.01,31.146,31.114,0,0,22.155,22.51
2025-08-12 17:53:51.166011,30120.01,30.889,30.889,0,0,22.188,22.51
2025-08-12 17:54:01.163261,30130.0,30.566,30.566,0,0,22.188,22.478
2025-08-12 17:54:11.244076,30140.01,30.405,30.502,57,0,22.155,22.51
2025-08-12 17:54:21.157377,30150.0,30.276,30.373,57,0,22.155,22.478
2025-08-12 17:54:31.168296,30160.01,30.663,30.147,57,0,22.155,22.51
2025-08-12 17:54:41.153553,30170.0,31.501,30.051,57,0,22.188,22.51
2025-08-12 17:54:51.176000,30180.01,32.403,29.922,57,0,22.188,22.478
2025-08-12 17:55:01.160645,30190.0,33.692,29.986,57,0,22.188,22.51
2025-08-12 17:55:11.170806,30200.01,34.885,29.793,57,0,22.188,22.51
2025-08-12 17:55:21.181792,30210.01,36.271,30.019,57,0,22.188,22.478
2025-08-12 17:55:31.165833,30220.0,37.688,30.276,57,0,22.188,22.51
2025-08-12 17:55:41.163161,30230.01,38.913,30.18,57,0,22.155,22.51
2025-08-12 17:55:51.160362,30240.0,40.105,30.502,57,0,22.188,22.51
2025-08-12 17:56:01.171336,30250.01,41.427,30.824,57,0,22.155,22.51
2025-08-12 17:56:11.168710,30260.0,42.619,31.018,57,0,22.188,22.478
2025-08-12 17:56:21.241979,30270.01,43.65,31.308,47,0,22.188,22.478
2025-08-12 17:56:31.162801,30280.01,44.778,31.63,47,0,22.188,22.51
2025-08-12 17:56:41.173171,30290.0,45.552,31.888,47,0,22.188,22.51
2025-08-12 17:56:51.170894,30300.01,46.325,32.178,47,0,22.188,22.445
2025-08-12 17:57:01.168580,30310.01,47.034,32.597,47,0,22.123,22.478
2025-08-12 17:57:11.165715,30320.01,47.711,32.693,47,0,22.188,22.478
2025-08-12 17:57:21.176428,30330.01,48.291,33.145,47,0,22.188,22.478
2025-08-12 17:57:31.174830,30340.01,48.742,33.402,47,0,22.188,22.478
2025-08-12 17:57:41.171702,30350.01,49.193,33.66,47,0,22.188,22.478
2025-08-12 17:57:51.168635,30360.01,49.548,33.854,47,0,22.188,22.51
2025-08-12 17:58:01.167281,30370.01,50.031,34.111,47,0,22.188,22.478
2025-08-12 17:58:11.176662,30380.01,50.354,34.305,47,0,22.188,22.478
2025-08-12 17:58:21.161509,30390.01,50.579,34.627,47,0,22.188,22.51
2025-08-12 17:58:31.171334,30400.01,50.805,34.659,47,0,22.188,22.51
2025-08-12 17:58:41.169177,30410.0,51.127,34.949,47,0,22.188,22.381
2025-08-12 17:58:51.167369,30420.01,51.385,35.239,47,0,22.188,22.413
2025-08-12 17:59:01.163812,30430.01,51.771,35.271,47,0,22.188,22.51
2025-08-12 17:59:11.239356,30440.01,52.094,36.142,47,77,22.188,22.445
2025-08-12 17:59:21.172224,30450.01,52.158,35.98,47,77,22.188,22.478
2025-08-12 17:59:31.169113,30460.01,52.674,37.044,47,77,22.188,22.478
2025-08-12 17:59:41.166249,30470.01,52.738,37.882,47,77,22.188,22.478
2025-08-12 17:59:51.163767,30480.01,53.061,39.139,47,77,22.188,22.51
2025-08-12 18:00:01.174443,30490.01,53.061,40.17,47,77,22.188,22.381
2025-08-12 18:00:11.171739,30500.01,53.318,41.137,47,77,22.188,22.445
2025-08-12 18:00:21.170026,30510.01,53.576,42.297,47,77,22.188,22.478
2025-08-12 18:00:31.166606,30520.01,54.221,44.198,47,77,22.188,22.51
2025-08-12 18:00:41.176782,30530.01,54.511,45.165,47,77,22.188,22.445
2025-08-12 18:00:51.161671,30540.01,54.833,46.293,47,77,22.188,22.478
2025-08-12 18:01:01.160001,30550.01,55.091,47.195,47,77,22.188,22.51
2025-08-12 18:01:11.169553,30560.01,55.445,47.711,47,77,22.188,22.445
2025-08-12 18:01:21.168648,30570.01,55.961,49.161,47,77,22.188,22.478
2025-08-12 18:01:31.235658,30580.01,56.122,50.225,49,77,22.091,22.349
2025-08-12 18:01:41.162370,30590.01,56.605,51.063,49,77,22.091,22.381
2025-08-12 18:01:51.172440,30600.01,56.477,51.417,49,77,22.155,22.478
2025-08-12 18:02:01.169866,30610.01,56.992,52.416,49,77,22.091,22.445
2025-08-12 18:02:11.167398,30620.01,57.572,53.318,49,77,22.091,22.478
2025-08-12 18:02:21.164984,30630.01,57.701,53.641,49,77,22.091,22.445
2025-08-12 18:02:31.175973,30640.01,58.056,54.672,49,77,21.93,22.51
2025-08-12 18:02:41.173595,30650.01,58.152,55.22,49,77,22.059,22.478
2025-08-12 18:02:51.170461,30660.01,58.281,55.606,49,77,22.059,22.51
2025-08-12 18:03:01.168124,30670.01,58.861,56.219,49,77,22.155,22.381
2025-08-12 18:03:11.165726,30680.01,59.248,56.734,49,77,22.188,22.478
2025-08-12 18:03:21.175975,30690.01,59.603,57.25,49,77,22.188,22.445
2025-08-12 18:03:31.173411,30700.01,59.667,57.637,49,77,22.059,22.445
2025-08-12 18:03:41.170532,30710.01,60.086,58.056,49,77,22.155,22.252
2025-08-12 18:03:51.168826,30720.01,60.537,58.475,49,77,22.155,22.51
2025-08-12 18:04:01.165232,30730.0,60.795,58.829,49,77,22.188,22.51
2025-08-12 18:04:11.162660,30740.0,60.859,59.377,49,77,22.188,22.478
2025-08-12 18:04:21.173212,30750.01,61.053,59.603,49,77,22.155,22.51
2025-08-12 18:04:31.170569,30760.01,61.053,59.506,49,77,22.188,22.51
2025-08-12 18:04:41.169302,30770.01,61.601,60.279,49,77,22.188,22.478
2025-08-12 18:04:51.165431,30780.01,61.729,59.893,49,77,22.155,22.478
2025-08-12 18:05:01.161807,30790.01,61.891,60.376,49,77,22.188,22.478
2025-08-12 18:05:11.160556,30800.01,61.955,60.408,49,77,22.155,22.51
2025-08-12 18:05:21.169524,30810.01,62.213,60.988,49,77,22.155,22.51
2025-08-12 18:05:31.154214,30820.0,62.471,61.762,49,77,22.188,22.51
2025-08-12 18:05:41.164610,30830.01,62.761,61.633,49,77,22.091,22.478
2025-08-12 18:05:51.161995,30840.0,62.632,61.794,49,77,22.123,22.413
2025-08-12 18:06:01.172527,30850.01,62.729,61.955,49,77,22.188,22.51
2025-08-12 18:06:11.170038,30860.01,62.793,62.116,49,77,22.188,22.51
2025-08-12 18:06:21.166728,30870.01,62.567,61.891,49,77,22.123,22.51
2025-08-12 18:06:31.178011,30880.01,62.857,62.213,49,77,22.155,22.478
2025-08-12 18:06:41.219276,30890.01,62.922,62.052,49,0,22.188,22.51
2025-08-12 18:06:51.159033,30900.0,63.115,61.987,49,0,22.188,22.445
2025-08-12 18:07:01.231147,30910.01,63.115,61.504,0,0,22.123,22.51
2025-08-12 18:07:11.166824,30920.01,62.825,60.859,0,0,22.188,22.478
2025-08-12 18:07:21.164195,30930.01,62.471,59.893,0,0,22.188,22.51
2025-08-12 18:07:31.176440,30940.01,61.794,58.926,0,0,22.155,22.51
2025-08-12 18:07:41.159567,30950.0,60.537,57.669,0,0,22.188,22.478
2025-08-12 18:07:51.169944,30960.01,59.248,56.605,0,0,22.188,22.478
2025-08-12 18:08:01.154448,30970.01,57.959,55.381,0,0,22.155,22.381
2025-08-12 18:08:11.177889,30980.01,56.348,54.092,0,0,22.188,22.478
2025-08-12 18:08:21.174684,30990.01,55.059,53.093,0,0,22.188,22.51
2025-08-12 18:08:31.159121,31000.01,53.447,51.836,0,0,22.123,22.478
2025-08-12 18:08:41.169768,31010.0,52.158,50.579,0,0,22.155,22.478
2025-08-12 18:08:51.223856,31020.01,50.676,49.58,0,0,22.188,22.445
2025-08-12 18:09:01.164234,31030.0,49.483,48.613,0,0,22.188,22.478
2025-08-12 18:09:11.174681,31040.01,48.291,47.485,0,0,22.091,22.478
2025-08-12 18:09:21.171674,31050.0,47.002,46.583,0,0,22.155,22.51
2025-08-12 18:09:31.169441,31060.01,46.035,45.584,0,0,22.155,22.51
2025-08-12 18:09:41.179831,31070.01,44.875,44.746,0,0,22.123,22.51
2025-08-12 18:09:51.163795,31080.01,43.812,43.779,0,0,22.188,22.51
2025-08-12 18:10:01.174524,31090.0,43.103,43.135,0,0,22.155,22.478
2025-08-12 18:10:11.171943,31100.01,42.168,42.265,0,0,22.155,22.478
2025-08-12 18:10:21.169126,31110.0,41.233,41.523,0,0,22.155,22.478
2025-08-12 18:10:31.179637,31120.01,40.557,40.847,0,0,22.188,22.478
2025-08-12 18:10:41.181008,31130.01,39.654,40.041,0,0,22.188,22.413
2025-08-12 18:10:51.167912,31140.0,38.945,39.332,0,0,22.188,22.51
2025-08-12 18:11:01.166749,31150.01,38.301,38.688,0,0,22.188,22.51
2025-08-12 18:11:11.164783,31160.01,37.656,38.172,0,0,22.188,22.51
2025-08-12 18:11:21.162230,31170.01,37.012,37.656,0,0,22.188,22.478
2025-08-12 18:11:31.173029,31180.01,36.367,37.012,0,0,22.188,22.445
2025-08-12 18:11:41.170674,31190.01,35.723,36.367,0,0,22.188,22.381
2025-08-12 18:11:51.168371,31200.01,35.207,36.045,0,0,22.188,22.284
2025-08-12 18:12:01.178941,31210.01,34.756,35.433,0,0,22.155,22.413
2025-08-12 18:12:11.176261,31220.01,34.272,35.078,0,0,22.188,22.445
2025-08-12 18:12:21.173535,31230.01,33.789,34.595,0,0,22.188,22.381
2025-08-12 18:12:31.158483,31240.01,33.467,34.111,0,0,22.188,22.445
2025-08-12 18:12:41.169166,31250.01,33.016,33.789,0,0,22.188,22.51
2025-08-12 18:12:51.166537,31260.01,32.597,33.435,0,0,22.188,22.349
2025-08-12 18:13:01.163523,31270.01,32.242,32.983,0,0,22.188,22.478
2025-08-12 18:13:11.161455,31280.0,31.855,32.532,0,0,22.188,22.51
2025-08-12 18:13:21.171928,31290.01,31.533,32.242,0,0,22.188,22.51
2025-08-12 18:13:31.181046,31300.01,31.211,31.855,0,0,22.155,22.478
2025-08-12 18:13:41.178386,31310.01,30.889,31.662,0,0,22.188,22.445
2025-08-12 18:13:51.175848,31320.01,30.663,31.308,0,0,22.188,22.51
2025-08-12 18:14:01.173367,31330.01,30.309,31.146,0,0,22.155,22.445
2025-08-12 18:14:11.233458,31340.01,30.115,31.533,0,78,22.188,22.51
2025-08-12 18:14:21.167730,31350.01,30.115,31.275,0,78,22.188,22.445
2025-08-12 18:14:31.165405,31360.01,29.825,30.889,0,78,21.994,22.413
2025-08-12 18:14:41.175571,31370.01,29.664,31.662,0,78,22.026,22.413
2025-08-12 18:14:51.173762,31380.01,29.632,33.048,0,78,22.123,22.316
2025-08-12 18:15:01.239809,31390.01,29.6,33.402,33,78,22.091,22.478
2025-08-12 18:15:11.180473,31400.01,29.535,34.724,33,78,22.091,22.316
2025-08-12 18:15:21.178352,31410.01,30.083,36.013,33,78,21.994,22.316
2025-08-12 18:15:31.176035,31420.01,30.663,36.915,33,78,22.091,22.445
2025-08-12 18:15:41.173502,31430.01,31.34,37.173,33,78,22.123,22.413
2025-08-12 18:15:51.171635,31440.01,32.242,38.269,33,78,21.93,22.413
2025-08-12 18:16:01.168812,31450.01,33.016,39.139,33,78,21.994,22.22
2025-08-12 18:16:11.166375,31460.01,34.111,40.363,33,78,22.059,22.349
2025-08-12 18:16:21.177584,31470.01,35.271,41.491,33,78,22.091,22.413
2025-08-12 18:16:31.174031,31480.01,36.109,42.555,33,78,22.059,22.413
2025-08-12 18:16:41.171769,31490.01,37.012,43.425,33,78,22.091,22.316
2025-08-12 18:16:51.182315,31500.01,37.882,44.359,33,78,22.091,22.349
2025-08-12 18:17:01.166807,31510.01,38.494,44.811,33,78,22.155,22.413
2025-08-12 18:17:11.164373,31520.0,39.622,45.423,33,78,22.059,22.478
2025-08-12 18:17:21.161984,31530.0,40.524,46.519,33,78,21.994,22.478
2025-08-12 18:17:31.185084,31540.01,40.976,47.292,33,78,21.93,22.284
2025-08-12 18:17:41.169814,31550.01,41.91,48.194,33,78,22.026,22.413
2025-08-12 18:17:51.180219,31560.01,42.555,48.678,33,78,22.059,22.381
2025-08-12 18:18:01.165424,31570.01,43.296,49.161,33,78,22.059,22.381
2025-08-12 18:18:11.168172,31580.0,43.94,50.128,33,78,21.962,22.349
2025-08-12 18:18:21.172920,31590.01,44.617,49.999,33,78,22.059,22.381
2025-08-12 18:18:31.170255,31600.0,45.036,51.224,33,78,22.026,22.349
2025-08-12 18:18:41.168719,31610.01,45.616,51.578,33,78,22.026,22.349
2025-08-12 18:18:51.179067,31620.01,46.067,52.19,33,78,21.994,22.349
2025-08-12 18:19:01.163142,31630.0,46.615,52.48,33,78,22.155,22.349
2025-08-12 18:19:11.173244,31640.01,47.099,52.867,33,78,21.994,22.381
2025-08-12 18:19:21.170723,31650.01,47.679,53.673,33,78,22.059,22.381
2025-08-12 18:19:31.167903,31660.01,48.033,53.834,33,78,22.091,22.445
2025-08-12 18:19:41.165473,31670.01,48.355,54.446,33,78,21.994,22.349
2025-08-12 18:19:51.176019,31680.01,48.678,54.704,33,78,22.091,22.381
2025-08-12 18:20:01.173763,31690.01,49.161,55.091,33,78,22.059,22.413
2025-08-12 18:20:11.170815,31700.01,49.548,55.026,33,78,22.026,22.413
2025-08-12 18:20:21.155162,31710.0,49.838,56.025,33,78,22.091,22.445
2025-08-12 18:20:31.165306,31720.01,50.096,56.122,33,78,22.091,22.478
2025-08-12 18:20:41.163123,31730.0,50.063,55.735,33,78,21.93,22.445
2025-08-12 18:20:51.174335,31740.01,50.611,56.38,33,78,22.091,22.413
2025-08-12 18:21:01.171574,31750.01,50.934,56.573,33,78,22.059,22.381
2025-08-12 18:21:11.168438,31760.01,51.063,56.638,33,78,22.059,22.381
2025-08-12 18:21:21.178810,31770.01,51.417,57.121,33,78,22.026,22.445
2025-08-12 18:21:31.175942,31780.01,51.514,57.282,33,78,22.026,22.381
2025-08-12 18:21:41.161551,31790.0,51.868,57.766,33,78,22.091,22.413
2025-08-12 18:21:51.171923,31800.01,52.029,57.411,33,78,22.059,22.478
2025-08-12 18:22:01.169503,31810.01,52.416,58.217,33,78,22.091,22.445
2025-08-12 18:22:11.179873,31820.01,52.352,57.637,33,78,22.155,22.381
2025-08-12 18:22:21.164034,31830.0,52.609,58.023,33,78,22.123,22.445
2025-08-12 18:22:31.227048,31840.01,52.674,58.281,0,78,22.155,22.381
2025-08-12 18:22:41.159720,31850.01,52.803,58.12,0,78,22.155,22.316
2025-08-12 18:22:51.170560,31860.01,52.352,58.507,0,78,22.188,22.413
2025-08-12 18:23:01.168515,31870.01,52.158,58.797,0,78,22.155,22.381
2025-08-12 18:23:11.178347,31880.01,51.514,58.765,0,78,22.155,22.316
2025-08-12 18:23:21.162598,31890.0,50.644,58.797,0,78,22.155,22.413
2025-08-12 18:23:31.226203,31900.01,49.741,58.281,0,0,22.123,22.445
2025-08-12 18:23:41.171272,31910.01,48.936,57.959,0,0,22.155,22.349
2025-08-12 18:23:51.168886,31920.0,47.969,57.379,0,0,22.188,22.381
2025-08-12 18:24:01.165830,31930.01,47.324,56.638,0,0,22.188,22.445
2025-08-12 18:24:11.163482,31940.01,46.519,55.381,0,0,22.155,22.445
2025-08-12 18:24:21.173825,31950.01,45.713,54.124,0,0,22.188,22.381
2025-08-12 18:24:31.170763,31960.01,44.972,53.093,0,0,22.091,22.284
2025-08-12 18:24:41.168858,31970.01,44.102,51.546,0,0,22.188,22.445
2025-08-12 18:24:51.166330,31980.01,43.296,50.418,0,0,22.123,22.252
2025-08-12 18:25:01.177404,31990.01,42.49,49.258,0,0,22.155,22.413
2025-08-12 18:25:11.174304,32000.01,41.846,47.969,0,0,22.188,22.316
2025-08-12 18:25:21.172026,32010.01,41.201,46.873,0,0,22.188,22.349
2025-08-12 18:25:31.169348,32020.01,40.428,45.713,0,0,22.155,22.381
2025-08-12 18:25:41.167671,32030.01,39.848,44.746,0,0,22.123,22.284
2025-08-12 18:25:51.178070,32040.01,39.074,43.779,0,0,22.155,22.381
2025-08-12 18:26:01.175304,32050.01,38.301,42.78,0,0,21.994,22.349
2025-08-12 18:26:11.172624,32060.01,37.785,41.846,0,0,21.994,22.381
2025-08-12 18:26:21.170235,32070.01,37.334,40.911,0,0,21.865,22.349
2025-08-12 18:26:31.180101,32080.01,36.689,40.234,0,0,21.897,22.188
2025-08-12 18:26:41.165230,32090.01,36.045,39.525,0,0,21.865,22.22
2025-08-12 18:26:51.175836,32100.01,35.658,38.623,0,0,21.93,22.252
2025-08-12 18:27:01.173165,32110.01,35.078,37.979,0,0,21.897,22.284
2025-08-12 18:27:11.170551,32120.01,34.466,37.334,0,0,21.962,22.316
2025-08-12 18:27:21.180969,32130.01,34.111,36.722,0,0,21.93,22.316
2025-08-12 18:27:31.165676,32140.01,33.789,36.335,0,0,21.93,22.284
2025-08-12 18:27:41.176548,32150.01,33.467,35.723,0,0,21.93,22.316
2025-08-12 18:27:51.160558,32160.01,32.919,35.11,0,0,21.865,22.22
2025-08-12 18:28:01.170983,32170.0,32.5,34.756,0,0,21.962,22.252
2025-08-12 18:28:11.155615,32180.0,32.21,34.111,0,0,21.994,22.188
2025-08-12 18:28:21.165894,32190.01,31.855,33.789,0,0,21.962,22.316
2025-08-12 18:28:31.163450,32200.01,31.533,33.37,0,0,21.962,22.349
2025-08-12 18:28:41.174895,32210.01,31.211,32.822,0,0,21.994,22.316
2025-08-12 18:28:51.171565,32220.01,30.889,32.5,0,0,21.93,22.284
2025-08-12 18:29:01.156825,32230.0,30.566,32.178,0,0,21.962,22.22
2025-08-12 18:29:11.154090,32240.0,30.405,31.855,0,0,21.93,22.316
2025-08-12 18:29:21.164254,32250.01,30.18,31.533,0,0,21.865,22.284
2025-08-12 18:29:31.170854,32260.01,29.922,31.211,0,0,21.93,22.316
2025-08-12 18:29:41.161426,32270.0,29.6,30.889,0,0,21.897,22.188
2025-08-12 18:29:51.166720,32280.01,29.535,30.566,0,0,21.93,22.252
2025-08-12 18:30:01.162079,32290.0,29.277,30.244,0,0,21.93,22.252
2025-08-12 18:30:11.171441,32300.01,28.955,30.019,0,0,21.93,22.349
2025-08-12 18:30:21.169135,32310.01,28.955,29.922,0,0,21.962,22.252
2025-08-12 18:30:31.165545,32320.01,28.633,29.6,0,0,22.026,22.413
2025-08-12 18:30:41.163315,32330.01,28.407,29.277,0,0,21.897,22.381
2025-08-12 18:30:51.230312,32340.01,28.311,29.116,0,0,21.994,22.316
2025-08-12 18:31:01.170417,32350.0,28.182,28.955,0,0,21.994,22.381
2025-08-12 18:31:11.181238,32360.01,27.988,28.633,0,0,21.994,22.445
2025-08-12 18:31:21.178158,32370.01,27.892,28.601,0,0,21.994,22.413
2025-08-12 18:31:31.239844,32380.02,27.666,28.311,0,0,22.059,22.381
2025-08-12 18:31:41.173510,32390.01,27.634,28.053,0,0,21.897,22.349
2025-08-12 18:31:51.170806,32400.01,27.344,27.988,0,0,21.93,22.349
2025-08-12 18:32:01.168693,32410.01,27.344,27.73,0,0,22.059,22.316
2025-08-12 18:32:11.166013,32420.01,27.118,27.666,0,0,21.994,22.22
2025-08-12 18:32:21.177583,32430.01,27.021,27.634,0,0,21.897,22.349
2025-08-12 18:32:31.173772,32440.01,27.021,27.344,0,0,21.994,22.349
2025-08-12 18:32:41.171509,32450.01,26.764,27.344,0,0,22.026,22.349
2025-08-12 18:32:51.168916,32460.01,26.699,27.215,0,0,22.091,22.284
2025-08-12 18:33:01.179709,32470.01,26.699,27.021,0,0,21.865,22.284
2025-08-12 18:33:11.176790,32480.01,26.506,26.989,0,0,21.962,22.284
2025-08-12 18:33:21.239081,32490.0,26.506,27.021,0,38,21.865,22.252
2025-08-12 18:33:31.171847,32500.01,26.474,26.731,0,38,21.897,22.22
2025-08-12 18:33:41.169942,32510.01,26.377,27.247,0,38,21.93,22.252
2025-08-12 18:33:51.167994,32520.01,26.345,27.473,0,38,21.865,22.284
2025-08-12 18:34:01.165477,32530.01,26.184,27.924,0,38,21.897,22.284
2025-08-12 18:34:11.163368,32540.0,26.216,28.246,0,38,21.897,22.22
2025-08-12 18:34:21.173510,32550.01,26.184,28.891,0,38,21.93,22.252
2025-08-12 18:34:31.237789,32560.01,26.506,29.793,55,38,21.994,22.252
2025-08-12 18:34:41.167888,32570.01,26.699,29.761,55,38,21.994,22.22
2025-08-12 18:34:51.178521,32580.01,27.312,30.438,55,38,22.091,22.188
2025-08-12 18:35:01.176728,32590.01,28.214,31.05,55,38,22.123,22.284
2025-08-12 18:35:11.173409,32600.0,29.503,31.275,55,38,21.897,22.252
2025-08-12 18:35:21.171161,32610.01,30.953,32.242,55,38,22.123,22.22
2025-08-12 18:35:31.167907,32620.0,32.307,32.564,55,38,22.155,22.316
2025-08-12 18:35:41.165511,32630.0,34.111,33.402,55,38,22.059,22.252
2025-08-12 18:35:51.176338,32640.01,35.433,33.918,55,38,22.091,22.22
2025-08-12 18:36:01.173295,32650.01,36.947,34.691,55,38,22.155,22.188
2025-08-12 18:36:11.170822,32660.01,38.43,35.11,55,38,22.026,22.252
2025-08-12 18:36:21.168173,32670.01,39.815,35.658,55,38,21.994,22.188
2025-08-12 18:36:31.165201,32680.01,41.169,36.464,55,38,21.93,22.22
2025-08-12 18:36:41.162878,32690.01,42.361,37.173,55,38,21.994,22.188
2025-08-12 18:36:51.173301,32700.01,43.586,37.431,55,38,21.897,22.188
2025-08-12 18:37:01.234089,32710.01,44.617,38.14,0,38,21.994,22.252
2025-08-12 18:37:11.180909,32720.01,45.616,38.881,0,38,22.026,22.188
2025-08-12 18:37:21.165417,32730.01,46.229,39.396,0,38,21.962,22.188
2025-08-12 18:37:31.175065,32740.01,46.035,39.751,0,38,21.962,22.22
2025-08-12 18:37:41.172564,32750.0,45.713,40.331,0,38,21.897,22.188
2025-08-12 18:37:51.169679,32760.01,45.455,40.879,0,38,21.994,22.284
2025-08-12 18:38:01.167216,32770.01,44.875,41.362,0,38,21.897,22.188
2025-08-12 18:38:11.169460,32780.0,44.166,41.201,0,38,21.93,22.22
2025-08-12 18:38:21.175133,32790.01,43.489,41.942,0,38,21.93,22.188
2025-08-12 18:38:31.172544,32800.01,42.845,41.846,0,38,21.93,22.188
2025-08-12 18:38:41.169655,32810.01,42.007,41.975,0,38,21.865,22.188
2025-08-12 18:38:51.181061,32820.01,41.33,41.846,0,38,21.865,22.188
2025-08-12 18:39:01.166488,32830.01,40.718,41.846,0,38,21.865,22.188
2025-08-12 18:39:11.175206,32840.01,39.912,42.232,0,38,21.865,22.188
2025-08-12 18:39:21.172320,32850.01,39.461,42.265,0,38,21.865,22.188
2025-08-12 18:39:31.169604,32860.01,38.752,42.394,0,38,21.897,22.188
2025-08-12 18:39:41.180562,32870.01,38.269,42.104,0,38,21.865,22.188
2025-08-12 18:39:51.164482,32880.01,37.753,42.007,0,38,21.865,22.188
2025-08-12 18:40:01.174939,32890.01,37.366,41.878,0,38,21.865,22.188
2025-08-12 18:40:11.172126,32900.01,36.722,42.104,0,38,21.865,22.188
2025-08-12 18:40:21.169530,32910.01,36.367,41.975,0,38,21.865,22.188
2025-08-12 18:40:31.166991,32920.01,36.077,42.071,0,38,21.865,22.188
2025-08-12 18:40:41.177383,32930.01,35.658,42.039,0,38,21.865,22.188
2025-08-12 18:40:51.236369,32940.01,35.304,41.523,0,38,21.865,22.188
2025-08-12 18:41:01.171877,32950.0,35.078,41.652,0,38,21.865,22.22
2025-08-12 18:41:11.239871,32960.01,35.014,42.007,72,38,21.865,22.188
2025-08-12 18:41:21.166588,32970.01,34.917,41.685,72,38,21.865,22.22
2025-08-12 18:41:31.164269,32980.01,35.368,41.91,72,38,21.897,22.252
2025-08-12 18:41:41.163614,32990.01,36.303,41.846,72,38,21.865,22.22
2025-08-12 18:41:51.173227,33000.01,37.656,41.813,72,38,21.865,22.188
2025-08-12 18:42:01.168877,33010.01,39.139,41.975,72,38,21.865,22.188
2025-08-12 18:42:11.232768,33020.01,40.589,41.878,11,38,21.865,22.252
2025-08-12 18:42:21.164054,33030.0,42.071,42.104,11,38,21.897,22.188
2025-08-12 18:42:31.161046,33040.0,43.07,42.265,11,38,21.865,22.22
2025-08-12 18:42:41.170784,33050.01,43.715,42.329,11,38,21.897,22.188
2025-08-12 18:42:51.168645,33060.01,43.908,42.522,11,38,21.865,22.188
2025-08-12 18:43:01.223527,33070.01,43.973,42.587,11,0,21.865,22.188
2025-08-12 18:43:11.163467,33080.01,43.812,42.845,11,0,21.865,22.188
2025-08-12 18:43:21.174383,33090.0,43.779,42.716,11,0,21.865,22.188
2025-08-12 18:43:31.158686,33100.01,43.489,42.49,11,0,21.897,22.188
2025-08-12 18:43:41.168597,33110.01,43.135,42.136,11,0,21.865,22.188
2025-08-12 18:43:51.167776,33120.01,42.78,41.62,11,0,21.865,22.188
2025-08-12 18:44:01.176657,33130.01,42.49,41.266,11,0,21.865,22.188
2025-08-12 18:44:11.161407,33140.01,41.975,40.589,11,0,21.865,22.188
2025-08-12 18:44:21.172161,33150.01,41.588,40.138,11,0,21.865,22.188
2025-08-12 18:44:31.168670,33160.01,41.233,39.558,11,0,21.865,22.188
2025-08-12 18:44:41.166076,33170.01,40.814,39.01,11,0,21.865,22.22
2025-08-12 18:44:51.163284,33180.0,40.299,38.591,11,0,21.897,22.188
2025-08-12 18:45:01.174028,33190.01,39.977,38.043,11,0,21.865,22.22
2025-08-12 18:45:11.171005,33200.01,39.654,37.721,11,0,21.865,22.22
2025-08-12 18:45:21.168544,33210.01,39.332,37.205,11,0,21.865,22.188
2025-08-12 18:45:31.165796,33220.0,38.945,36.754,11,0,21.865,22.188
2025-08-12 18:45:41.163271,33230.0,38.688,36.464,11,0,21.897,22.188
2025-08-12 18:45:51.172922,33240.01,38.365,36.109,11,0,21.865,22.22
2025-08-12 18:46:01.170295,33250.01,38.043,35.787,11,0,21.865,22.188
2025-08-12 18:46:11.169126,33260.0,37.721,35.143,11,0,21.865,22.188
2025-08-12 18:46:21.166183,33270.01,37.495,34.885,11,0,21.865,22.188
2025-08-12 18:46:31.175312,33280.01,37.302,34.466,11,0,21.865,22.188
2025-08-12 18:46:41.172873,33290.01,37.108,34.24,11,0,21.865,22.188
2025-08-12 18:46:51.170817,33300.0,36.754,33.918,11,0,21.865,22.188
2025-08-12 18:47:01.237818,33310.01,36.689,33.854,59,0,21.865,22.188
2025-08-12 18:47:11.166389,33320.01,36.561,33.628,59,0,21.865,22.188
2025-08-12 18:47:21.175784,33330.01,37.012,33.402,59,0,21.865,22.188
2025-08-12 18:47:31.172853,33340.01,37.624,33.273,59,0,21.897,22.188
2025-08-12 18:47:41.170226,33350.0,38.623,33.08,59,0,21.897,22.188
2025-08-12 18:47:51.164840,33360.01,39.493,33.177,59,0,21.865,22.188
2025-08-12 18:48:01.166822,33370.0,40.621,33.08,59,0,21.865,22.188
2025-08-12 18:48:11.174078,33380.01,41.588,33.08,59,0,21.93,22.188
2025-08-12 18:48:21.169117,33390.01,42.716,33.016,59,0,21.865,22.188
2025-08-12 18:48:31.178468,33400.01,43.779,33.209,59,0,21.865,22.188
2025-08-12 18:48:41.163036,33410.01,44.875,33.273,59,0,21.865,22.188
2025-08-12 18:48:51.172244,33420.01,45.874,33.37,59,0,21.865,22.188
2025-08-12 18:49:01.169362,33430.01,47.034,33.757,59,0,21.865,22.188
2025-08-12 18:49:11.180084,33440.01,47.84,33.886,59,0,21.865,22.188
2025-08-12 18:49:21.164056,33450.01,48.549,34.047,59,0,21.865,22.188
2025-08-12 18:49:31.174385,33460.01,49.645,34.434,59,0,21.897,22.22
2025-08-12 18:49:41.158473,33470.01,50.354,34.53,59,0,21.865,22.188
2025-08-12 18:49:51.168939,33480.01,51.03,34.853,59,0,21.865,22.188
2025-08-12 18:50:01.166125,33490.01,51.61,35.175,59,0,21.865,22.188
2025-08-12 18:50:11.163653,33500.0,52.384,35.433,59,0,21.865,22.188
2025-08-12 18:50:21.174631,33510.01,53.125,35.658,59,0,21.865,22.188
2025-08-12 18:50:31.158061,33520.0,53.673,35.948,59,0,21.865,22.188
2025-08-12 18:50:41.168859,33530.01,54.221,36.142,59,0,21.865,22.188
2025-08-12 18:50:51.166061,33540.01,54.672,36.367,59,0,21.865,22.188
2025-08-12 18:51:01.164007,33550.01,55.349,36.593,59,0,21.865,22.22
2025-08-12 18:51:11.160795,33560.0,55.735,36.883,59,0,21.865,22.188
2025-08-12 18:51:21.158286,33570.0,56.09,37.108,59,0,21.865,22.188
2025-08-12 18:51:31.167899,33580.01,56.573,37.205,59,0,21.865,22.188
2025-08-12 18:51:41.165888,33590.01,56.831,37.656,59,0,21.865,22.188
2025-08-12 18:51:51.223327,33600.01,57.218,37.85,59,0,21.865,22.188
2025-08-12 18:52:01.160810,33610.01,57.508,38.043,59,0,21.865,22.188
2025-08-12 18:52:11.233506,33620.01,57.637,37.946,0,0,21.865,22.188
2025-08-12 18:52:21.168029,33630.01,57.959,37.979,0,0,21.865,22.188
2025-08-12 18:52:31.164677,33640.01,57.443,38.301,0,0,21.865,22.188
2025-08-12 18:52:41.176376,33650.01,56.67,38.301,0,0,21.865,22.188
2025-08-12 18:52:51.172734,33660.01,55.574,38.301,0,0,21.865,22.188
2025-08-12 18:53:01.157204,33670.0,54.156,38.301,0,0,21.865,22.188
2025-08-12 18:53:11.181329,33680.01,52.835,38.236,0,0,21.865,22.188
2025-08-12 18:53:21.164904,33690.0,51.514,37.979,0,0,21.865,22.188
2025-08-12 18:53:31.162552,33700.0,50.225,37.946,0,0,21.865,22.188
2025-08-12 18:53:41.172373,33710.01,48.936,37.656,0,0,21.865,22.188
2025-08-12 18:53:51.170398,33720.01,47.582,37.334,0,0,21.865,22.188
2025-08-12 18:54:01.180254,33730.01,46.196,37.173,0,0,21.865,22.188
2025-08-12 18:54:11.164937,33740.01,45.068,36.915,0,0,21.865,22.188
2025-08-12 18:54:21.161159,33750.0,43.973,36.689,0,0,21.865,22.188
2025-08-12 18:54:31.158802,33760.01,42.813,36.367,0,0,21.865,22.188
2025-08-12 18:54:41.169215,33770.01,41.846,36.045,0,0,21.865,22.188
2025-08-12 18:54:51.179661,33780.01,40.879,35.69,0,0,21.865,22.188
2025-08-12 18:55:01.176414,33790.01,39.912,35.4,0,0,21.865,22.188
2025-08-12 18:55:11.173759,33800.01,39.106,35.014,0,0,21.865,22.188
2025-08-12 18:55:21.171565,33810.01,38.301,34.498,0,0,21.865,22.188
2025-08-12 18:55:31.168165,33820.01,37.656,34.176,0,0,21.865,22.188
2025-08-12 18:55:41.166158,33830.0,36.979,33.789,0,0,21.865,22.188
2025-08-12 18:55:51.176085,33840.01,36.335,33.467,0,0,21.865,22.188
2025-08-12 18:56:01.173562,33850.01,35.69,33.209,0,0,21.865,22.188
2025-08-12 18:56:11.170867,33860.0,35.078,32.919,0,0,21.865,22.188
2025-08-12 18:56:21.181403,33870.01,34.434,32.564,0,0,21.865,22.188
2025-08-12 18:56:31.165041,33880.01,33.95,32.307,0,0,21.865,22.188
2025-08-12 18:56:41.175409,33890.01,33.467,32.017,0,0,21.865,22.188
2025-08-12 18:56:51.173189,33900.01,33.016,31.823,0,0,21.865,22.188
2025-08-12 18:57:01.157718,33910.0,32.5,31.533,0,0,21.865,22.188
2025-08-12 18:57:11.181969,33920.01,32.178,31.211,0,0,21.865,22.188
2025-08-12 18:57:21.164986,33930.0,31.791,30.889,0,0,21.865,22.188
2025-08-12 18:57:31.174887,33940.01,31.34,30.566,0,0,21.865,22.188
2025-08-12 18:57:41.224195,33950.01,30.889,30.244,0,0,21.865,22.188
2025-08-12 18:57:51.170484,33960.01,30.695,30.18,0,0,21.865,22.188
2025-08-12 18:58:01.167697,33970.01,30.47,29.922,0,0,21.865,22.188
2025-08-12 18:58:11.165405,33980.0,30.115,29.6,0,0,21.865,22.188
2025-08-12 18:58:21.174776,33990.01,29.825,29.374,0,0,21.865,22.188
2025-08-12 18:58:31.172055,34000.01,29.6,29.277,0,0,21.865,22.188
2025-08-12 18:58:41.170058,34010.01,29.277,28.955,0,0,21.865,22.188
2025-08-12 18:58:51.166964,34020.0,28.955,28.955,0,0,21.865,22.188
2025-08-12 18:59:01.177015,34030.01,28.794,28.633,0,0,21.865,22.188
2025-08-12 18:59:11.162064,34040.0,28.633,28.504,0,0,21.865,22.188
2025-08-12 18:59:21.171455,34050.01,28.311,28.311,0,0,21.865,22.188
2025-08-12 18:59:31.168487,34060.01,28.246,28.149,0,0,21.865,22.188
2025-08-12 18:59:41.245640,34070.01,28.149,28.085,30,0,21.865,22.188
2025-08-12 18:59:51.164107,34080.0,28.053,28.117,30,0,21.865,22.188
2025-08-12 19:00:01.173532,34090.01,28.117,27.763,30,0,21.865,22.188
2025-08-12 19:00:11.170897,34100.01,28.568,27.763,30,0,21.865,22.188
2025-08-12 19:00:21.181432,34110.01,29.02,27.73,30,0,21.865,22.188
2025-08-12 19:00:31.165660,34120.01,29.567,27.698,30,0,21.865,22.188
2025-08-12 19:00:41.175942,34130.0,30.244,27.473,30,0,21.865,22.188
2025-08-12 19:00:51.233067,34140.01,30.856,27.569,0,0,21.865,22.188
2025-08-12 19:01:01.169877,34150.0,31.211,27.602,0,0,21.865,22.188
2025-08-12 19:01:11.167431,34160.0,31.727,27.602,0,0,21.865,22.188
2025-08-12 19:01:21.164800,34170.01,31.855,27.666,0,0,21.865,22.188
2025-08-12 19:01:31.162041,34180.0,31.855,27.666,0,0,21.865,22.188
2025-08-12 19:01:41.172386,34190.01,31.727,27.666,0,0,21.865,22.188
2025-08-12 19:01:51.169466,34200.0,31.533,27.666,0,0,21.865,22.188
2025-08-12 19:02:01.179619,34210.01,31.211,27.666,0,0,21.865,22.188
2025-08-12 19:02:11.176791,34220.01,30.921,27.666,0,0,21.865,22.188
2025-08-12 19:02:21.161907,34230.0,30.728,27.666,0,0,21.865,22.188
2025-08-12 19:02:31.171585,34240.01,30.534,27.666,0,0,21.865,22.188
2025-08-12 19:02:41.168759,34250.01,30.244,27.666,0,0,21.865,22.188
2025-08-12 19:02:51.179574,34260.01,29.922,27.666,0,0,21.865,22.188
2025-08-12 19:03:01.176328,34270.01,29.6,27.44,0,0,21.865,22.188
2025-08-12 19:03:11.173867,34280.01,29.277,27.344,0,0,21.865,22.188
2025-08-12 19:03:21.171337,34290.0,29.052,27.344,0,0,21.865,22.188
2025-08-12 19:03:31.181213,34300.01,28.762,27.312,0,0,21.865,22.188
2025-08-12 19:03:41.178389,34310.01,28.633,27.118,0,0,21.865,22.188
2025-08-12 19:03:51.175907,34320.0,28.311,27.021,0,0,21.865,22.188
2025-08-12 19:04:01.173228,34330.01,28.021,27.021,0,0,21.865,22.188
2025-08-12 19:04:11.183619,34340.01,27.956,27.021,0,0,21.865,22.188
2025-08-12 19:04:21.168553,34350.01,27.666,26.828,0,0,21.865,22.188
2025-08-12 19:04:31.165657,34360.01,27.537,26.699,0,0,21.865,22.188
2025-08-12 19:04:41.163032,34370.01,27.344,26.699,0,0,21.865,22.188
2025-08-12 19:04:51.173824,34380.01,27.279,26.699,0,0,21.865,22.188
2025-08-12 19:05:01.170288,34390.01,27.021,26.538,0,0,21.865,22.188
2025-08-12 19:05:11.167870,34400.01,26.989,26.377,0,0,21.865,22.188
2025-08-12 19:05:21.165431,34410.01,26.699,26.377,0,0,21.865,22.188
2025-08-12 19:05:31.175276,34420.01,26.699,26.345,0,0,21.865,22.188
2025-08-12 19:05:41.185722,34430.02,26.377,26.119,0,0,21.865,22.188
2025-08-12 19:05:51.170018,34440.01,26.377,26.087,0,0,21.865,22.188
2025-08-12 19:06:01.167466,34450.01,26.216,26.055,0,0,21.865,22.188
2025-08-12 19:06:11.177500,34460.01,26.055,26.055,0,0,21.865,22.155
2025-08-12 19:06:21.174769,34470.01,26.055,25.765,0,0,21.865,22.188
2025-08-12 19:06:31.176652,34480.01,25.926,25.765,0,0,21.865,22.188
2025-08-12 19:06:41.181203,34490.02,25.732,25.732,0,0,21.865,22.188
2025-08-12 19:06:51.182770,34500.01,25.732,25.732,0,0,21.865,22.188
2025-08-12 19:07:01.181974,34510.01,25.732,25.668,0,0,21.865,22.188
2025-08-12 19:07:11.180097,34520.01,25.507,25.571,0,0,21.865,22.188
2025-08-12 19:07:21.263144,34530.01,25.604,25.539,0,100,21.865,22.188
2025-08-12 19:07:31.176005,34540.01,25.7,26.377,0,100,21.865,22.188
2025-08-12 19:07:41.174057,34550.01,25.475,26.893,0,100,21.865,22.188
2025-08-12 19:07:51.172604,34560.01,25.732,27.988,0,100,21.865,22.188
2025-08-12 19:08:01.168535,34570.01,25.604,28.504,0,100,21.865,22.188
2025-08-12 19:08:11.179042,34580.01,25.926,30.309,0,100,21.865,22.188
2025-08-12 19:08:21.239255,34590.01,26.184,32.307,28,100,21.865,22.188
2025-08-12 19:08:31.173669,34600.01,26.441,33.338,28,100,21.865,22.188
2025-08-12 19:08:41.171005,34610.01,26.699,35.078,28,100,21.865,22.188
2025-08-12 19:08:51.168523,34620.01,27.537,35.98,28,100,21.865,22.188
2025-08-12 19:09:01.179066,34630.01,28.439,37.398,28,100,21.865,22.188
2025-08-12 19:09:11.164400,34640.0,29.181,38.945,28,100,21.865,22.188
2025-08-12 19:09:21.173458,34650.01,30.276,39.815,28,100,21.865,22.188
2025-08-12 19:09:31.171180,34660.01,31.146,41.846,28,100,21.865,22.188
2025-08-12 19:09:41.169123,34670.01,32.339,43.103,28,100,21.865,22.188
2025-08-12 19:09:51.153063,34680.0,33.402,43.812,28,100,21.865,22.188
2025-08-12 19:10:01.176088,34690.01,33.982,45.101,28,100,21.865,22.188
2025-08-12 19:10:11.174143,34700.01,35.11,46.293,28,100,21.865,22.188
2025-08-12 19:10:21.171527,34710.01,36.271,47.034,28,100,21.865,22.155
2025-08-12 19:10:31.155386,34720.01,36.818,48.162,28,100,21.865,22.188
2025-08-12 19:10:41.179681,34730.01,37.721,49.226,28,100,21.865,22.155
2025-08-12 19:10:51.176689,34740.01,38.72,49.806,28,100,21.865,22.188
2025-08-12 19:11:01.173988,34750.01,39.719,51.514,28,100,21.865,22.188
2025-08-12 19:11:11.170691,34760.01,40.589,52.094,28,100,21.865,22.188
2025-08-12 19:11:21.167588,34770.01,41.104,52.642,28,100,21.865,22.188
2025-08-12 19:11:31.164956,34780.01,42.039,53.157,28,100,21.865,22.188
2025-08-12 19:11:41.163187,34790.01,42.684,53.673,28,100,21.865,22.188
2025-08-12 19:11:51.245479,34800.01,42.941,54.188,28,10,21.865,22.188
2025-08-12 19:12:01.170858,34810.01,43.65,54.897,28,10,21.865,22.188
2025-08-12 19:12:11.167566,34820.01,44.198,54.543,28,10,21.865,22.188
2025-08-12 19:12:21.165131,34830.01,44.585,54.382,28,10,21.865,22.188
2025-08-12 19:12:31.175019,34840.01,44.939,53.77,28,10,21.865,22.188
2025-08-12 19:12:41.160475,34850.01,45.262,52.867,28,10,21.865,22.188
2025-08-12 19:12:51.170480,34860.01,45.552,52.094,28,10,21.865,22.188
2025-08-12 19:13:01.168543,34870.01,45.906,51.449,28,10,21.865,22.188
2025-08-12 19:13:11.237744,34880.01,45.842,50.611,28,67,21.865,22.188
2025-08-12 19:13:21.176826,34890.0,46.132,50.063,28,67,21.865,22.188
2025-08-12 19:13:31.173065,34900.01,46.229,49.29,28,67,21.865,22.188
2025-08-12 19:13:41.171270,34910.01,46.454,49.516,28,67,21.865,22.188
2025-08-12 19:13:51.168452,34920.01,46.486,49.677,28,67,21.865,22.188
2025-08-12 19:14:01.165375,34930.01,46.39,49.451,28,67,21.865,22.188
2025-08-12 19:14:11.176419,34940.01,46.68,50.031,28,67,21.865,22.155
2025-08-12 19:14:21.228891,34950.01,46.809,49.387,28,9,21.865,22.188
2025-08-12 19:14:31.170248,34960.01,46.841,49.516,28,9,21.865,22.188
2025-08-12 19:14:41.181053,34970.01,47.131,49.645,28,9,21.865,22.188
2025-08-12 19:14:51.165661,34980.01,47.099,49.0,28,9,21.865,22.188
2025-08-12 19:15:01.175957,34990.01,47.034,48.774,28,9,21.865,22.188
2025-08-12 19:15:11.173685,35000.01,47.131,48.13,28,9,21.865,22.188
2025-08-12 19:15:21.171376,35010.0,47.195,47.389,28,9,21.865,22.188
2025-08-12 19:15:31.226432,35020.01,47.002,46.68,0,9,21.865,22.188
2025-08-12 19:15:41.179093,35030.0,47.002,46.035,0,9,21.865,22.155
2025-08-12 19:15:51.176058,35040.01,46.454,45.52,0,9,21.833,22.188
2025-08-12 19:16:01.183721,35050.01,46.067,44.843,0,9,21.833,22.155
2025-08-12 19:16:11.171357,35060.01,45.358,44.198,0,9,21.865,22.188
2025-08-12 19:16:21.168003,35070.01,44.488,43.747,0,9,21.833,22.155
2025-08-12 19:16:31.178066,35080.01,43.812,43.135,0,9,21.833,22.188
2025-08-12 19:16:41.175731,35090.01,42.877,42.49,0,9,21.769,22.188
2025-08-12 19:16:51.173128,35100.01,42.168,41.91,0,9,21.801,22.188
2025-08-12 19:17:01.171124,35110.01,41.395,41.652,0,9,21.833,22.155
2025-08-12 19:17:11.168238,35120.01,40.557,41.04,0,9,21.865,22.155
2025-08-12 19:17:21.165236,35130.01,39.977,40.492,0,9,21.833,22.188
2025-08-12 19:17:31.175453,35140.01,39.171,39.912,0,9,21.833,22.123
2025-08-12 19:17:41.173225,35150.01,38.43,39.493,0,9,21.865,22.188
2025-08-12 19:17:51.185930,35160.01,37.753,38.945,0,9,21.865,22.188
2025-08-12 19:18:01.168625,35170.01,37.334,38.559,0,9,21.865,22.188
2025-08-12 19:18:11.166255,35180.01,36.689,37.979,0,9,21.865,22.188
2025-08-12 19:18:21.176095,35190.01,36.077,37.785,0,9,21.801,22.188
2025-08-12 19:18:31.172994,35200.01,35.529,37.463,0,9,21.865,22.188
2025-08-12 19:18:41.170828,35210.01,35.046,36.947,0,9,21.833,22.188
2025-08-12 19:18:51.181272,35220.01,34.466,36.432,0,9,21.865,22.123
2025-08-12 19:19:01.166560,35230.01,34.111,36.045,0,9,21.865,22.188
2025-08-12 19:19:11.176092,35240.01,33.66,35.884,0,9,21.865,22.155
2025-08-12 19:19:21.172952,35250.01,33.209,35.4,0,9,21.833,22.188
2025-08-12 19:19:31.170180,35260.01,32.887,35.207,0,9,21.865,22.188
2025-08-12 19:19:41.168364,35270.01,32.5,34.756,0,9,21.865,21.994
2025-08-12 19:19:51.165450,35280.01,32.146,34.434,0,9,21.833,22.188
2025-08-12 19:20:01.163017,35290.0,31.823,34.144,0,9,21.833,22.155
2025-08-12 19:20:11.175690,35300.01,31.565,33.95,0,9,21.833,22.188
2025-08-12 19:20:21.174925,35310.01,31.275,33.628,0,9,21.833,22.155
2025-08-12 19:20:31.167752,35320.01,30.889,33.402,0,9,21.801,22.091
2025-08-12 19:20:41.165924,35330.01,30.566,33.241,0,9,21.833,22.155
2025-08-12 19:20:51.233555,35340.01,30.309,32.822,0,14,21.769,22.059
2025-08-12 19:21:01.174447,35350.01,30.051,32.597,0,14,21.833,22.123
2025-08-12 19:21:11.171868,35360.01,29.922,32.629,0,14,21.833,22.123
2025-08-12 19:21:21.169402,35370.01,29.664,32.403,0,14,21.801,22.188
2025-08-12 19:21:31.179621,35380.01,29.342,32.307,0,14,21.865,21.994
2025-08-12 19:21:41.177509,35390.01,29.31,32.21,0,14,21.865,22.188
2025-08-12 19:21:51.163295,35400.0,28.955,31.855,0,14,21.769,22.123
2025-08-12 19:22:01.172343,35410.0,28.987,31.984,0,14,21.801,22.155
2025-08-12 19:22:11.183161,35420.01,28.762,31.662,0,14,21.865,22.188
2025-08-12 19:22:21.179722,35430.01,28.601,31.694,0,14,21.769,22.155
2025-08-12 19:22:31.176891,35440.01,28.536,31.533,0,14,21.801,22.155
2025-08-12 19:22:41.174780,35450.01,28.343,31.662,0,14,21.833,22.188
2025-08-12 19:22:51.173569,35460.01,28.278,31.372,0,14,21.801,22.091
2025-08-12 19:23:01.181996,35470.01,28.053,31.34,0,14,21.704,22.123
2025-08-12 19:23:11.179421,35480.01,28.053,31.34,0,14,21.704,22.155
2025-08-12 19:23:21.177090,35490.01,27.956,31.34,0,14,21.801,22.188
2025-08-12 19:23:31.174233,35500.01,27.73,31.018,0,14,21.833,22.123
2025-08-12 19:23:41.172267,35510.0,27.73,31.05,0,14,21.801,22.155
2025-08-12 19:23:51.182846,35520.01,27.698,31.018,0,14,21.704,22.059
2025-08-12 19:24:01.179930,35530.01,27.569,31.018,0,14,21.801,22.091
2025-08-12 19:24:11.250431,35540.01,27.537,30.921,20,14,21.801,22.123
2025-08-12 19:24:21.174748,35550.01,27.473,31.05,20,14,21.801,22.188
2025-08-12 19:24:31.171469,35560.01,27.634,30.856,20,14,21.833,22.155
2025-08-12 19:24:41.181977,35570.01,27.892,30.985,20,14,21.865,22.188
2025-08-12 19:24:51.165781,35580.01,28.311,30.728,20,14,21.833,22.155
2025-08-12 19:25:01.176483,35590.01,28.729,30.953,20,14,21.865,22.123
2025-08-12 19:25:11.173886,35600.01,29.084,30.889,20,14,21.833,22.188
2025-08-12 19:25:21.171189,35610.01,29.632,31.018,20,14,21.865,22.188
2025-08-12 19:25:31.180856,35620.01,30.051,31.05,20,14,21.865,22.091
2025-08-12 19:25:41.166190,35630.0,30.566,30.953,20,14,21.865,22.188
2025-08-12 19:25:51.239600,35640.01,31.082,31.082,20,0,21.833,22.155
2025-08-12 19:26:01.161814,35650.0,31.34,31.082,20,0,21.865,22.155
2025-08-12 19:26:11.175038,35660.01,31.855,31.179,20,0,21.865,22.123
2025-08-12 19:26:21.174434,35670.01,32.274,31.146,20,0,21.865,22.123
2025-08-12 19:26:31.159976,35680.0,32.564,30.921,20,0,21.865,22.155
2025-08-12 19:26:41.174160,35690.01,32.983,30.953,20,0,21.833,22.123
2025-08-12 19:26:51.174364,35700.01,33.209,30.985,20,0,21.865,22.155
2025-08-12 19:27:01.167193,35710.0,33.531,30.824,20,0,21.865,22.123
2025-08-12 19:27:11.177336,35720.01,33.854,30.695,20,0,21.833,22.059
2025-08-12 19:27:21.162365,35730.0,34.24,30.663,20,0,21.833,21.962
2025-08-12 19:27:31.172089,35740.01,34.24,30.631,20,0,21.833,22.026
2025-08-12 19:27:41.170660,35750.01,34.563,30.566,20,0,21.833,22.059
2025-08-12 19:27:51.168448,35760.0,34.788,30.373,20,0,21.865,21.962
2025-08-12 19:28:01.177671,35770.01,34.917,30.405,20,0,21.833,22.091
2025-08-12 19:28:11.175532,35780.01,35.11,30.373,20,0,21.833,21.994
2025-08-12 19:28:21.172991,35790.01,35.368,30.341,20,0,21.736,22.059
2025-08-12 19:28:31.170563,35800.01,35.465,30.341,20,0,21.833,21.93
2025-08-12 19:28:41.169184,35810.01,35.69,30.341,20,0,21.769,22.026
2025-08-12 19:28:51.166254,35820.01,35.787,30.276,20,0,21.672,21.994
2025-08-12 19:29:01.163456,35830.01,35.787,30.341,20,0,21.543,21.865
2025-08-12 19:29:11.173946,35840.01,35.948,30.309,20,0,21.769,22.026
2025-08-12 19:29:21.247933,35850.01,36.077,30.276,20,0,21.672,21.962
2025-08-12 19:29:31.181422,35860.01,36.109,30.212,20,0,21.672,21.962
2025-08-12 19:29:41.178939,35870.01,36.109,30.147,20,0,21.64,22.059
2025-08-12 19:29:51.176308,35880.01,36.303,30.083,20,0,21.64,22.091
2025-08-12 19:30:01.161844,35890.0,36.399,29.986,20,0,21.736,22.091
2025-08-12 19:30:11.173422,35900.01,36.432,29.986,20,0,21.736,22.059
2025-08-12 19:30:21.239560,35910.01,36.528,30.373,20,61,21.64,22.059
2025-08-12 19:30:31.166993,35920.0,36.625,30.695,20,61,21.64,22.091
2025-08-12 19:30:41.177443,35930.01,36.818,31.018,20,61,21.672,22.026
2025-08-12 19:30:51.162934,35940.0,36.754,31.598,20,61,21.801,22.155
2025-08-12 19:31:01.172429,35950.01,37.108,32.532,20,61,21.607,21.93
2025-08-12 19:31:11.169865,35960.01,37.141,32.919,20,61,21.672,21.994
2025-08-12 19:31:21.167761,35970.01,37.398,34.176,20,61,21.704,22.091
2025-08-12 19:31:31.164563,35980.01,37.527,35.239,20,61,21.736,22.059
2025-08-12 19:31:41.162142,35990.01,37.656,35.948,20,61,21.704,22.026
2025-08-12 19:31:51.172324,36000.01,37.979,36.625,20,61,21.704,22.059
2025-08-12 19:32:01.169987,36010.01,38.172,37.817,20,61,21.704,22.059
2025-08-12 19:32:11.167942,36020.01,38.301,38.559,20,61,21.64,21.93
2025-08-12 19:32:21.236923,36030.01,38.526,39.074,24,61,21.543,22.059
2025-08-12 19:32:31.162596,36040.01,38.591,39.848,24,61,21.607,21.865
2025-08-12 19:32:41.172889,36050.01,38.978,40.46,24,61,21.543,21.897
2025-08-12 19:32:51.170500,36060.01,39.074,41.233,24,61,21.704,21.865
2025-08-12 19:33:01.167810,36070.01,39.59,41.91,24,61,21.607,21.897
2025-08-12 19:33:11.165288,36080.01,39.783,42.684,24,61,21.672,21.865
2025-08-12 19:33:21.175905,36090.01,40.202,43.296,24,61,21.575,21.865
2025-08-12 19:33:31.161118,36100.0,40.363,43.65,24,61,21.672,21.93
2025-08-12 19:33:41.170676,36110.01,40.943,43.65,24,61,21.64,21.865
2025-08-12 19:33:51.168056,36120.0,41.072,44.327,24,61,21.672,21.93
2025-08-12 19:34:01.165533,36130.01,41.652,45.068,24,61,21.543,21.93
2025-08-12 19:34:11.175871,36140.01,42.007,44.907,24,61,21.607,21.865
2025-08-12 19:34:21.172902,36150.01,42.104,45.777,24,61,21.543,21.994
2025-08-12 19:34:31.170656,36160.01,42.329,46.196,24,61,21.64,21.962
2025-08-12 19:34:41.168439,36170.01,42.651,46.712,24,61,21.704,21.93
2025-08-12 19:34:51.178871,36180.01,42.909,46.841,24,61,21.64,22.188
2025-08-12 19:35:01.176727,36190.01,43.07,47.099,24,61,21.833,22.155
2025-08-12 19:35:11.174293,36200.01,42.877,47.131,24,61,21.543,22.155
2025-08-12 19:35:21.171594,36210.01,43.36,47.55,24,61,21.833,22.188
2025-08-12 19:35:31.168838,36220.01,43.393,47.421,24,61,21.672,22.026
2025-08-12 19:35:41.154122,36230.0,43.683,48.065,24,61,21.543,21.962
2025-08-12 19:35:51.176786,36240.01,43.779,48.065,24,61,21.543,21.962
2025-08-12 19:36:01.161950,36250.0,43.876,48.227,24,61,21.672,22.026
2025-08-12 19:36:11.171842,36260.01,44.102,48.194,24,61,21.575,21.897
2025-08-12 19:36:21.168726,36270.01,44.327,48.484,24,61,21.769,22.026
2025-08-12 19:36:31.166808,36280.01,44.198,48.774,24,61,21.575,22.091
2025-08-12 19:36:41.165124,36290.01,44.553,48.936,24,61,21.543,22.059
2025-08-12 19:36:51.176180,36300.01,44.746,49.354,24,61,21.607,22.059
2025-08-12 19:37:01.160232,36310.01,44.488,49.548,24,61,21.736,21.994
2025-08-12 19:37:11.183070,36320.01,44.875,49.87,24,61,21.575,22.123
2025-08-12 19:37:21.154741,36330.0,44.907,49.838,24,61,21.865,22.123
2025-08-12 19:37:31.164867,36340.01,44.907,50.128,24,61,21.704,22.123
2025-08-12 19:37:41.163201,36350.0,45.358,50.354,24,61,21.543,22.123
2025-08-12 19:37:51.172711,36360.01,45.391,49.935,24,61,21.64,22.155
2025-08-12 19:38:01.172311,36370.0,45.616,50.031,24,61,21.64,22.188
2025-08-12 19:38:11.167416,36380.01,45.423,50.676,24,61,21.575,22.155
2025-08-12 19:38:21.177788,36390.01,45.745,50.611,24,61,21.607,22.188
2025-08-12 19:38:31.175037,36400.01,45.971,50.515,24,61,21.801,22.059
2025-08-12 19:38:41.229140,36410.01,45.81,50.321,24,5,21.769,22.091
2025-08-12 19:38:51.171508,36420.01,45.777,50.289,24,5,21.704,22.123
2025-08-12 19:39:01.180432,36430.01,45.81,49.935,24,5,21.769,22.188
2025-08-12 19:39:11.179030,36440.01,45.777,49.322,24,5,21.607,21.994
2025-08-12 19:39:21.175971,36450.01,45.777,48.807,24,5,21.865,22.123
2025-08-12 19:39:31.172482,36460.01,45.648,48.001,24,5,21.833,22.091
2025-08-12 19:39:41.170099,36470.01,45.487,47.292,24,5,21.865,22.155
2025-08-12 19:39:51.180600,36480.01,44.811,45.842,24,5,21.865,22.155
2025-08-12 19:40:01.164526,36490.01,44.553,44.553,24,5,21.865,22.188
2025-08-12 19:40:11.174865,36500.01,44.198,43.296,24,5,21.865,22.188
2025-08-12 19:40:21.172937,36510.01,44.037,42.297,24,5,21.865,22.188
2025-08-12 19:40:31.169343,36520.0,43.747,41.266,24,5,21.865,22.188
2025-08-12 19:40:41.166881,36530.01,43.231,40.428,24,5,21.865,22.188
2025-08-12 19:40:51.178392,36540.01,42.941,39.525,24,5,21.865,22.188
2025-08-12 19:41:01.162099,36550.01,42.716,38.72,24,5,21.865,22.188
2025-08-12 19:41:11.172218,36560.01,42.555,38.043,24,5,21.865,22.188
2025-08-12 19:41:21.169445,36570.01,42.361,37.56,24,5,21.865,22.188
2025-08-12 19:41:31.166641,36580.01,41.975,36.754,24,5,21.865,22.188
2025-08-12 19:41:41.164378,36590.01,42.007,36.432,24,5,21.865,22.188
2025-08-12 19:41:51.240435,36600.01,42.265,37.076,24,93,21.865,22.188
2025-08-12 19:42:01.243230,36610.01,42.426,37.302,70,93,21.865,22.188
2025-08-12 19:42:11.170282,36620.01,42.877,37.592,70,93,21.865,22.188
2025-08-12 19:42:21.167490,36630.0,43.586,38.301,70,93,21.865,22.188
2025-08-12 19:42:31.164236,36640.01,44.295,39.654,70,93,21.865,22.188
2025-08-12 19:42:41.175331,36650.0,45.52,40.75,70,93,21.865,22.188
2025-08-12 19:42:51.159780,36660.0,46.615,41.878,70,93,21.865,22.22
2025-08-12 19:43:01.169519,36670.01,47.711,43.586,70,93,21.865,22.188
2025-08-12 19:43:11.167262,36680.01,48.936,44.778,70,93,21.865,22.188
2025-08-12 19:43:21.165158,36690.01,50.354,45.455,70,93,21.865,22.188
2025-08-12 19:43:31.175486,36700.01,51.933,47.26,70,93,21.865,22.188
2025-08-12 19:43:41.172069,36710.01,53.125,48.581,70,93,21.897,22.188
2025-08-12 19:43:51.169569,36720.01,54.35,49.806,70,93,21.897,22.188
2025-08-12 19:44:01.167308,36730.01,55.542,50.805,70,93,21.865,22.22
2025-08-12 19:44:11.164444,36740.01,57.057,52.287,70,93,21.897,22.188
2025-08-12 19:44:21.161801,36750.01,57.991,52.932,70,93,21.865,22.188
2025-08-12 19:44:31.172081,36760.01,59.119,54.543,70,93,21.865,22.188
2025-08-12 19:44:41.169313,36770.0,60.086,54.865,70,93,21.897,22.188
2025-08-12 19:44:51.167275,36780.01,61.375,56.38,70,93,21.865,22.22
2025-08-12 19:45:01.164603,36790.01,62.213,57.443,70,93,21.93,22.188
2025-08-12 19:45:11.152355,36800.0,62.793,58.507,70,93,21.865,22.22
2025-08-12 19:45:21.156561,36810.0,63.534,59.474,70,93,21.865,22.188
2025-08-12 19:45:31.163578,36820.0,64.34,59.699,70,93,21.865,22.188
2025-08-12 19:45:41.159210,36830.0,65.113,60.988,70,93,21.865,22.188
2025-08-12 19:45:51.156034,36840.0,65.822,60.827,70,93,21.865,22.188
2025-08-12 19:46:01.165867,36850.0,66.596,62.181,70,93,21.865,22.188
2025-08-12 19:46:11.162859,36860.0,67.144,62.31,70,93,21.865,22.188
2025-08-12 19:46:21.160651,36870.01,67.691,63.631,70,93,21.865,22.188
2025-08-12 19:46:31.170250,36880.01,68.336,64.404,70,93,21.897,22.188
2025-08-12 19:46:41.167470,36890.0,69.142,64.533,70,93,21.897,22.22
2025-08-12 19:46:51.164860,36900.01,69.367,65.274,70,93,21.897,22.188
2025-08-12 19:47:01.162279,36910.0,69.657,65.242,70,93,21.865,22.188
2025-08-12 19:47:11.159911,36920.01,70.463,66.209,70,93,21.865,22.188
2025-08-12 19:47:21.170094,36930.01,70.527,65.822,70,93,21.865,22.188
2025-08-12 19:47:31.167186,36940.0,70.914,66.918,70,93,21.93,22.188
2025-08-12 19:47:41.164367,36950.01,71.075,67.595,70,93,21.865,22.188
2025-08-12 19:47:51.174033,36960.01,71.494,67.627,70,93,21.93,22.188
2025-08-12 19:48:01.158904,36970.0,71.559,68.304,70,93,21.865,22.188
2025-08-12 19:48:11.169127,36980.01,71.849,68.658,70,93,21.865,22.188
2025-08-12 19:48:21.166003,36990.01,72.074,68.884,70,93,21.865,22.188
2025-08-12 19:48:31.164035,37000.01,72.719,69.206,70,93,21.897,22.188
2025-08-12 19:48:41.174049,37010.0,72.558,69.238,70,93,21.897,22.188
2025-08-12 19:48:51.158343,37020.01,72.88,69.335,70,93,21.865,22.188
2025-08-12 19:49:01.169641,37030.01,73.138,70.012,70,93,21.865,22.188
2025-08-12 19:49:11.166214,37040.01,73.202,69.496,70,93,21.865,22.188
2025-08-12 19:49:21.163168,37050.01,73.396,70.076,70,93,21.865,22.188
2025-08-12 19:49:31.173721,37060.01,73.911,70.431,70,93,21.865,22.188
2025-08-12 19:49:41.171557,37070.01,73.814,70.914,70,93,21.897,22.188
2025-08-12 19:49:51.168034,37080.0,73.686,70.592,70,93,21.865,22.188
2025-08-12 19:50:01.179013,37090.01,74.008,71.301,70,93,21.865,22.188
2025-08-12 19:50:11.162428,37100.01,74.523,71.559,70,93,21.865,22.188
2025-08-12 19:50:21.173409,37110.01,74.523,70.85,70,93,21.897,22.188
2025-08-12 19:50:31.228542,37120.01,74.395,71.494,0,93,21.865,22.188
2025-08-12 19:50:41.179728,37130.01,74.652,72.01,0,93,21.865,22.188
2025-08-12 19:50:51.177238,37140.01,74.008,71.236,0,93,21.865,22.22
2025-08-12 19:51:01.175518,37150.01,72.912,71.43,0,93,21.865,22.188
2025-08-12 19:51:11.171812,37160.01,71.688,71.816,0,93,21.897,22.188
2025-08-12 19:51:21.169659,37170.01,70.141,71.236,0,93,21.865,22.188
2025-08-12 19:51:31.238991,37180.01,68.11,71.043,0,12,21.865,22.188
2025-08-12 19:51:41.165745,37190.0,66.338,70.721,0,12,22.026,22.284
2025-08-12 19:51:51.162139,37200.0,64.63,69.561,0,12,21.93,22.188
2025-08-12 19:52:01.172206,37210.01,62.857,68.594,0,12,21.865,22.188
2025-08-12 19:52:11.169676,37220.01,61.246,67.498,0,12,21.897,22.22
2025-08-12 19:52:21.166851,37230.01,59.474,65.919,0,12,21.962,22.188
2025-08-12 19:52:31.177231,37240.01,57.766,64.501,0,12,21.865,22.22
2025-08-12 19:52:41.163458,37250.0,56.315,62.761,0,12,21.93,22.188
2025-08-12 19:52:51.172153,37260.01,54.736,61.343,0,12,21.865,22.188
2025-08-12 19:53:01.170238,37270.01,53.189,59.57,0,12,21.865,22.188
2025-08-12 19:53:11.167060,37280.01,51.868,58.217,0,12,21.865,22.22
2025-08-12 19:53:21.177104,37290.01,50.611,56.863,0,12,21.93,22.22
2025-08-12 19:53:31.238569,37300.01,49.516,56.025,0,75,22.026,22.188
2025-08-12 19:53:41.172657,37310.01,48.162,54.736,0,75,21.962,22.188
2025-08-12 19:53:51.169921,37320.0,46.873,53.157,0,75,21.897,22.188
2025-08-12 19:54:01.180791,37330.01,45.842,53.447,0,75,21.865,22.22
2025-08-12 19:54:11.177253,37340.01,44.907,52.803,0,75,21.994,22.22
2025-08-12 19:54:21.174700,37350.01,44.327,52.287,0,75,21.865,22.188
2025-08-12 19:54:31.172387,37360.01,43.457,52.319,0,75,21.994,22.188
2025-08-12 19:54:41.169624,37370.0,42.909,52.803,0,75,22.026,22.22
2025-08-12 19:54:51.179987,37380.01,42.2,52.19,0,75,22.026,22.22
2025-08-12 19:55:01.177887,37390.01,41.652,52.319,0,75,21.93,22.252
2025-08-12 19:55:11.161919,37400.0,41.201,52.803,0,75,22.091,22.252
2025-08-12 19:55:21.185106,37410.01,40.621,52.867,0,75,22.123,22.188
2025-08-12 19:55:31.236368,37420.01,40.17,52.609,0,75,22.188,22.316
2025-08-12 19:55:41.180484,37430.01,39.687,53.093,0,75,22.188,22.252
2025-08-12 19:55:51.178704,37440.01,39.332,52.964,0,75,22.123,22.478
2025-08-12 19:56:01.174401,37450.01,38.816,53.028,0,75,22.155,22.413
2025-08-12 19:56:11.172618,37460.01,38.526,52.964,0,75,22.155,22.381
2025-08-12 19:56:21.169750,37470.01,38.236,52.642,0,75,22.188,22.51
2025-08-12 19:56:31.167289,37480.01,38.172,52.48,0,75,22.188,22.51
2025-08-12 19:56:41.177701,37490.01,37.914,52.803,0,75,22.188,22.51
2025-08-12 19:56:51.174638,37500.01,37.656,53.093,0,75,22.188,22.445
2025-08-12 19:57:01.172721,37510.01,37.302,53.028,0,75,22.155,22.51
2025-08-12 19:57:11.229816,37520.01,37.27,52.448,0,75,22.188,22.478
2025-08-12 19:57:21.167079,37530.0,37.076,53.125,0,75,22.188,22.381
2025-08-12 19:57:31.165032,37540.01,36.947,52.964,0,75,22.188,22.381
2025-08-12 19:57:41.175093,37550.0,36.561,52.609,0,75,22.155,22.478
2025-08-12 19:57:51.172725,37560.01,36.593,53.286,0,75,22.188,22.381
2025-08-12 19:58:01.169124,37570.01,36.432,53.093,0,75,22.188,22.381
2025-08-12 19:58:11.167298,37580.01,36.238,53.093,0,75,22.188,22.413
2025-08-12 19:58:21.164141,37590.01,35.98,52.48,0,75,22.188,22.478
2025-08-12 19:58:31.174322,37600.0,34.82,50.257,0,75,22.188,22.51
2025-08-12 19:58:41.172033,37610.01,33.596,48.13,0,75,22.188,22.51
2025-08-12 19:58:51.169554,37620.01,33.08,47.163,0,75,22.188,22.478
2025-08-12 19:59:01.178957,37630.01,32.242,45.874,0,75,22.188,22.51
2025-08-12 19:59:11.176784,37640.01,31.533,44.23,0,75,22.188,22.51
2025-08-12 19:59:21.237845,37650.01,30.631,42.813,0,27,22.188,22.51
2025-08-12 19:59:31.172037,37660.01,30.309,42.458,0,27,22.188,22.51
2025-08-12 19:59:41.168413,37670.01,29.664,41.04,0,27,22.188,22.51
2025-08-12 19:59:51.166318,37680.01,29.148,39.912,0,27,22.188,22.51
2025-08-12 20:00:01.175882,37690.01,28.955,39.622,0,27,22.188,22.51
2025-08-12 20:00:11.173278,37700.0,28.923,39.042,0,27,22.188,22.51
2025-08-12 20:00:21.246509,37710.01,28.375,37.463,0,99,22.188,22.51
2025-08-12 20:00:31.168109,37720.01,28.021,36.625,0,99,22.188,22.51
2025-08-12 20:00:41.165641,37730.01,27.408,35.819,0,99,22.188,22.51
2025-08-12 20:00:51.163010,37740.01,27.086,35.433,0,99,22.188,22.478
2025-08-12 20:01:01.172862,37750.01,26.538,34.595,0,99,22.155,22.51
2025-08-12 20:01:11.183705,37760.01,26.119,34.917,0,99,22.026,22.51
2025-08-12 20:01:21.180526,37770.01,25.797,34.853,0,99,22.188,22.51
2025-08-12 20:01:31.178310,37780.01,25.668,34.176,0,99,22.123,22.478
2025-08-12 20:01:41.176121,37790.01,25.571,34.434,0,99,22.059,22.413
2025-08-12 20:01:51.173415,37800.01,25.41,34.595,0,99,21.962,22.316
2025-08-12 20:02:01.170125,37810.01,25.313,34.917,0,99,22.059,22.22
2025-08-12 20:02:11.168095,37820.0,25.152,35.078,0,99,21.897,22.252
2025-08-12 20:02:21.178350,37830.01,24.959,34.305,0,99,21.865,22.22
2025-08-12 20:02:31.176594,37840.01,24.83,34.434,0,99,21.865,22.188
2025-08-12 20:02:41.173603,37850.01,24.83,34.788,0,99,21.865,22.188
2025-08-12 20:02:51.171262,37860.0,24.766,34.788,0,99,21.865,22.188
2025-08-12 20:03:01.168013,37870.01,24.701,34.563,0,99,21.865,22.188
2025-08-12 20:03:11.178756,37880.01,24.25,34.369,0,99,21.865,22.188
2025-08-12 20:03:21.175734,37890.01,24.572,35.4,0,99,21.865,22.188
2025-08-12 20:03:31.173765,37900.01,24.991,36.851,0,99,21.865,22.188
2025-08-12 20:03:41.170818,37910.01,25.281,37.656,0,99,21.865,22.188
2025-08-12 20:03:51.155289,37920.0,25.442,37.495,0,99,21.897,22.316
2025-08-12 20:04:01.165081,37930.01,25.152,36.883,0,99,21.865,22.316
2025-08-12 20:04:11.162989,37940.01,25.056,36.786,0,99,21.962,22.22
2025-08-12 20:04:21.175369,37950.01,25.152,37.012,0,99,22.059,22.252
2025-08-12 20:04:31.171925,37960.01,25.023,37.012,0,99,21.994,22.381
2025-08-12 20:04:41.172553,37970.01,24.959,36.947,0,99,21.994,22.413
2025-08-12 20:04:51.171959,37980.01,24.927,36.689,0,99,21.865,22.188
2025-08-12 20:05:01.182605,37990.01,25.023,36.689,0,99,21.865,22.252
2025-08-12 20:05:11.181380,38000.01,24.83,36.689,0,99,21.865,22.22
2025-08-12 20:05:21.231359,38010.01,24.862,36.109,5,99,21.897,22.284
2025-08-12 20:05:31.164076,38020.01,24.862,35.755,5,99,21.897,22.22
2025-08-12 20:05:41.175193,38030.01,24.895,35.916,5,99,21.897,22.252
2025-08-12 20:05:51.159390,38040.0,24.733,35.336,5,99,21.93,22.252
2025-08-12 20:06:01.228870,38050.01,24.508,35.078,5,4,21.93,22.284
2025-08-12 20:06:11.167438,38060.0,24.766,34.82,5,4,21.897,22.188
2025-08-12 20:06:21.177389,38070.01,24.766,34.434,5,4,21.865,22.252
2025-08-12 20:06:31.174784,38080.01,24.766,33.628,5,4,21.897,22.188
2025-08-12 20:06:41.172538,38090.01,24.733,32.758,5,4,21.865,22.188
2025-08-12 20:06:51.156782,38100.0,24.572,31.759,5,4,21.897,22.188
2025-08-12 20:07:01.223151,38110.01,24.508,30.566,5,0,21.865,22.188
2025-08-12 20:07:11.165042,38120.0,24.476,29.696,5,0,21.865,22.188
2025-08-12 20:07:21.174756,38130.01,24.282,29.02,5,0,21.865,22.188
2025-08-12 20:07:31.171706,38140.01,24.186,28.343,5,0,21.865,22.188
2025-08-12 20:07:41.169775,38150.0,24.186,27.666,5,0,21.865,22.188
2025-08-12 20:07:51.166770,38160.01,24.121,27.118,5,0,21.865,22.188
2025-08-12 20:08:01.163673,38170.01,23.896,26.667,5,0,21.865,22.188
2025-08-12 20:08:11.174831,38180.01,23.831,26.119,5,0,21.865,22.188
2025-08-12 20:08:21.172394,38190.01,23.928,25.861,5,0,21.865,22.188
2025-08-12 20:08:31.182384,38200.01,23.96,25.475,5,0,21.93,22.252
2025-08-12 20:08:41.167015,38210.01,23.831,25.41,5,0,21.865,22.188
2025-08-12 20:08:51.179628,38220.01,23.799,24.959,5,0,21.865,22.188
2025-08-12 20:09:01.161212,38230.01,23.799,24.733,5,0,21.865,22.188
2025-08-12 20:09:11.172605,38240.01,23.863,24.443,5,0,21.865,22.22
2025-08-12 20:09:21.169390,38250.01,23.799,24.186,5,0,21.962,22.188
2025-08-12 20:09:31.166982,38260.0,23.605,24.089,5,0,21.93,22.284
2025-08-12 20:09:41.177349,38270.01,23.541,23.799,5,0,21.897,22.445
2025-08-12 20:09:51.175009,38280.01,23.477,23.831,5,0,21.994,22.349
2025-08-12 20:10:01.171686,38290.01,23.477,23.573,5,0,22.026,22.445
2025-08-12 20:10:11.156808,38300.0,23.477,23.541,5,0,22.123,22.284
2025-08-12 20:10:21.168022,38310.01,23.477,23.541,5,0,22.188,22.51
2025-08-12 20:10:31.164512,38320.01,23.541,23.477,5,0,22.123,22.349
2025-08-12 20:10:41.174302,38330.01,23.541,23.38,5,0,22.188,22.51
2025-08-12 20:10:51.159522,38340.0,23.477,23.154,5,0,22.155,22.478
2025-08-12 20:11:01.226603,38350.01,23.477,23.154,0,0,22.188,22.51
2025-08-12 20:11:11.166810,38360.01,23.477,23.154,0,0,22.155,22.51
2025-08-12 20:11:21.176522,38370.01,23.412,23.09,0,0,22.155,22.51
2025-08-12 20:11:31.173829,38380.01,23.187,22.993,0,0,22.188,22.51
2025-08-12 20:11:41.171894,38390.01,23.154,22.864,0,0,22.188,22.51
2025-08-12 20:11:51.182140,38400.01,23.058,22.832,0,0,22.188,22.51
2025-08-12 20:12:01.243160,38410.01,22.832,22.832,0,0,22.188,22.51
2025-08-12 20:12:11.163708,38420.01,22.832,22.832,0,0,22.188,22.51
2025-08-12 20:12:21.173830,38430.01,22.671,22.8,0,0,22.188,22.51
2025-08-12 20:12:31.170633,38440.01,22.51,22.703,0,0,22.188,22.51
2025-08-12 20:12:41.168534,38450.01,22.51,22.542,0,0,22.188,22.51
2025-08-12 20:12:51.165974,38460.01,22.51,22.542,0,0,22.188,22.51
2025-08-12 20:13:01.164074,38470.0,22.445,22.51,0,0,22.188,22.51
2025-08-12 20:13:11.160634,38480.0,22.284,22.51,0,0,22.188,22.51
2025-08-12 20:13:21.170342,38490.01,22.252,22.51,0,0,22.188,22.51
2025-08-12 20:13:31.168506,38500.01,22.188,22.51,0,0,22.188,22.51
2025-08-12 20:13:41.179012,38510.01,22.188,22.51,0,0,22.188,22.51
2025-08-12 20:13:51.175490,38520.01,22.188,22.51,0,0,22.188,22.51
2025-08-12 20:14:01.160439,38530.0,22.188,22.51,0,0,22.188,22.574
2025-08-12 20:14:11.170618,38540.01,22.155,22.445,0,0,22.188,22.574
2025-08-12 20:14:21.182231,38550.01,22.188,22.51,0,0,22.188,22.51
2025-08-12 20:14:31.179130,38560.01,22.188,22.445,0,0,22.188,22.51
2025-08-12 20:14:41.176477,38570.01,22.155,22.478,0,0,22.188,22.574
2025-08-12 20:14:51.173024,38580.01,22.188,22.51,0,0,22.188,22.51
2025-08-12 20:15:01.170228,38590.01,22.155,22.51,0,0,22.188,22.51
2025-08-12 20:15:11.168192,38600.01,22.059,22.188,0,0,22.188,22.51
2025-08-12 20:15:21.238186,38610.01,22.22,22.51,79,0,22.188,22.51
2025-08-12 20:15:31.183941,38620.01,22.349,22.574,79,0,22.188,22.51
2025-08-12 20:15:41.174510,38630.01,23.219,22.606,79,0,22.188,22.51
2025-08-12 20:15:51.183201,38640.01,24.121,22.703,79,0,22.188,22.51
2025-08-12 20:16:01.167289,38650.01,25.507,22.896,79,0,22.155,22.51
2025-08-12 20:16:11.178614,38660.01,26.989,22.993,79,0,22.188,22.51
2025-08-12 20:16:21.235515,38670.01,28.375,23.283,79,0,22.188,22.51
2025-08-12 20:16:31.172441,38680.01,29.696,23.573,79,0,22.188,22.51
2025-08-12 20:16:41.169830,38690.01,31.243,24.057,79,0,22.188,22.51
2025-08-12 20:16:51.167251,38700.01,32.919,24.572,79,0,22.188,22.51
2025-08-12 20:17:01.176863,38710.01,33.982,24.862,79,0,22.188,22.51
2025-08-12 20:17:11.162070,38720.01,35.207,25.313,79,0,22.188,22.51
2025-08-12 20:17:21.172370,38730.01,36.399,25.7,79,0,22.188,22.51
2025-08-12 20:17:31.182422,38740.01,37.592,26.055,79,0,22.188,22.478
2025-08-12 20:17:41.166616,38750.0,38.688,26.635,79,0,22.188,22.51
2025-08-12 20:17:51.176611,38760.01,39.719,27.183,79,0,22.188,22.478
2025-08-12 20:18:01.173489,38770.01,40.557,27.634,79,0,22.155,22.51
2025-08-12 20:18:11.171316,38780.01,41.395,27.956,79,0,22.188,22.478
2025-08-12 20:18:21.169188,38790.0,41.975,28.311,79,0,22.091,22.51
2025-08-12 20:18:31.179116,38800.01,42.619,28.697,79,0,22.188,22.478
2025-08-12 20:18:41.163894,38810.0,43.779,29.181,79,0,22.155,22.413
2025-08-12 20:18:51.173921,38820.01,44.392,29.535,79,0,22.059,22.381
2025-08-12 20:19:01.170957,38830.01,44.682,29.857,79,0,21.962,22.413
2025-08-12 20:19:11.169302,38840.01,44.875,29.922,79,0,22.059,22.316
2025-08-12 20:19:21.166412,38850.0,45.262,30.276,79,0,22.091,22.381
2025-08-12 20:19:31.176641,38860.01,45.713,30.631,79,0,22.059,22.316
2025-08-12 20:19:41.161564,38870.0,45.713,30.631,79,0,22.026,22.316
2025-08-12 20:19:51.171776,38880.01,46.003,30.985,79,0,22.026,22.413
2025-08-12 20:20:01.170688,38890.01,46.39,31.275,79,0,22.091,22.316
2025-08-12 20:20:11.166997,38900.01,46.68,31.372,79,0,22.026,22.284
2025-08-12 20:20:21.164710,38910.0,47.195,31.598,79,0,22.026,22.413
2025-08-12 20:20:31.175262,38920.01,47.711,31.888,79,0,22.026,22.381
2025-08-12 20:20:41.172193,38930.01,47.775,32.178,79,0,22.123,22.381
2025-08-12 20:20:51.170127,38940.01,47.872,32.242,79,0,21.962,22.316
2025-08-12 20:21:01.154990,38950.0,48.355,32.597,79,0,21.962,22.316
2025-08-12 20:21:11.231456,38960.01,48.259,32.5,0,0,22.188,22.381
2025-08-12 20:21:21.175512,38970.01,48.484,32.629,0,0,22.155,22.381
2025-08-12 20:21:31.173199,38980.01,47.904,32.5,0,0,22.155,22.413
2025-08-12 20:21:41.171270,38990.01,46.647,32.5,0,0,21.994,22.252
2025-08-12 20:21:51.168803,39000.01,45.068,32.403,0,0,22.155,22.445
2025-08-12 20:22:01.180035,39010.01,43.457,32.339,0,0,22.091,22.284
2025-08-12 20:22:11.163575,39020.01,42.039,31.984,0,0,22.026,22.381
2025-08-12 20:22:21.173629,39030.01,40.686,31.855,0,0,22.026,22.284
2025-08-12 20:22:31.171844,39040.01,39.01,31.533,0,0,22.026,22.284
2025-08-12 20:22:41.181442,39050.01,37.624,31.114,0,0,22.188,22.478
2025-08-12 20:22:51.166227,39060.0,36.303,30.824,0,0,22.188,22.51
2025-08-12 20:23:01.163758,39070.01,34.788,30.244,0,0,22.026,22.413
2025-08-12 20:23:11.175319,39080.01,33.789,29.89,0,0,22.091,22.478
2025-08-12 20:23:21.171061,39090.01,32.5,29.277,0,0,22.155,22.478
2025-08-12 20:23:31.168698,39100.01,31.533,28.955,0,0,22.155,22.478
2025-08-12 20:23:41.166256,39110.01,30.728,28.633,0,0,22.123,22.413
2025-08-12 20:23:51.163032,39120.01,29.922,28.311,0,0,22.155,22.381
2025-08-12 20:24:01.175218,39130.01,29.277,27.988,0,0,22.091,22.478
2025-08-12 20:24:11.170952,39140.01,28.633,27.634,0,0,22.091,22.445
2025-08-12 20:24:21.239515,39150.01,28.182,27.44,58,0,21.994,22.316
2025-08-12 20:24:31.178661,39160.01,27.859,27.183,58,0,22.059,22.349
2025-08-12 20:24:41.176268,39170.01,27.73,26.86,58,0,21.93,22.252
2025-08-12 20:24:51.161721,39180.0,28.021,26.538,58,0,22.091,22.51
2025-08-12 20:25:01.171415,39190.01,28.665,26.441,58,0,22.155,22.51
2025-08-12 20:25:11.242506,39200.01,29.6,26.474,58,65,22.026,22.349
2025-08-12 20:25:21.177905,39210.01,30.502,27.021,58,65,21.962,22.381
2025-08-12 20:25:31.175683,39220.01,31.469,27.021,58,65,21.962,22.445
2025-08-12 20:25:41.175809,39230.01,32.113,27.698,58,65,22.091,22.349
2025-08-12 20:25:51.170303,39240.01,32.983,28.891,58,65,22.059,22.413
2025-08-12 20:26:01.168306,39250.01,33.886,29.503,58,65,22.059,22.252
2025-08-12 20:26:11.165531,39260.01,34.82,30.341,58,65,22.059,22.349
2025-08-12 20:26:21.163404,39270.01,35.529,30.985,58,65,21.994,22.349
2025-08-12 20:26:31.173619,39280.01,36.464,32.146,58,65,21.994,22.316
2025-08-12 20:26:41.170988,39290.01,36.689,32.178,58,65,22.026,22.381
2025-08-12 20:26:51.169082,39300.01,37.205,32.629,58,65,22.123,22.349
2025-08-12 20:27:01.177993,39310.01,37.527,33.563,58,65,21.994,22.316
2025-08-12 20:27:11.163165,39320.01,38.204,34.24,58,65,21.962,22.284
2025-08-12 20:27:21.173895,39330.01,38.688,34.981,58,65,22.059,22.316
2025-08-12 20:27:31.171650,39340.01,38.945,35.207,58,65,22.026,22.316
2025-08-12 20:27:41.168642,39350.01,39.01,35.4,58,65,22.059,22.413
2025-08-12 20:27:51.166564,39360.01,39.525,35.852,58,65,22.123,22.413
2025-08-12 20:28:01.175992,39370.01,40.267,37.044,58,65,22.123,22.478
2025-08-12 20:28:11.174439,39380.01,40.363,37.27,58,65,22.091,22.252
2025-08-12 20:28:21.172033,39390.0,40.75,37.205,58,65,21.962,22.22
2025-08-12 20:28:31.239355,39400.01,40.814,37.334,58,14,21.865,22.22
2025-08-12 20:28:41.167285,39410.01,41.008,37.366,58,14,21.897,22.252
2025-08-12 20:28:51.176908,39420.01,41.04,37.141,58,14,21.962,22.252
2025-08-12 20:29:01.234731,39430.01,40.847,36.689,0,14,22.026,22.284
2025-08-12 20:29:11.171035,39440.01,40.75,36.496,0,14,21.897,22.188
2025-08-12 20:29:21.168476,39450.01,40.557,36.528,0,14,21.994,22.252
2025-08-12 20:29:31.165922,39460.01,39.944,36.432,0,14,21.93,22.188
2025-08-12 20:29:41.163348,39470.01,38.623,35.562,0,14,21.865,22.188
2025-08-12 20:29:51.173740,39480.0,37.721,35.207,0,14,21.865,22.188
2025-08-12 20:30:01.158494,39490.01,36.496,34.563,0,14,21.865,22.188
2025-08-12 20:30:11.170005,39500.01,35.433,33.918,0,14,21.865,22.188
2025-08-12 20:30:21.179128,39510.01,34.144,33.145,0,14,21.865,22.188
2025-08-12 20:30:31.163531,39520.01,33.209,32.758,0,14,21.865,22.188
2025-08-12 20:30:41.173628,39530.01,32.5,32.5,0,14,21.865,22.22
2025-08-12 20:30:51.158404,39540.0,31.533,32.017,0,14,21.865,22.188
2025-08-12 20:31:01.223774,39550.01,30.599,31.372,0,0,21.865,22.188
2025-08-12 20:31:11.178490,39560.01,29.922,30.76,0,0,21.865,22.188
2025-08-12 20:31:21.175819,39570.01,29.277,30.244,0,0,21.865,22.188
2025-08-12 20:31:31.173353,39580.0,28.633,29.696,0,0,21.865,22.188
2025-08-12 20:31:41.184298,39590.01,27.988,28.987,0,0,21.865,22.188
2025-08-12 20:31:51.180616,39600.01,27.344,28.633,0,0,21.897,22.188
2025-08-12 20:32:00.485253,0,27.021,28.311,0,0,21.865,22.188
2025-08-12 20:32:10.483096,10.01,26.635,27.666,0,0,21.865,22.188
2025-08-12 20:32:20.480518,20.01,26.055,27.344,0,0,21.897,22.188
2025-08-12 20:32:30.477837,30.01,25.732,26.989,0,0,21.865,22.188
2025-08-12 20:32:40.475018,40.01,25.41,26.377,0,0,21.865,22.188
2025-08-12 20:32:50.472722,50.01,25.088,26.055,0,0,21.865,22.188
2025-08-12 20:33:00.483055,60.01,24.766,25.732,0,0,21.865,22.188
2025-08-12 20:33:10.480299,70.01,24.443,25.41,0,0,21.865,22.188
2025-08-12 20:33:20.477886,80.01,24.121,25.088,0,0,21.865,22.188
2025-08-12 20:33:30.475149,90.01,23.831,24.766,0,0,21.865,22.188
2025-08-12 20:33:40.485114,100.01,23.799,24.701,0,0,21.865,22.188
2025-08-12 20:33:50.482841,110.01,23.477,24.443,0,0,21.865,22.188
2025-08-12 20:34:00.479766,120.0,23.477,24.153,0,0,21.865,22.188
2025-08-12 20:34:10.477716,130.0,23.154,24.089,0,0,21.865,22.188
2025-08-12 20:34:20.474452,140.0,23.154,23.799,0,0,21.865,22.188
2025-08-12 20:34:30.484727,150.01,22.832,23.638,0,0,21.865,22.188
2025-08-12 20:34:40.482257,160.01,22.832,23.477,0,0,21.865,22.188
2025-08-12 20:34:50.482170,170.01,22.671,23.251,0,0,21.865,22.188
2025-08-12 20:35:00.490043,180.01,22.51,23.154,0,0,21.865,22.188
2025-08-12 20:35:10.488094,190.01,22.51,23.154,0,0,21.865,22.188
2025-08-12 20:35:20.485243,200.01,22.478,22.929,0,0,21.865,22.188
2025-08-12 20:35:30.483961,210.0,22.22,22.832,0,0,21.865,22.188
2025-08-12 20:35:40.492560,220.01,22.22,22.832,0,0,21.865,22.188
2025-08-12 20:35:50.478088,230.01,22.188,22.832,0,0,21.865,22.188
2025-08-12 20:36:00.475672,240.01,22.188,22.703,0,0,21.865,22.188
2025-08-12 20:36:10.485342,250.01,22.155,22.51,0,0,21.865,22.188
2025-08-12 20:36:20.483329,260.01,22.188,22.51,0,0,21.865,22.188
2025-08-12 20:36:30.479575,270.01,21.994,22.51,0,0,21.865,22.188
2025-08-12 20:36:40.478124,280.01,21.897,22.51,0,0,21.865,22.188
2025-08-12 20:36:50.474930,290.01,21.865,22.252,0,0,21.865,22.188
2025-08-12 20:37:00.485429,300.01,21.865,22.22,0,0,21.865,22.188
2025-08-12 20:37:10.482852,310.01,21.865,22.22,0,0,21.865,22.188
2025-08-12 20:37:20.479950,320.01,21.865,22.188,0,0,21.865,22.188
2025-08-12 20:37:30.477514,330.01,21.865,22.188,0,0,21.865,22.188
2025-08-12 20:37:40.486775,340.01,21.833,22.188,0,0,21.865,22.188
2025-08-12 20:37:50.485404,350.01,21.833,22.188,0,0,21.865,22.188
2025-08-12 20:38:00.482505,360.01,21.704,22.188,0,0,21.865,22.188
2025-08-12 20:38:10.491693,370.01,21.575,22.059,0,0,21.865,22.188
2025-08-12 20:38:20.489291,380.01,21.607,22.091,0,0,21.865,22.188
2025-08-12 20:38:30.488357,390.01,21.543,21.897,0,0,21.865,22.188
2025-08-12 20:38:40.487615,400.01,21.543,21.93,0,0,21.865,22.188
2025-08-12 20:38:50.487327,410.01,21.543,21.865,0,0,21.865,22.188
2025-08-12 20:39:00.486454,420.01,21.543,21.865,0,0,21.865,22.188
2025-08-12 20:39:10.497277,430.01,21.543,21.865,0,0,21.865,22.188
2025-08-12 20:39:20.494455,440.01,21.543,21.865,0,0,21.865,22.188
2025-08-12 20:39:30.466984,450.0,21.543,21.865,0,0,21.865,22.188
2025-08-12 20:39:40.477034,460.01,21.543,21.865,0,0,21.865,22.188
2025-08-12 20:39:50.475232,470.01,21.543,21.865,0,0,21.865,22.188
2025-08-12 20:40:00.484578,480.01,21.543,21.865,0,0,21.865,22.188
2025-08-12 20:40:10.481914,490.01,21.543,21.865,0,0,21.865,22.188
2025-08-12 20:40:20.479736,500.01,21.543,21.865,0,0,21.865,22.188
2025-08-12 20:40:30.477520,510.0,21.543,21.865,0,0,21.865,22.188
2025-08-12 20:40:40.486525,520.01,21.543,21.865,0,0,21.865,22.188
2025-08-12 20:40:50.471856,530.0,21.511,21.865,0,0,21.865,22.188
2025-08-12 20:41:00.482224,540.01,21.479,21.801,0,0,21.865,22.188
2025-08-12 20:41:10.479681,550.01,21.543,21.801,0,0,21.865,22.188
2025-08-12 20:41:20.489590,560.01,21.511,21.833,0,0,21.865,22.188
2025-08-12 20:41:30.474855,570.0,21.511,21.704,0,0,21.865,22.188
2025-08-12 20:41:40.484426,580.01,21.382,21.769,0,0,21.865,22.188
2025-08-12 20:41:50.482416,590.01,21.479,21.704,0,0,21.865,22.188
2025-08-12 20:42:00.492390,600.01,21.35,21.801,0,0,21.865,22.188
2025-08-12 20:42:10.489503,610.01,21.35,21.672,0,0,21.865,22.188
2025-08-12 20:42:20.487411,620.01,21.479,21.704,0,0,21.865,22.188
2025-08-12 20:42:30.484332,630.01,21.285,21.64,0,0,21.865,22.188
2025-08-12 20:42:40.480820,640.01,21.414,21.704,0,0,21.865,22.188
2025-08-12 20:42:50.492018,650.01,21.382,21.736,0,0,21.865,22.188
2025-08-12 20:43:00.489872,660.01,21.221,21.672,0,0,21.865,22.188
2025-08-12 20:43:10.487169,670.01,21.317,21.704,0,0,21.865,22.188
2025-08-12 20:43:20.483997,680.0,21.543,21.672,0,0,21.865,22.188
2025-08-12 20:43:30.481771,690.0,21.511,21.672,0,0,21.865,22.188
2025-08-12 20:43:40.491043,700.01,21.511,21.575,0,0,21.865,22.188
2025-08-12 20:43:50.488922,710.01,21.543,21.575,0,0,21.865,22.188
2025-08-12 20:44:00.473607,720.01,21.511,21.543,0,0,21.865,22.188
2025-08-12 20:44:10.483475,730.01,21.414,21.543,0,0,21.865,22.188
2025-08-12 20:44:20.481671,740.01,21.414,21.607,0,0,21.865,22.188
2025-08-12 20:44:30.480727,750.01,21.446,21.543,0,0,21.865,22.188
2025-08-12 20:44:40.475522,760.01,21.414,21.575,0,0,21.865,22.188
2025-08-12 20:44:50.486551,770.01,21.479,21.543,0,0,21.865,22.188
2025-08-12 20:45:00.483301,780.01,21.511,21.543,0,0,21.865,22.188
2025-08-12 20:45:10.481453,790.01,21.414,21.607,0,0,21.865,22.188
2025-08-12 20:45:20.478356,800.01,21.414,21.575,0,0,21.865,22.188
2025-08-12 20:45:30.490633,810.01,21.479,21.543,0,0,21.865,22.091
2025-08-12 20:45:40.485693,820.01,21.543,21.543,0,0,21.865,22.188
2025-08-12 20:45:50.484343,830.0,21.414,21.607,0,0,21.865,22.188
2025-08-12 20:46:00.481835,840.01,21.479,21.543,0,0,21.865,22.188
2025-08-12 20:46:10.491138,850.01,21.414,21.543,0,0,21.833,22.188
2025-08-12 20:46:20.488595,860.01,21.35,21.543,0,0,21.865,22.188
2025-08-12 20:46:30.485451,870.01,21.35,21.543,0,0,21.865,22.155
2025-08-12 20:46:40.482620,880.01,21.414,21.543,0,0,21.865,22.155
2025-08-12 20:46:50.480985,890.01,21.221,21.543,0,0,21.865,22.155
2025-08-12 20:47:00.491105,900.01,21.221,21.543,0,0,21.865,22.188
2025-08-12 20:47:10.487960,910.0,21.221,21.543,0,0,21.865,22.188
2025-08-12 20:47:20.484923,920.01,21.221,21.543,0,0,21.865,22.155
2025-08-12 20:47:30.482700,930.0,21.221,21.543,0,0,21.865,22.188
2025-08-12 20:47:40.492196,940.01,21.221,21.543,0,0,21.865,22.188
2025-08-12 20:47:50.476715,950.0,21.221,21.543,0,0,21.833,22.059
2025-08-12 20:48:00.474325,960.01,21.221,21.543,0,0,21.865,22.155
2025-08-12 20:48:10.472699,970.01,21.221,21.543,0,0,21.865,22.123
2025-08-12 20:48:20.469745,980.01,21.221,21.543,0,0,21.865,22.155
2025-08-12 20:48:30.466831,990.0,21.221,21.543,0,0,21.865,22.155
2025-08-12 20:48:40.476544,1000.01,21.221,21.543,0,0,21.865,22.188
2025-08-12 20:48:50.475629,1010.01,21.221,21.543,0,0,21.801,22.091
2025-08-12 20:49:00.484943,1020.01,21.221,21.543,0,0,21.801,22.091
2025-08-12 20:49:10.484454,1030.01,21.221,21.543,0,0,21.865,22.123
2025-08-12 20:49:20.480425,1040.01,21.221,21.543,0,0,21.833,22.026
2025-08-12 20:49:30.478012,1050.01,21.221,21.543,0,0,21.865,22.188
2025-08-12 20:49:40.487583,1060.01,21.221,21.543,0,0,21.865,22.059
2025-08-12 20:49:50.486986,1070.01,21.221,21.543,0,0,21.833,21.994
2025-08-12 20:50:00.482959,1080.01,21.221,21.543,0,0,21.769,21.994
2025-08-12 20:50:10.480895,1090.01,21.221,21.543,0,0,21.865,22.155
2025-08-12 20:50:20.489911,1100.01,21.221,21.543,0,0,21.865,22.123
2025-08-12 20:50:30.486901,1110.01,21.221,21.543,0,0,21.801,22.188
2025-08-12 20:50:40.484774,1120.01,21.221,21.543,0,0,21.865,22.155
2025-08-12 20:50:50.482258,1130.0,21.221,21.543,0,0,21.865,22.059
2025-08-12 20:51:00.479649,1140.0,21.221,21.543,0,0,21.833,22.188
2025-08-12 20:51:10.490265,1150.01,21.221,21.543,0,0,21.736,22.091
2025-08-12 20:51:20.487325,1160.01,21.221,21.543,0,0,21.833,22.188
2025-08-12 20:51:30.471754,1170.01,21.221,21.543,0,0,21.865,22.155
2025-08-12 20:51:40.469557,1180.0,21.221,21.543,0,0,21.801,22.155
2025-08-12 20:51:50.480704,1190.01,21.221,21.543,0,0,21.769,21.994
2025-08-12 20:52:00.477426,1200.01,21.221,21.543,0,0,21.865,22.059
2025-08-12 20:52:10.487585,1210.01,21.221,21.543,0,0,21.865,22.091
2025-08-12 20:52:20.484774,1220.01,21.221,21.543,0,0,21.865,22.123
2025-08-12 20:52:30.482784,1230.01,21.221,21.543,0,0,21.865,22.091
2025-08-12 20:52:40.479793,1240.0,21.221,21.543,0,0,21.865,22.155
2025-08-12 20:52:50.477163,1250.01,21.221,21.543,0,0,21.865,22.059
2025-08-12 20:53:00.487772,1260.01,21.221,21.543,0,0,21.865,22.188
2025-08-12 20:53:10.485965,1270.01,21.221,21.543,0,0,21.865,22.155
2025-08-12 20:53:20.482706,1280.01,21.221,21.543,0,0,21.865,22.188
2025-08-12 20:53:30.480005,1290.0,21.221,21.543,0,0,21.865,22.155
2025-08-12 20:53:40.490270,1300.01,21.221,21.543,0,0,21.833,22.155
2025-08-12 20:53:50.475158,1310.0,21.221,21.543,0,0,21.704,22.155
2025-08-12 20:54:00.486066,1320.01,21.221,21.543,0,0,21.865,22.155
2025-08-12 20:54:10.483388,1330.01,21.221,21.543,0,0,21.769,21.994
2025-08-12 20:54:20.493928,1340.01,21.221,21.543,0,0,21.736,21.994
2025-08-12 20:54:30.491884,1350.01,21.188,21.543,0,0,21.64,21.93
2025-08-12 20:54:40.488452,1360.01,21.221,21.543,0,0,21.64,21.897
2025-08-12 20:54:50.474193,1370.01,21.188,21.543,0,0,21.801,21.93
2025-08-12 20:55:00.484381,1380.01,21.221,21.543,0,0,21.672,22.026
2025-08-12 20:55:10.481325,1390.01,21.221,21.543,0,0,21.543,21.994
2025-08-12 20:55:20.477551,1400.01,21.221,21.543,0,0,21.801,22.091
2025-08-12 20:55:30.488167,1410.01,21.221,21.543,0,0,21.769,21.897
2025-08-12 20:55:40.472416,1420.0,21.221,21.543,0,0,21.801,21.897
2025-08-12 20:55:50.483999,1430.01,21.221,21.543,0,0,21.833,22.059
2025-08-12 20:56:00.481466,1440.01,21.221,21.543,0,0,21.801,22.059
2025-08-12 20:56:10.478543,1450.01,21.221,21.543,0,0,21.769,21.962
2025-08-12 20:56:20.488922,1460.01,21.221,21.543,0,0,21.575,21.93
2025-08-12 20:56:30.473322,1470.0,21.221,21.543,0,0,21.769,21.994
2025-08-12 20:56:40.484019,1480.01,21.221,21.511,0,0,21.575,21.962
2025-08-12 20:56:50.481872,1490.01,21.221,21.543,0,0,21.704,22.155
2025-08-12 20:57:00.492537,1500.01,21.221,21.543,0,0,21.704,22.091
2025-08-12 20:57:10.476885,1510.0,21.221,21.543,0,0,21.769,22.026
2025-08-12 20:57:20.487121,1520.01,21.221,21.543,0,0,21.865,22.026
2025-08-12 20:57:30.485074,1530.01,21.221,21.543,0,0,21.769,22.026
2025-08-12 20:57:40.482041,1540.01,21.221,21.543,0,0,21.769,21.962
2025-08-12 20:57:50.466643,1550.0,21.221,21.543,0,0,21.736,22.026
2025-08-12 20:58:00.477136,1560.01,21.221,21.511,0,0,21.672,21.994
2025-08-12 20:58:10.475459,1570.01,21.221,21.543,0,0,21.769,22.059
2025-08-12 20:58:20.484988,1580.01,21.221,21.543,0,0,21.736,21.962
2025-08-12 20:58:30.482564,1590.0,21.156,21.543,0,0,21.64,21.865
2025-08-12 20:58:40.481299,1600.01,21.156,21.511,0,0,21.575,21.897
2025-08-12 20:58:50.478762,1610.01,21.221,21.479,0,0,21.64,21.865
2025-08-12 20:59:00.475684,1620.0,21.188,21.479,0,0,21.64,21.865
2025-08-12 20:59:10.473667,1630.0,21.092,21.479,0,0,21.575,21.865
2025-08-12 20:59:20.483897,1640.0,21.188,21.382,0,0,21.543,21.865
2025-08-12 20:59:30.481448,1650.0,21.124,21.382,0,0,21.543,21.865
2025-08-12 20:59:40.479285,1660.01,21.092,21.511,0,0,21.575,21.93
2025-08-12 20:59:50.491145,1670.01,21.188,21.511,0,0,21.543,21.897
2025-08-12 21:00:00.486601,1680.01,21.156,21.414,0,0,21.543,21.865
2025-08-12 21:00:10.484306,1690.01,21.188,21.414,0,0,21.543,21.865
2025-08-12 21:00:20.481784,1700.0,21.156,21.511,0,0,21.64,21.962
2025-08-12 21:00:30.492406,1710.01,21.188,21.446,0,0,21.704,21.93
2025-08-12 21:00:40.489339,1720.01,21.221,21.414,0,0,21.64,21.93
2025-08-12 21:00:50.488207,1730.01,21.156,21.414,0,0,21.575,21.897
2025-08-12 21:01:00.484435,1740.0,21.124,21.446,0,0,21.543,21.897
2025-08-12 21:01:10.482519,1750.01,21.156,21.382,0,0,21.575,21.93
2025-08-12 21:01:20.479908,1760.01,20.995,21.414,0,0,21.64,21.865
2025-08-12 21:01:30.477292,1770.01,20.963,21.317,0,0,21.543,21.865
2025-08-12 21:01:40.474275,1780.01,21.124,21.382,0,0,21.543,21.865
2025-08-12 21:01:50.484512,1790.01,21.221,21.511,0,0,21.543,21.865
2025-08-12 21:02:00.482282,1800.01,21.221,21.285,0,0,21.543,21.865
2025-08-12 21:02:10.479227,1810.01,21.221,21.35,0,0,21.543,21.865
2025-08-12 21:02:20.489593,1820.01,21.221,21.414,0,0,21.543,21.865
2025-08-12 21:02:30.486655,1830.01,21.188,21.317,0,0,21.543,21.865
2025-08-12 21:02:40.484181,1840.01,21.221,21.317,0,0,21.543,21.865
2025-08-12 21:02:50.493952,1850.01,21.221,21.511,0,0,21.543,21.865
2025-08-12 21:03:00.492214,1860.01,21.221,21.446,0,0,21.543,21.865
2025-08-12 21:03:10.477169,1870.01,21.188,21.414,0,0,21.543,21.865
2025-08-12 21:03:20.486747,1880.01,21.221,21.479,0,0,21.543,21.897
2025-08-12 21:03:30.482736,1890.01,21.221,21.285,0,0,21.543,21.865
2025-08-12 21:03:40.480516,1900.0,21.221,21.317,0,0,21.543,21.865
2025-08-12 21:03:50.490209,1910.01,21.221,21.446,0,0,21.543,21.865
2025-08-12 21:04:00.487993,1920.01,21.221,21.382,0,0,21.543,21.865
2025-08-12 21:04:10.484217,1930.0,21.221,21.414,0,0,21.543,21.865
2025-08-12 21:04:20.481588,1940.01,21.221,21.414,0,0,21.543,21.865
2025-08-12 21:04:30.492032,1950.01,21.221,21.446,0,0,21.543,21.865
2025-08-12 21:04:40.476674,1960.0,21.221,21.35,0,0,21.543,21.865
2025-08-12 21:04:50.486754,1970.01,21.221,21.382,0,0,21.543,21.865
2025-08-12 21:05:00.484382,1980.01,21.221,21.382,0,0,21.543,21.865
2025-08-12 21:05:10.497796,1990.01,21.221,21.446,0,0,21.543,21.865
2025-08-12 21:05:20.479336,2000.01,21.156,21.285,0,0,21.543,21.865
2025-08-12 21:05:30.476794,2010.01,21.027,21.317,0,0,21.543,21.865
2025-08-12 21:05:40.474052,2020.0,20.931,21.414,0,0,21.543,21.865
2025-08-12 21:05:50.471137,2030.0,20.995,21.285,0,0,21.543,21.865
2025-08-12 21:06:00.481409,2040.01,20.931,21.35,0,0,21.543,21.865
2025-08-12 21:06:10.478809,2050.01,20.931,21.382,0,0,21.543,21.865
2025-08-12 21:06:20.477001,2060.01,20.963,21.253,0,0,21.543,21.865
2025-08-12 21:06:30.486391,2070.01,21.092,21.317,0,0,21.543,21.865
2025-08-12 21:06:40.484543,2080.01,20.995,21.382,0,0,21.543,21.865
2025-08-12 21:06:50.481000,2090.01,21.124,21.317,0,0,21.543,21.865
2025-08-12 21:07:00.478233,2100.01,21.027,21.285,0,0,21.543,21.865
2025-08-12 21:07:10.488970,2110.01,20.963,21.253,0,0,21.543,21.865
2025-08-12 21:07:20.486323,2120.01,21.092,21.253,0,0,21.543,21.865
2025-08-12 21:07:30.483379,2130.01,20.963,21.253,0,0,21.543,21.865
2025-08-12 21:07:40.480787,2140.0,21.06,21.317,0,0,21.543,21.865
2025-08-12 21:07:50.476934,2150.01,21.156,21.253,0,0,21.543,21.865
2025-08-12 21:08:00.487976,2160.01,20.931,21.253,0,0,21.543,21.865
2025-08-12 21:08:10.485147,2170.01,20.995,21.285,0,0,21.543,21.865
2025-08-12 21:08:20.481883,2180.01,20.995,21.253,0,0,21.543,21.865
2025-08-12 21:08:30.479960,2190.01,20.995,21.221,0,0,21.543,21.865
2025-08-12 21:08:40.476583,2200.0,20.963,21.253,0,0,21.543,21.865
2025-08-12 21:08:50.486364,2210.01,20.963,21.253,0,0,21.543,21.865
2025-08-12 21:09:00.484811,2220.01,20.931,21.221,0,0,21.543,21.865
2025-08-12 21:09:10.482364,2230.01,20.898,21.253,0,0,21.543,21.865
2025-08-12 21:09:20.492794,2240.01,20.931,21.253,0,0,21.543,21.865
2025-08-12 21:09:30.490232,2250.01,20.898,21.253,0,0,21.543,21.865
2025-08-12 21:09:40.487305,2260.0,20.963,21.221,0,0,21.543,21.865
2025-08-12 21:09:50.483940,2270.01,20.931,21.221,0,0,21.543,21.865
2025-08-12 21:10:00.494768,2280.01,20.931,21.221,0,0,21.543,21.865
2025-08-12 21:10:10.492384,2290.01,20.931,21.221,0,0,21.543,21.865
2025-08-12 21:10:20.489198,2300.01,20.931,21.221,0,0,21.543,21.865
2025-08-12 21:10:30.486855,2310.01,20.898,21.221,0,0,21.543,21.865
2025-08-12 21:10:40.496982,2320.01,20.898,21.253,0,0,21.543,21.865
2025-08-12 21:10:50.481342,2330.01,20.898,21.221,0,0,21.543,21.865
2025-08-12 21:11:00.466505,2340.0,20.898,21.221,0,0,21.543,21.865
2025-08-12 21:11:10.477164,2350.01,20.898,21.221,0,0,21.543,21.865
2025-08-12 21:11:20.485927,2360.01,20.898,21.221,0,0,21.543,21.865
2025-08-12 21:11:30.471396,2370.0,20.898,21.221,0,0,21.543,21.865
2025-08-12 21:11:40.468434,2380.0,20.898,21.221,0,0,21.543,21.865
2025-08-12 21:11:50.478532,2390.01,20.898,21.221,0,0,21.543,21.865
2025-08-12 21:12:00.488668,2400.01,20.898,21.221,0,0,21.543,21.865
2025-08-12 21:12:10.487031,2410.01,20.898,21.221,0,0,21.543,21.865
2025-08-12 21:12:20.470255,2420.0,20.898,21.221,0,0,21.543,21.865
2025-08-12 21:12:30.481758,2430.01,20.898,21.221,0,0,21.543,21.865
2025-08-12 21:12:40.481145,2440.0,20.898,21.221,0,0,21.543,21.865
2025-08-12 21:12:50.483415,2450.0,20.898,21.221,0,0,21.543,21.865
2025-08-12 21:13:00.477797,2460.01,20.898,21.221,0,0,21.543,21.865
2025-08-12 21:13:10.485563,2470.01,20.898,21.221,0,0,21.543,21.865
2025-08-12 21:13:20.482514,2480.01,20.898,21.221,0,0,21.511,21.865
2025-08-12 21:13:30.478773,2490.01,20.898,21.221,0,0,21.543,21.865
2025-08-12 21:13:40.488616,2500.01,20.898,21.221,0,0,21.543,21.865
2025-08-12 21:13:50.484723,2510.01,20.898,21.221,0,0,21.543,21.865
2025-08-12 21:14:00.483256,2520.01,20.898,21.221,0,0,21.543,21.865
2025-08-12 21:14:10.493025,2530.01,20.898,21.221,0,0,21.543,21.865
2025-08-12 21:14:20.490249,2540.01,20.898,21.221,0,0,21.543,21.865
2025-08-12 21:14:30.487537,2550.01,20.898,21.221,0,0,21.543,21.865
2025-08-12 21:14:40.484913,2560.01,20.898,21.221,0,0,21.543,21.865
2025-08-12 21:14:50.469000,2570.01,20.898,21.221,0,0,21.543,21.865
2025-08-12 21:15:00.479411,2580.01,20.898,21.221,0,0,21.543,21.865
2025-08-12 21:15:10.480182,2590.01,20.898,21.221,0,0,21.543,21.865
2025-08-12 21:15:20.485503,2600.01,20.898,21.221,0,0,21.543,21.865
2025-08-12 21:15:30.483226,2610.01,20.931,21.221,0,0,21.543,21.865
2025-08-12 21:15:40.467536,2620.0,20.898,21.221,0,0,21.543,21.865
2025-08-12 21:15:50.478183,2630.01,20.898,21.221,0,0,21.543,21.865
2025-08-12 21:16:00.488282,2640.01,20.898,21.221,0,0,21.543,21.865
2025-08-12 21:16:10.486352,2650.01,20.898,21.221,0,0,21.543,21.865
2025-08-12 21:16:20.482728,2660.01,20.898,21.221,0,0,21.543,21.865
2025-08-12 21:16:30.480591,2670.01,20.898,21.221,0,0,21.543,21.865
2025-08-12 21:16:40.477227,2680.01,20.898,21.221,0,0,21.543,21.865
2025-08-12 21:16:50.475299,2690.0,20.898,21.221,0,0,21.543,21.865
2025-08-12 21:17:00.484615,2700.01,20.898,21.221,0,0,21.543,21.865
2025-08-12 21:17:10.483294,2710.01,20.898,21.221,0,0,21.543,21.865
2025-08-12 21:17:20.492642,2720.01,20.898,21.221,0,0,21.543,21.865
2025-08-12 21:17:30.490273,2730.01,20.898,21.221,0,0,21.543,21.865
2025-08-12 21:17:40.487087,2740.0,20.898,21.221,0,0,21.543,21.865
2025-08-12 21:17:50.484926,2750.0,20.898,21.221,0,0,21.543,21.865
2025-08-12 21:18:00.495081,2760.01,20.898,21.221,0,0,21.543,21.865
2025-08-12 21:18:10.492275,2770.01,20.898,21.221,0,0,21.543,21.865
2025-08-12 21:18:20.490806,2780.01,20.898,21.221,0,0,21.543,21.865
2025-08-12 21:18:30.474476,2790.01,20.898,21.221,0,0,21.543,21.865
2025-08-12 21:18:40.471548,2800.0,20.898,21.221,0,0,21.543,21.865
2025-08-12 21:18:50.481469,2810.01,20.898,21.221,0,0,21.543,21.865
2025-08-12 21:19:00.481931,2820.01,20.898,21.221,0,0,21.543,21.865
2025-08-12 21:19:10.488605,2830.01,20.898,21.221,0,0,21.543,21.865
2025-08-12 21:19:20.485939,2840.01,20.963,21.221,0,0,21.543,21.865
2025-08-12 21:19:30.471216,2850.0,20.963,21.221,0,0,21.543,21.865
2025-08-12 21:19:40.481192,2860.01,20.931,21.221,0,0,21.543,21.865
2025-08-12 21:19:50.494027,2870.01,20.931,21.221,0,0,21.543,21.865
2025-08-12 21:20:00.477540,2880.0,20.898,21.221,0,0,21.543,21.865
2025-08-12 21:20:10.485956,2890.01,20.898,21.221,0,0,21.543,21.865
2025-08-12 21:20:20.483746,2900.01,20.898,21.221,0,0,21.543,21.865
2025-08-12 21:20:30.481169,2910.01,20.898,21.221,0,0,21.543,21.865
2025-08-12 21:20:40.491297,2920.01,20.898,21.221,0,0,21.543,21.865
2025-08-12 21:20:50.488056,2930.01,20.898,21.221,0,0,21.543,21.865
2025-08-12 21:21:00.484965,2940.01,20.898,21.221,0,0,21.543,21.865
2025-08-12 21:21:10.482261,2950.01,20.931,21.221,0,0,21.543,21.865
2025-08-12 21:21:20.492571,2960.01,20.963,21.221,0,0,21.543,21.865
2025-08-12 21:21:30.489439,2970.01,20.931,21.221,0,0,21.543,21.865
2025-08-12 21:21:40.486848,2980.01,20.898,21.221,0,0,21.543,21.865
2025-08-12 21:21:50.484027,2990.01,20.931,21.221,0,0,21.543,21.865
2025-08-12 21:22:00.495088,3000.01,20.931,21.221,0,0,21.543,21.865
2025-08-12 21:22:10.491820,3010.01,20.898,21.221,0,0,21.414,21.865
2025-08-12 21:22:20.488843,3020.01,20.898,21.221,0,0,21.543,21.865
2025-08-12 21:22:30.474074,3030.0,20.898,21.221,0,0,21.479,21.865
2025-08-12 21:22:40.471163,3040.01,20.898,21.221,0,0,21.543,21.833
2025-08-12 21:22:50.482209,3050.01,20.898,21.221,0,0,21.543,21.833
2025-08-12 21:23:00.479024,3060.01,20.898,21.221,0,0,21.543,21.865
2025-08-12 21:23:10.476586,3070.01,20.898,21.188,0,0,21.543,21.865
2025-08-12 21:23:20.485633,3080.01,20.898,21.221,0,0,21.543,21.833
2025-08-12 21:23:30.484428,3090.01,20.866,21.221,0,0,21.543,21.865
2025-08-12 21:23:40.480987,3100.01,20.898,21.221,0,0,21.543,21.833
2025-08-12 21:23:50.477705,3110.01,20.834,21.221,0,0,21.543,21.865
2025-08-12 21:24:00.488608,3120.01,20.898,21.221,0,0,21.511,21.833
2025-08-12 21:24:10.486087,3130.01,20.898,21.221,0,0,21.511,21.865
2025-08-12 21:24:20.483336,3140.01,20.898,21.221,0,0,21.543,21.865
2025-08-12 21:24:30.480486,3150.01,20.898,21.221,0,0,21.511,21.865
2025-08-12 21:24:40.490746,3160.01,20.898,21.221,0,0,21.543,21.801
2025-08-12 21:24:50.487377,3170.01,20.898,21.221,0,0,21.543,21.833
2025-08-12 21:25:00.486922,3180.01,20.898,21.221,0,0,21.543,21.833
2025-08-12 21:25:10.481970,3190.01,20.898,21.188,0,0,21.543,21.865
2025-08-12 21:25:20.492264,3200.01,20.898,21.221,0,0,21.543,21.736
2025-08-12 21:25:30.489840,3210.01,20.898,21.221,0,0,21.543,21.865
2025-08-12 21:25:40.486840,3220.01,20.898,21.221,0,0,21.543,21.865
2025-08-12 21:25:50.484066,3230.01,20.898,21.221,0,0,21.543,21.865
2025-08-12 21:26:00.481416,3240.0,20.898,21.221,0,0,21.511,21.865
2025-08-12 21:26:10.491308,3250.01,20.898,21.221,0,0,21.543,21.833
2025-08-12 21:26:20.475673,3260.01,20.898,21.188,0,0,21.543,21.865
2025-08-12 21:26:30.473111,3270.01,20.898,21.221,0,0,21.543,21.801
2025-08-12 21:26:40.483423,3280.01,20.866,21.221,0,0,21.543,21.865
2025-08-12 21:26:50.480607,3290.01,20.898,21.188,0,0,21.511,21.769
2025-08-12 21:27:00.478330,3300.01,20.898,21.221,0,0,21.479,21.769
2025-08-12 21:27:10.475916,3310.01,20.898,21.188,0,0,21.414,21.736
2025-08-12 21:27:20.485703,3320.01,20.898,21.188,0,0,21.479,21.801
2025-08-12 21:27:30.484885,3330.01,20.834,21.156,0,0,21.414,21.736
2025-08-12 21:27:40.480708,3340.0,20.834,21.06,0,0,21.543,21.64
2025-08-12 21:27:50.477518,3350.01,20.834,21.156,0,0,21.479,21.801
2025-08-12 21:28:00.488735,3360.01,20.834,21.188,0,0,21.543,21.736
2025-08-12 21:28:10.486829,3370.01,20.898,21.092,0,0,21.543,21.865
2025-08-12 21:28:20.482824,3380.01,20.898,21.188,0,0,21.543,21.865
2025-08-12 21:28:30.481151,3390.01,20.898,21.156,0,0,21.511,21.801
2025-08-12 21:28:40.491600,3400.01,20.802,21.188,0,0,21.543,21.704
2025-08-12 21:28:50.487865,3410.01,20.898,21.188,0,0,21.479,21.801
2025-08-12 21:29:00.486356,3420.0,20.898,21.092,0,0,21.382,21.801
2025-08-12 21:29:10.496264,3430.01,20.898,21.092,0,0,21.382,21.64
2025-08-12 21:29:20.493242,3440.01,20.898,21.06,0,0,21.35,21.704
2025-08-12 21:29:30.490939,3450.01,20.834,21.124,0,0,21.382,21.833
2025-08-12 21:29:40.487655,3460.01,20.898,21.156,0,0,21.446,21.704
2025-08-12 21:29:50.497937,3470.01,20.898,21.221,0,0,21.446,21.801
2025-08-12 21:30:00.483769,3480.01,20.866,21.188,0,0,21.543,21.704
2025-08-12 21:30:10.480667,3490.01,20.834,21.221,0,0,21.479,21.672
2025-08-12 21:30:20.478100,3500.01,20.866,21.188,0,0,21.511,21.769
2025-08-12 21:30:30.487808,3510.01,20.898,21.124,0,0,21.479,21.801
2025-08-12 21:30:40.472505,3520.0,20.898,21.156,0,0,21.543,21.833
2025-08-12 21:30:50.482474,3530.01,20.866,21.156,0,0,21.511,21.736
2025-08-12 21:31:00.480891,3540.01,20.866,21.124,0,0,21.35,21.736
2025-08-12 21:31:10.490735,3550.01,20.866,21.188,0,0,21.414,21.736
2025-08-12 21:31:20.483830,3560.0,20.866,21.156,0,0,21.382,21.769
2025-08-12 21:31:30.469050,3569.99,20.898,21.221,0,0,21.285,21.543
2025-08-12 21:31:40.485427,3580.0,20.834,21.188,0,0,21.414,21.704
2025-08-12 21:31:50.478633,3590.01,20.834,21.124,0,0,21.317,21.801
2025-08-12 21:32:00.489090,3600.01,20.77,21.188,0,0,21.414,21.736
2025-08-12 21:32:10.484239,3610.01,20.898,21.124,0,0,21.446,21.833
2025-08-12 21:32:20.493761,3620.01,20.898,21.156,0,0,21.446,21.543
2025-08-12 21:32:30.491309,3630.01,20.898,21.221,0,0,21.479,21.736
2025-08-12 21:32:40.475047,3640.01,20.898,21.188,0,0,21.446,21.64
2025-08-12 21:32:50.471942,3650.01,20.898,21.156,0,0,21.414,21.64
2025-08-12 21:33:00.482850,3660.01,20.898,21.156,0,0,21.446,21.833
2025-08-12 21:33:10.480206,3670.0,20.866,21.188,0,0,21.511,21.704
2025-08-12 21:33:20.475657,3680.01,20.866,21.188,0,0,21.414,21.833
2025-08-12 21:33:30.474347,3690.01,20.898,21.221,0,0,21.479,21.736
2025-08-12 21:33:40.485714,3700.01,20.898,21.221,0,0,21.479,21.769
2025-08-12 21:33:50.480825,3710.01,20.898,21.156,0,0,21.221,21.704
2025-08-12 21:34:00.478397,3720.01,20.802,21.092,0,0,21.35,21.704
2025-08-12 21:34:10.488701,3730.01,20.898,21.188,0,0,21.446,21.607
2025-08-12 21:34:20.486227,3740.01,20.866,21.188,0,0,21.414,21.704
2025-08-12 21:34:30.483584,3750.01,20.898,21.188,0,0,21.479,21.801
2025-08-12 21:34:40.481223,3760.01,20.834,21.188,0,0,21.479,21.736
2025-08-12 21:34:50.490703,3770.01,20.898,21.156,0,0,21.414,21.769
2025-08-12 21:35:00.489519,3780.01,20.898,21.221,0,0,21.511,21.769
2025-08-12 21:35:10.486816,3790.01,20.898,21.188,0,0,21.479,21.769
2025-08-12 21:35:20.483088,3800.01,20.898,21.221,0,0,21.479,21.833
2025-08-12 21:35:30.480287,3810.01,20.898,21.221,0,0,21.511,21.833
2025-08-12 21:35:40.490901,3820.01,20.898,21.221,0,0,21.479,21.833
2025-08-12 21:35:50.487299,3830.0,20.898,21.221,0,0,21.543,21.801
2025-08-12 21:36:00.485141,3840.01,20.898,21.221,0,0,21.511,21.801
2025-08-12 21:36:10.483499,3850.01,20.898,21.221,0,0,21.543,21.833
2025-08-12 21:36:20.480299,3860.01,20.898,21.188,0,0,21.511,21.865
2025-08-12 21:36:30.477389,3870.0,20.898,21.221,0,0,21.543,21.865
2025-08-12 21:36:40.475620,3880.01,20.898,21.221,0,0,21.543,21.769
2025-08-12 21:36:50.472517,3890.0,20.898,21.156,0,0,21.35,21.64
2025-08-12 21:37:00.484345,3900.01,20.898,21.221,0,0,21.414,21.801
2025-08-12 21:37:10.480912,3910.01,20.898,21.221,0,0,21.414,21.736
2025-08-12 21:37:20.491397,3920.01,20.898,21.221,0,0,21.543,21.801
2025-08-12 21:37:30.487984,3930.01,20.898,21.221,0,0,21.543,21.801
2025-08-12 21:37:40.485197,3940.01,20.898,21.221,0,0,21.511,21.769
2025-08-12 21:37:50.484384,3950.01,20.898,21.221,0,0,21.511,21.801
2025-08-12 21:38:00.480635,3960.0,20.898,21.221,0,0,21.543,21.801
2025-08-12 21:38:10.491369,3970.01,20.898,21.221,0,0,21.511,21.769
2025-08-12 21:38:20.488740,3980.0,20.898,21.221,0,0,21.479,21.736
2025-08-12 21:38:30.485599,3990.0,20.898,21.156,0,0,21.511,21.704
2025-08-12 21:38:40.483520,4000.0,20.898,21.188,0,0,21.511,21.704
2025-08-12 21:38:50.481628,4010.01,20.866,21.221,0,0,21.446,21.769
2025-08-12 21:39:00.477620,4020.0,20.866,21.221,0,0,21.35,21.833
2025-08-12 21:39:10.474289,4030.01,20.898,21.221,0,0,21.35,21.769
2025-08-12 21:39:20.485698,4040.01,20.834,21.221,0,0,21.511,21.769
2025-08-12 21:39:30.469958,4050.0,20.834,21.188,0,0,21.35,21.64
2025-08-12 21:39:40.480209,4060.01,20.77,21.221,0,0,21.414,21.704
2025-08-12 21:39:50.477473,4070.01,20.705,21.221,0,0,21.35,21.801
2025-08-12 21:40:00.487416,4080.01,20.866,21.221,0,0,21.285,21.64
2025-08-12 21:40:10.484136,4090.01,20.898,21.221,0,0,21.221,21.575
2025-08-12 21:40:20.482269,4100.01,20.898,21.221,0,0,21.35,21.704
2025-08-12 21:40:30.479915,4110.01,20.866,21.188,0,0,21.253,21.64
2025-08-12 21:40:40.476801,4120.01,20.898,21.221,0,0,21.414,21.672
2025-08-12 21:40:50.474631,4130.0,20.866,21.188,0,0,21.221,21.575
2025-08-12 21:41:00.484458,4140.01,20.898,21.188,0,0,21.446,21.64
2025-08-12 21:41:10.482290,4150.01,20.866,21.188,0,0,21.317,21.704
2025-08-12 21:41:20.491809,4160.01,20.834,21.221,0,0,21.253,21.543
2025-08-12 21:41:30.489512,4170.01,20.898,21.188,0,0,21.221,21.607
2025-08-12 21:41:40.486562,4180.01,20.866,21.188,0,0,21.285,21.672
2025-08-12 21:41:50.484961,4190.0,20.898,21.188,0,0,21.382,21.575
2025-08-12 21:42:00.493963,4200.01,20.898,21.124,0,0,21.221,21.607
2025-08-12 21:42:10.492470,4210.01,20.898,21.221,0,0,21.285,21.575
2025-08-12 21:42:20.489879,4220.01,20.898,21.156,0,0,21.35,21.607
2025-08-12 21:42:30.474004,4230.0,20.898,21.221,0,0,21.253,21.672
2025-08-12 21:42:40.470605,4240.0,20.898,21.092,0,0,21.317,21.607
2025-08-12 21:42:50.481469,4250.01,20.898,21.124,0,0,21.221,21.607
2025-08-12 21:43:00.477656,4260.01,20.898,21.188,0,0,21.35,21.575
2025-08-12 21:43:10.475432,4270.01,20.866,21.188,0,0,21.221,21.704
2025-08-12 21:43:20.485312,4280.01,20.802,21.188,0,0,21.221,21.575
2025-08-12 21:43:30.482704,4290.01,20.898,21.156,0,0,21.285,21.607
2025-08-12 21:43:40.481301,4300.01,20.866,21.188,0,0,21.221,21.672
2025-08-12 21:43:50.477018,4310.01,20.866,21.092,0,0,21.253,21.607
2025-08-12 21:44:00.486289,4320.01,20.802,21.221,0,0,21.221,21.543
2025-08-12 21:44:10.484033,4330.01,20.866,21.221,0,0,21.221,21.543
2025-08-12 21:44:20.481386,4340.01,20.866,21.027,0,0,21.221,21.543
2025-08-12 21:44:30.478626,4350.01,20.866,21.092,0,0,21.317,21.543
2025-08-12 21:44:40.488998,4360.01,20.898,21.188,0,0,21.221,21.543
2025-08-12 21:44:50.473231,4370.0,20.898,21.156,0,0,21.285,21.607
2025-08-12 21:45:00.482335,4380.01,20.866,21.188,0,0,21.253,21.543
2025-08-12 21:45:10.480430,4390.01,20.77,21.092,0,0,21.285,21.543
2025-08-12 21:45:20.489732,4400.01,20.866,21.092,0,0,21.221,21.543
2025-08-12 21:45:30.487496,4410.01,20.834,21.156,0,0,21.221,21.543
2025-08-12 21:45:40.485222,4420.01,20.834,21.156,0,0,21.221,21.543
2025-08-12 21:45:50.481609,4430.01,20.77,21.124,0,0,21.253,21.575
2025-08-12 21:46:00.490875,4440.01,20.77,20.963,0,0,21.221,21.543
2025-08-12 21:46:10.490201,4450.01,20.802,21.027,0,0,21.221,21.543
2025-08-12 21:46:20.485682,4460.01,20.705,21.092,0,0,21.253,21.543
2025-08-12 21:46:30.496736,4470.01,20.705,21.124,0,0,21.221,21.543
2025-08-12 21:46:40.493642,4480.01,20.834,21.124,0,0,21.221,21.543
2025-08-12 21:46:50.477554,4490.0,20.866,21.156,0,0,21.253,21.543
2025-08-12 21:47:00.487308,4500.01,20.834,21.156,0,0,21.221,21.543
2025-08-12 21:47:10.484864,4510.01,20.866,21.221,0,0,21.221,21.575
2025-08-12 21:47:20.471466,4520.0,20.866,21.188,0,0,21.221,21.575
2025-08-12 21:47:30.479649,4530.01,20.898,21.124,0,0,21.221,21.543
2025-08-12 21:47:40.476141,4540.01,20.834,21.124,0,0,21.221,21.543
2025-08-12 21:47:50.474037,4550.0,20.834,21.124,0,0,21.221,21.543
2025-08-12 21:48:00.483195,4560.01,20.834,21.124,0,0,21.253,21.543
2025-08-12 21:48:10.480631,4570.01,20.802,21.188,0,0,21.221,21.543
2025-08-12 21:48:20.477865,4580.01,20.866,21.092,0,0,21.253,21.543
2025-08-12 21:48:30.488270,4590.01,20.737,21.092,0,0,21.221,21.543
2025-08-12 21:48:40.485644,4600.01,20.898,21.027,0,0,21.221,21.543
2025-08-12 21:48:50.483174,4610.01,20.802,21.027,0,0,21.285,21.543
2025-08-12 21:49:00.479369,4620.01,20.834,21.027,0,0,21.221,21.575
2025-08-12 21:49:10.489952,4630.01,20.834,20.995,0,0,21.221,21.543
2025-08-12 21:49:20.487641,4640.01,20.834,20.995,0,0,21.221,21.543
2025-08-12 21:49:30.485041,4650.01,20.802,21.027,0,0,21.221,21.543
2025-08-12 21:49:40.481056,4660.01,20.705,20.963,0,0,21.221,21.543
2025-08-12 21:49:50.491989,4670.01,20.737,20.995,0,0,21.221,21.543
2025-08-12 21:50:00.476379,4680.0,20.641,20.931,0,0,21.221,21.543
2025-08-12 21:50:10.485588,4690.01,20.77,20.931,0,0,21.221,21.543
2025-08-12 21:50:20.483877,4700.01,20.77,21.027,0,0,21.221,21.543
2025-08-12 21:50:30.480953,4710.01,20.705,20.995,0,0,21.221,21.543
2025-08-12 21:50:40.491083,4720.01,20.641,21.027,0,0,21.221,21.543
2025-08-12 21:50:50.488668,4730.01,20.673,20.931,0,0,21.221,21.543
2025-08-12 21:51:00.485168,4740.01,20.641,21.06,0,0,21.221,21.543
2025-08-12 21:51:10.483293,4750.01,20.898,21.092,0,0,21.221,21.543
2025-08-12 21:51:20.492780,4760.01,20.834,20.963,0,0,21.221,21.543
2025-08-12 21:51:30.476985,4770.0,20.898,21.092,0,0,21.221,21.543
2025-08-12 21:51:40.487400,4780.01,20.898,21.092,0,0,21.221,21.543
2025-08-12 21:51:50.483617,4790.01,20.898,21.027,0,0,21.221,21.543
2025-08-12 21:52:00.494700,4800.01,20.866,20.995,0,0,21.221,21.543
2025-08-12 21:52:10.491245,4810.01,20.898,21.124,0,0,21.221,21.543
2025-08-12 21:52:20.487618,4820.01,20.866,21.124,0,0,21.221,21.543
2025-08-12 21:52:30.485841,4830.0,20.898,21.092,0,0,21.221,21.543
2025-08-12 21:52:40.494332,4840.01,20.898,21.027,0,0,21.221,21.543
2025-08-12 21:52:50.491979,4850.01,20.898,21.027,0,0,21.221,21.543
2025-08-12 21:53:00.476009,4860.0,20.898,21.092,0,0,21.221,21.543
2025-08-12 21:53:10.485328,4870.01,20.834,20.995,0,0,21.221,21.543
2025-08-12 21:53:20.495812,4880.01,20.802,20.995,0,0,21.221,21.543
2025-08-12 21:53:30.467602,4890.0,20.866,20.898,0,0,21.221,21.543
2025-08-12 21:53:40.476911,4900.01,20.898,20.931,0,0,21.221,21.543
2025-08-12 21:53:50.474179,4910.01,20.898,20.931,0,0,21.221,21.543
2025-08-12 21:54:00.484802,4920.01,20.898,21.027,0,0,21.221,21.543
2025-08-12 21:54:10.482492,4930.01,20.866,21.027,0,0,21.221,21.543
2025-08-12 21:54:20.465971,4940.0,20.898,21.027,0,0,21.221,21.543
2025-08-12 21:54:30.476443,4950.01,20.898,20.931,0,0,21.221,21.543
2025-08-12 21:54:40.486148,4960.01,20.898,20.931,0,0,21.221,21.543
2025-08-12 21:54:50.483358,4970.01,20.898,20.931,0,0,21.221,21.543
2025-08-12 21:55:00.481393,4980.01,20.802,20.963,0,0,21.221,21.543
2025-08-12 21:55:10.478655,4990.01,20.641,20.898,0,0,21.221,21.543
2025-08-12 21:55:20.487742,5000.01,20.576,20.963,0,0,21.221,21.543
2025-08-12 21:55:30.485711,5010.01,20.576,20.963,0,0,21.221,21.543
2025-08-12 21:55:40.481981,5020.01,20.608,20.931,0,0,21.221,21.543
2025-08-12 21:55:50.479391,5030.01,20.576,20.931,0,0,21.221,21.543
2025-08-12 21:56:00.489243,5040.01,20.608,20.963,0,0,21.221,21.543
2025-08-12 21:56:10.486642,5050.01,20.576,20.898,0,0,21.221,21.543
2025-08-12 21:56:20.483643,5060.01,20.576,20.963,0,0,21.221,21.543
2025-08-12 21:56:30.480506,5070.01,20.576,20.931,0,0,21.221,21.543
2025-08-12 21:56:40.477164,5080.0,20.576,20.898,0,0,21.221,21.543
2025-08-12 21:56:50.487215,5090.01,20.641,20.931,0,0,21.221,21.543
2025-08-12 21:57:00.485319,5100.01,20.641,21.06,0,0,21.221,21.543
2025-08-12 21:57:10.482725,5110.01,20.576,20.898,0,0,21.221,21.543
2025-08-12 21:57:20.491116,5120.01,20.673,20.898,0,0,21.221,21.543
2025-08-12 21:57:30.488794,5130.01,20.673,20.931,0,0,21.221,21.543
2025-08-12 21:57:40.490294,5140.01,20.576,21.06,0,0,21.221,21.543
2025-08-12 21:57:50.484232,5150.01,20.77,21.027,0,0,21.221,21.543
2025-08-12 21:58:00.493093,5160.01,20.608,21.092,0,0,21.221,21.543
2025-08-12 21:58:10.490641,5170.01,20.608,20.963,0,0,21.221,21.543
2025-08-12 21:58:20.487051,5180.01,20.77,20.995,0,0,21.221,21.543
2025-08-12 21:58:30.485090,5190.01,20.641,20.963,0,0,21.221,21.543
2025-08-12 21:58:40.495004,5200.01,20.834,21.06,0,0,21.221,21.543
2025-08-12 21:58:50.491216,5210.01,20.608,20.963,0,0,21.221,21.543
2025-08-12 21:59:00.476463,5220.01,20.705,20.931,0,0,21.221,21.543
2025-08-12 21:59:10.478337,5230.01,20.608,20.995,0,0,21.221,21.543
2025-08-12 21:59:20.483692,5240.01,20.673,20.995,0,0,21.221,21.543
2025-08-12 21:59:30.480617,5250.01,20.737,20.931,0,0,21.221,21.543
2025-08-12 21:59:40.478874,5260.01,20.608,20.898,0,0,21.221,21.543
2025-08-12 21:59:50.474060,5270.01,20.673,20.995,0,0,21.221,21.543
2025-08-12 22:00:00.484568,5280.01,20.802,20.963,0,0,21.221,21.543
2025-08-12 22:00:10.482074,5290.01,20.673,21.06,0,0,21.221,21.543
2025-08-12 22:00:20.478862,5300.01,20.705,20.995,0,0,21.221,21.543
2025-08-12 22:00:30.489748,5310.01,20.737,20.931,0,0,21.221,21.543
2025-08-12 22:00:40.485880,5320.01,20.737,20.898,0,0,21.221,21.543
2025-08-12 22:00:50.483741,5330.01,20.737,20.995,0,0,21.221,21.543
2025-08-12 22:01:00.481025,5340.01,20.705,20.898,0,0,21.221,21.543
2025-08-12 22:01:10.477708,5350.01,20.705,20.898,0,0,21.221,21.543
2025-08-12 22:01:20.475137,5360.01,20.705,20.995,0,0,21.221,21.543
2025-08-12 22:01:30.484689,5370.01,20.673,20.995,0,0,21.221,21.543
2025-08-12 22:01:40.482649,5380.01,20.802,20.995,0,0,21.221,21.543
2025-08-12 22:01:50.479872,5390.0,20.802,21.027,0,0,21.221,21.543
2025-08-12 22:02:00.488811,5400.01,20.77,21.092,0,0,21.221,21.543
2025-08-12 22:02:10.473054,5410.0,20.898,21.027,0,0,21.221,21.543
2025-08-12 22:02:20.483192,5420.0,20.834,21.027,0,0,21.221,21.543
2025-08-12 22:02:30.480450,5430.0,20.866,21.06,0,0,21.221,21.543
2025-08-12 22:02:40.490694,5440.01,20.898,21.156,0,0,21.221,21.543
2025-08-12 22:02:50.475626,5450.0,20.77,21.027,0,0,21.221,21.543
2025-08-12 22:03:00.484844,5460.0,20.802,21.092,0,0,21.221,21.543
2025-08-12 22:03:10.482279,5470.01,20.834,21.092,0,0,21.221,21.543
2025-08-12 22:03:20.492409,5480.01,20.802,20.931,0,0,21.221,21.543
2025-08-12 22:03:30.489332,5490.01,20.77,20.963,0,0,21.221,21.543
2025-08-12 22:03:40.487346,5500.01,20.705,20.995,0,0,21.221,21.543
2025-08-12 22:03:50.484237,5510.0,20.834,21.027,0,0,21.221,21.543
2025-08-12 22:04:00.493803,5520.01,20.705,21.027,0,0,21.188,21.543
2025-08-12 22:04:10.491497,5530.01,20.641,21.06,0,0,21.221,21.543
2025-08-12 22:04:20.488420,5540.01,20.802,21.124,0,0,21.221,21.543
2025-08-12 22:04:30.486686,5550.01,20.641,21.027,0,0,21.221,21.543
2025-08-12 22:04:40.483346,5560.01,20.737,20.931,0,0,21.221,21.543
2025-08-12 22:04:50.494937,5570.01,20.673,21.027,0,0,21.221,21.543
2025-08-12 22:05:00.490182,5580.01,20.673,20.898,0,0,21.221,21.543
2025-08-12 22:05:10.475935,5590.01,20.641,20.963,0,0,21.221,21.543
2025-08-12 22:05:20.484976,5600.01,20.641,20.898,0,0,21.221,21.543
2025-08-12 22:05:30.482569,5610.01,20.576,20.898,0,0,21.221,21.543
2025-08-12 22:05:40.479265,5620.01,20.608,20.931,0,0,21.221,21.543
2025-08-12 22:05:50.477384,5630.0,20.737,20.898,0,0,21.221,21.543
2025-08-12 22:06:00.485582,5640.01,20.576,20.931,0,0,21.221,21.543
2025-08-12 22:06:10.483737,5650.01,20.576,20.931,0,0,21.221,21.543
2025-08-12 22:06:20.480781,5660.01,20.705,20.898,0,0,21.221,21.543
2025-08-12 22:06:30.477810,5670.0,20.641,20.898,0,0,21.221,21.543
2025-08-12 22:06:40.488319,5680.01,20.673,20.898,0,0,21.221,21.543
2025-08-12 22:06:50.485152,5690.01,20.641,20.898,0,0,21.221,21.543
2025-08-12 22:07:00.481319,5700.01,20.673,20.898,0,0,21.221,21.543
2025-08-12 22:07:10.479397,5710.01,20.641,20.931,0,0,21.221,21.543
2025-08-12 22:07:20.488737,5720.01,20.576,20.931,0,0,21.221,21.543
2025-08-12 22:07:30.486131,5730.01,20.673,20.931,0,0,21.221,21.543
2025-08-12 22:07:40.484191,5740.0,20.608,20.898,0,0,21.221,21.543
2025-08-12 22:07:50.481238,5750.01,20.576,20.898,0,0,21.221,21.543
2025-08-12 22:08:00.490091,5760.01,20.641,20.931,0,0,21.221,21.543
2025-08-12 22:08:10.487988,5770.01,20.576,20.898,0,0,21.221,21.543
2025-08-12 22:08:20.484878,5780.0,20.608,20.931,0,0,21.221,21.543
2025-08-12 22:08:30.482842,5790.0,20.608,20.898,0,0,21.221,21.543
2025-08-12 22:08:40.479068,5800.01,20.576,20.898,0,0,21.221,21.543
2025-08-12 22:08:50.476026,5810.0,20.641,20.898,0,0,21.221,21.543
2025-08-12 22:09:00.485692,5820.01,20.576,20.931,0,0,21.221,21.543
2025-08-12 22:09:10.483327,5830.01,20.673,20.898,0,0,21.221,21.543
2025-08-12 22:09:20.492787,5840.01,20.866,20.995,0,0,21.221,21.543
2025-08-12 22:09:30.490385,5850.01,20.705,21.027,0,0,21.221,21.543
2025-08-12 22:09:40.487109,5860.0,20.898,21.06,0,0,21.221,21.543
2025-08-14 07:21:53.842140,0,24.121,24.314,0,0,24.121,24.443
2025-08-14 07:22:03.838615,10.0,24.121,24.282,0,0,24.121,24.443
2025-08-14 07:22:13.834867,20.0,24.121,24.443,0,0,24.121,24.54
2025-08-14 07:22:23.846078,30.0,24.121,24.411,0,0,24.121,24.637
2025-08-14 07:22:33.840640,40.01,24.121,24.411,0,0,24.186,24.572
2025-08-14 07:22:43.836636,50.0,24.121,24.282,0,0,24.153,24.508
2025-08-14 07:22:53.922227,60.01,24.121,24.25,0,0,24.153,24.604
2025-08-14 07:23:03.842130,70.0,24.121,24.282,0,0,24.153,24.637
2025-08-14 07:23:13.838865,80.01,24.121,24.218,0,0,24.186,24.733
2025-08-14 07:23:23.848162,90.0,24.121,24.186,0,0,24.121,24.733
2025-08-14 07:23:33.843849,100.0,24.121,24.186,0,0,24.121,24.669
2025-08-14 07:23:43.840229,110.01,24.121,24.121,0,0,24.347,24.733
2025-08-14 07:23:53.849485,120.0,24.121,24.153,0,0,24.443,24.766
2025-08-14 07:24:03.845868,130.0,24.121,24.121,0,0,24.379,24.766
2025-08-14 07:24:13.842345,140.01,24.121,24.121,0,0,24.411,24.766
2025-08-14 07:24:23.839687,150.01,24.121,24.153,0,0,24.411,24.766
2025-08-14 07:24:33.919654,160.01,24.572,24.572,86,0,24.379,24.766
2025-08-14 07:24:43.855916,170.01,24.701,24.733,86,0,24.411,24.733
2025-08-14 07:24:53.839078,180.0,25.668,24.959,86,0,24.443,24.766
2025-08-14 07:25:03.848901,190.01,26.957,25.023,86,0,24.411,24.766
2025-08-14 07:25:13.857315,200.01,28.343,25.378,86,0,24.443,24.766
2025-08-14 07:25:23.840798,210.01,30.212,25.636,86,0,24.443,24.766
2025-08-14 07:25:33.850402,220.01,31.727,26.055,86,0,24.443,24.766
2025-08-14 07:25:43.845884,230.0,33.338,26.409,86,0,24.443,24.83
2025-08-14 07:25:53.842383,240.01,34.82,26.603,86,0,24.443,24.766
2025-08-14 07:26:03.851255,250.01,36.432,27.247,86,0,24.443,24.766
2025-08-14 07:26:13.849955,260.01,37.817,27.795,86,0,24.443,24.766
2025-08-14 07:26:23.844417,270.01,38.978,28.085,86,0,24.443,24.766
2025-08-14 07:26:33.840465,280.01,40.105,28.439,86,0,24.443,24.766
2025-08-14 07:26:43.849600,290.01,41.556,29.116,86,0,24.443,24.766
2025-08-14 07:26:53.899191,300.01,42.748,29.632,86,9,24.443,24.83
2025-08-14 07:27:03.854020,310.01,43.135,29.986,86,9,24.443,24.766
2025-08-14 07:27:13.849516,320.0,43.876,30.47,86,9,24.443,24.895
2025-08-14 07:27:23.845919,330.01,44.746,30.76,86,9,24.443,25.056
2025-08-14 07:27:33.855432,340.01,45.52,31.727,86,9,24.476,24.959
2025-08-14 07:27:43.851877,350.0,46.454,32.274,86,9,24.508,25.056
2025-08-14 07:27:53.847550,360.01,47.421,32.758,86,9,24.508,25.088
2025-08-14 07:28:03.845481,370.01,48.13,33.338,86,9,24.508,25.088
2025-08-14 07:28:13.840334,380.01,48.484,33.66,86,9,24.572,25.088
2025-08-14 07:28:23.850226,390.0,48.452,34.079,86,9,24.476,25.088
2025-08-14 07:28:33.845358,400.0,48.774,34.337,86,9,24.476,25.056
2025-08-14 07:28:43.841600,410.0,49.097,34.949,86,9,24.637,25.088
2025-08-14 07:28:53.850922,420.0,49.773,34.981,86,9,24.669,25.088
2025-08-14 07:29:03.846509,430.01,50.031,35.626,86,9,24.54,25.056
2025-08-14 07:29:13.842419,440.0,50.772,36.303,86,9,24.443,25.023
2025-08-14 07:29:23.914055,450.01,50.579,35.948,76,9,24.637,25.023
2025-08-14 07:29:33.848055,460.0,50.418,36.174,76,9,24.572,25.088
2025-08-14 07:29:43.897751,470.01,50.354,35.884,76,0,24.476,25.023
2025-08-14 07:29:53.853447,480.01,50.192,35.852,76,0,24.508,25.088
2025-08-14 07:30:03.849936,490.01,50.321,36.303,76,0,24.733,25.088
2025-08-14 07:30:13.851254,500.01,50.16,36.367,76,0,24.701,25.088
2025-08-14 07:30:23.841677,510.01,49.999,36.335,76,0,24.637,25.088
2025-08-14 07:30:33.850710,520.0,50.192,36.496,76,0,24.766,25.088
2025-08-14 07:30:43.846252,530.0,49.902,36.206,76,0,24.766,25.088
2025-08-14 07:30:53.843072,540.01,49.677,36.174,76,0,24.766,25.088
2025-08-14 07:31:03.838595,550.0,49.451,36.077,76,0,24.766,25.088
2025-08-14 07:31:13.941314,560.09,49.645,36.271,76,0,24.701,25.088
2025-08-14 07:31:23.848013,570.0,49.387,36.142,76,0,24.766,25.088
2025-08-14 07:31:33.856860,580.01,49.097,35.884,76,0,24.733,25.088
2025-08-14 07:31:43.840904,590.01,49.741,36.271,76,0,24.701,25.088
2025-08-14 07:31:53.849793,600.01,49.612,36.174,76,0,24.766,25.088
2025-08-14 07:32:03.859621,610.01,49.967,36.367,76,0,24.766,25.088
2025-08-14 07:32:13.843569,620.01,50.515,35.98,76,0,24.766,25.088
2025-08-14 07:32:23.852713,630.01,50.611,36.109,76,0,24.766,25.088
2025-08-14 07:32:33.848865,640.0,51.159,36.271,76,0,24.766,25.12
2025-08-14 07:32:43.846157,650.01,51.32,36.045,76,0,24.766,25.152
2025-08-14 07:32:53.842117,660.0,51.32,36.367,76,0,24.766,25.185
2025-08-14 07:33:03.852363,670.01,51.288,36.335,76,0,24.83,25.281
2025-08-14 07:33:13.848066,680.01,51.449,36.432,76,0,24.927,25.41
2025-08-14 07:33:23.857331,690.01,51.771,36.303,76,0,24.862,25.378
2025-08-14 07:33:33.856374,700.01,51.739,36.464,76,0,25.023,25.41
2025-08-14 07:33:43.849555,710.01,52.319,36.689,76,0,24.991,25.41
2025-08-14 07:33:53.846132,720.01,53.479,36.818,76,0,25.023,25.41
2025-08-14 07:34:03.842597,730.01,54.543,37.398,76,0,25.088,25.41
2025-08-14 07:34:13.851646,740.01,55.413,37.721,76,0,25.088,25.41
2025-08-14 07:34:23.849279,750.01,56.605,38.14,76,0,25.088,25.41
2025-08-14 07:34:33.858876,760.01,57.508,38.688,76,0,25.088,25.41
2025-08-14 07:34:43.854447,770.01,58.442,38.752,76,0,25.088,25.442
2025-08-14 07:34:53.850926,780.01,59.184,39.332,76,0,25.088,25.41
2025-08-14 07:35:03.846645,790.01,59.635,39.622,76,0,25.088,25.41
2025-08-14 07:35:13.911951,800.01,60.118,40.009,76,37,25.088,25.507
2025-08-14 07:35:23.852923,810.01,60.795,40.75,76,37,25.088,25.571
2025-08-14 07:35:33.836113,820.0,61.439,41.33,76,37,25.152,25.668
2025-08-14 07:35:43.847130,830.01,61.955,41.62,76,37,25.185,25.732
2025-08-14 07:35:53.842791,840.0,62.181,42.232,76,37,25.249,25.732
2025-08-14 07:36:03.852410,850.01,62.567,43.199,76,37,25.217,25.732
2025-08-14 07:36:13.849446,860.01,62.342,43.715,76,37,25.378,25.7
2025-08-14 07:36:23.858344,870.01,63.051,44.714,76,37,25.41,25.732
2025-08-14 07:36:33.855961,880.01,63.438,45.326,76,37,25.41,25.732
2025-08-14 07:36:43.851959,890.01,63.534,46.357,76,37,25.41,25.732
2025-08-14 07:36:53.913634,900.01,62.89,46.615,65,37,25.41,25.732
2025-08-14 07:37:03.845752,910.01,62.438,46.712,65,37,25.41,25.732
2025-08-14 07:37:13.842793,920.01,62.116,47.389,65,37,25.41,25.732
2025-08-14 07:37:23.852283,930.01,61.568,47.228,65,37,25.41,25.732
2025-08-14 07:37:33.848958,940.01,60.859,47.808,65,37,25.41,25.797
2025-08-14 07:37:43.846010,950.01,60.247,48.13,65,37,25.41,25.765
2025-08-14 07:37:53.842126,960.01,60.312,48.774,65,37,25.41,25.926
2025-08-14 07:38:03.852047,970.01,60.247,48.517,65,37,25.41,25.861
2025-08-14 07:38:13.848825,980.01,59.828,48.903,65,37,25.442,25.797
2025-08-14 07:38:23.847156,990.0,59.86,48.871,65,37,25.41,25.894
2025-08-14 07:38:33.854334,1000.01,60.44,49.161,65,37,25.41,25.861
2025-08-14 07:38:43.851325,1010.01,60.666,49.516,65,37,25.41,25.958
2025-08-14 07:38:53.848465,1020.01,61.214,49.967,65,37,25.475,26.055
2025-08-14 07:39:03.858447,1030.01,61.278,49.741,65,37,25.41,25.894
2025-08-14 07:39:13.841633,1040.0,61.117,49.902,65,37,25.41,25.797
2025-08-14 07:39:23.850617,1050.01,60.215,49.483,65,37,25.41,25.732
2025-08-14 07:39:33.847791,1060.01,59.087,48.742,65,37,25.41,25.732
2025-08-14 07:39:43.845023,1070.01,58.281,48.033,65,37,25.41,25.732
2025-08-14 07:39:53.841627,1080.01,57.057,46.841,65,37,25.313,25.668
2025-08-14 07:40:03.839314,1090.01,56.122,46.422,65,37,25.249,25.475
2025-08-14 07:40:13.848622,1100.01,55.768,46.39,65,37,25.185,25.507
2025-08-14 07:40:23.858490,1110.01,55.639,46.067,65,37,25.12,25.41
2025-08-14 07:40:33.842096,1120.0,55.026,45.552,65,37,25.088,25.442
2025-08-14 07:40:43.907136,1130.01,54.511,45.004,65,0,25.088,25.41
2025-08-14 07:40:53.847401,1140.01,54.027,44.811,65,0,25.088,25.41
2025-08-14 07:41:03.858201,1150.01,53.866,44.037,65,0,25.088,25.378
2025-08-14 07:41:13.853420,1160.01,52.932,43.038,65,0,25.056,25.346
2025-08-14 07:41:23.849675,1170.01,52.352,42.361,65,0,25.088,25.281
2025-08-14 07:41:33.846201,1180.01,51.675,41.717,65,0,24.862,25.152
2025-08-14 07:41:43.855684,1190.01,51.578,40.847,65,0,24.927,25.088
2025-08-14 07:41:53.852582,1200.01,50.998,40.331,65,0,24.766,25.088
2025-08-14 07:42:03.835344,1210.0,50.611,39.815,65,0,24.766,25.088
2025-08-14 07:42:13.846294,1220.01,50.611,39.106,65,0,24.766,25.088
2025-08-14 07:42:23.854356,1230.01,50.128,38.623,65,0,24.766,25.088
2025-08-14 07:42:33.851348,1240.01,49.58,38.365,65,0,24.766,24.927
2025-08-14 07:42:43.860650,1250.01,49.193,37.785,65,0,24.733,24.927
2025-08-14 07:42:53.843705,1260.01,48.968,37.366,65,0,24.766,24.895
2025-08-14 07:43:03.852948,1270.01,48.871,37.366,65,0,24.669,24.862
2025-08-14 07:43:13.861954,1280.01,49.193,37.141,65,0,24.669,24.895
2025-08-14 07:43:23.845619,1290.01,49.032,36.979,65,0,24.669,24.766
2025-08-14 07:43:33.854844,1300.01,48.807,36.722,65,0,24.443,24.766
2025-08-14 07:43:43.851655,1310.01,49.29,36.722,65,0,24.443,24.766
2025-08-14 07:43:53.847955,1320.01,48.71,36.432,65,0,24.443,24.766
2025-08-14 07:44:03.857550,1330.01,48.742,36.496,65,0,24.443,24.766
2025-08-14 07:44:13.853876,1340.01,48.613,36.432,65,0,24.443,24.766
2025-08-14 07:44:23.850386,1350.01,48.678,36.206,65,0,24.443,24.766
2025-08-14 07:44:33.859377,1360.01,48.903,35.98,65,0,24.443,24.766
2025-08-14 07:44:43.856248,1370.01,48.936,35.787,65,0,24.443,24.766
2025-08-14 07:44:53.905134,1380.01,48.291,35.4,0,0,24.443,24.766
2025-08-14 07:45:03.849189,1390.0,48.291,35.239,0,0,24.443,24.798
2025-08-14 07:45:13.858678,1400.01,47.646,35.078,0,0,24.443,24.927
2025-08-14 07:45:23.842652,1410.0,46.68,35.078,0,0,24.476,25.056
2025-08-14 07:45:33.852211,1420.01,45.584,35.078,0,0,24.54,25.088
2025-08-14 07:45:43.850950,1430.0,44.102,34.756,0,0,24.733,25.088
2025-08-14 07:45:53.845079,1440.0,42.813,34.756,0,0,24.766,25.088
2025-08-14 07:46:03.854523,1450.01,41.781,34.434,0,0,24.766,25.088
2025-08-14 07:46:13.907980,1460.06,40.299,34.111,0,0,24.766,25.088
2025-08-14 07:46:23.838360,1470.0,39.268,33.789,0,0,24.766,25.088
2025-08-14 07:46:33.847244,1480.0,38.011,33.467,0,0,24.766,25.088
2025-08-14 07:46:44.004653,1490.01,37.398,33.563,83,0,24.766,25.217
2025-08-14 07:46:53.840474,1500.01,36.818,33.273,83,0,24.766,25.217
2025-08-14 07:47:03.849116,1510.01,36.432,32.887,83,0,25.023,25.41
2025-08-14 07:47:13.845766,1520.01,36.786,32.532,83,0,25.056,25.378
2025-08-14 07:47:23.855401,1530.0,37.495,32.468,83,0,25.088,25.41
2025-08-14 07:47:33.851798,1540.01,38.462,32.307,83,0,25.088,25.41
2025-08-14 07:47:43.847430,1550.01,39.235,32.242,83,0,25.088,25.41
2025-08-14 07:47:53.844196,1560.01,40.428,32.242,83,0,25.088,25.41
2025-08-14 07:48:03.852985,1570.01,41.459,32.371,83,0,25.088,25.41
2025-08-14 07:48:13.849617,1580.01,42.941,32.629,83,0,25.088,25.475
2025-08-14 07:48:23.859121,1590.01,43.908,32.822,83,0,25.088,25.442
2025-08-14 07:48:33.855624,1600.01,44.811,33.145,83,0,25.152,25.636
2025-08-14 07:48:43.851774,1610.01,45.584,33.209,83,0,25.249,25.7
2025-08-14 07:48:53.848423,1620.0,46.486,33.563,83,0,25.313,25.668
2025-08-14 07:49:03.910955,1630.01,47.55,34.337,83,98,25.313,25.732
2025-08-14 07:49:13.855670,1640.01,48.484,34.434,83,98,25.346,25.732
2025-08-14 07:49:23.852450,1650.01,49.29,35.884,83,98,25.41,25.732
2025-08-14 07:49:33.848425,1660.01,50.096,36.689,83,98,25.41,25.732
2025-08-14 07:49:43.845321,1670.01,51.127,38.365,83,98,25.41,25.732
2025-08-14 07:49:53.842150,1680.01,51.353,39.364,83,98,25.41,25.797
2025-08-14 07:50:03.851955,1690.01,52.19,40.524,83,98,25.41,25.829
2025-08-14 07:50:13.848474,1700.01,53.415,42.394,83,98,25.507,25.926
2025-08-14 07:50:23.858769,1710.01,53.479,43.393,83,98,25.636,26.022
2025-08-14 07:50:33.906641,1720.01,53.544,43.618,83,0,25.636,26.055
2025-08-14 07:50:43.851910,1730.01,54.736,45.036,83,0,25.7,26.055
2025-08-14 07:50:53.848440,1740.01,55.252,45.487,83,0,25.7,26.055
2025-08-14 07:51:03.845505,1750.0,55.091,45.52,83,0,25.732,26.055
2025-08-14 07:51:13.840786,1760.0,56.122,45.713,83,0,25.732,26.055
2025-08-14 07:51:23.850548,1770.0,56.605,45.874,83,0,25.732,26.055
2025-08-14 07:51:33.846395,1780.01,56.734,45.165,83,0,25.732,26.055
2025-08-14 07:51:43.857810,1790.01,57.057,45.068,83,0,25.732,26.055
2025-08-14 07:51:53.852341,1800.01,57.314,44.553,83,0,25.732,26.055
2025-08-14 07:52:03.848750,1810.01,57.443,44.005,83,0,25.732,26.087
2025-08-14 07:52:13.845243,1820.0,57.733,44.037,83,0,25.732,26.087
2025-08-14 07:52:23.842273,1830.01,58.152,44.23,83,0,25.732,26.119
2025-08-14 07:52:33.838825,1840.01,58.185,44.005,83,0,25.732,26.216
2025-08-14 07:52:43.848477,1850.01,58.41,43.586,83,0,25.797,26.248
2025-08-14 07:52:53.845139,1860.01,58.41,43.264,83,0,25.99,26.345
2025-08-14 07:53:03.841553,1870.01,58.185,43.006,83,0,25.99,26.345
2025-08-14 07:53:13.850959,1880.01,58.023,42.684,83,0,25.99,26.377
2025-08-14 07:53:23.834415,1890.0,58.281,42.394,83,0,26.055,26.377
2025-08-14 07:53:33.843908,1900.01,58.12,42.265,83,0,26.055,26.377
2025-08-14 07:53:43.853408,1910.01,58.023,42.168,83,0,26.055,26.377
2025-08-14 07:53:53.850108,1920.01,58.056,41.942,83,0,26.055,26.377
2025-08-14 07:54:03.847208,1930.01,58.41,41.588,83,0,26.055,26.377
2025-08-14 07:54:13.856101,1940.01,58.507,41.813,83,0,26.055,26.409
2025-08-14 07:54:23.852603,1950.01,59.699,42.2,83,0,26.055,26.377
2025-08-14 07:54:33.849137,1960.01,60.279,42.49,83,0,26.055,26.409
2025-08-14 07:54:43.844971,1970.01,61.117,42.941,83,0,26.055,26.57
2025-08-14 07:54:53.841752,1980.01,62.406,43.264,83,0,26.055,26.474
2025-08-14 07:55:03.838415,1990.01,62.761,43.328,83,0,26.055,26.538
2025-08-14 07:55:13.848145,2000.01,63.502,43.36,83,0,26.055,26.57
2025-08-14 07:55:23.906113,2010.01,63.728,43.135,0,0,26.055,26.635
2025-08-14 07:55:33.840720,2020.0,63.889,43.135,0,0,26.151,26.506
2025-08-14 07:55:43.850580,2030.01,63.76,43.36,0,0,26.055,26.635
2025-08-14 07:55:53.846467,2040.0,62.793,43.457,0,0,26.184,26.699
2025-08-14 07:56:03.856208,2050.01,61.504,43.521,0,0,26.248,26.667
2025-08-14 07:56:13.840184,2060.01,59.893,43.457,0,0,26.151,26.699
2025-08-14 07:56:23.849824,2070.01,58.281,43.457,0,0,26.28,26.699
2025-08-14 07:56:33.846670,2080.0,56.734,43.135,0,0,26.313,26.699
2025-08-14 07:56:43.842948,2090.01,55.059,43.07,0,0,26.313,26.699
2025-08-14 07:56:53.839726,2100.0,53.415,42.813,0,0,26.184,26.699
2025-08-14 07:57:03.836044,2110.0,51.514,42.49,0,0,26.313,26.699
2025-08-14 07:57:13.858270,2120.01,50.225,42.168,0,0,26.377,26.699
2025-08-14 07:57:23.842388,2130.01,48.613,41.427,0,0,26.377,26.699
2025-08-14 07:57:33.918957,2140.01,46.97,41.169,0,15,26.377,26.699
2025-08-14 07:57:43.849049,2150.0,44.939,40.105,0,15,26.345,26.699
2025-08-14 07:57:53.844958,2160.0,43.199,39.461,0,15,26.377,26.699
2025-08-14 07:58:03.854869,2170.01,41.523,38.526,0,15,26.377,26.699
2025-08-14 07:58:13.851967,2180.01,40.267,37.979,0,15,26.345,26.699
2025-08-14 07:58:23.860369,2190.01,39.01,37.495,0,15,26.377,26.699
2025-08-14 07:58:33.858352,2200.01,37.914,36.689,0,15,26.377,26.699
2025-08-14 07:58:43.853858,2210.01,36.754,36.045,0,15,26.313,26.699
2025-08-14 07:58:53.850787,2220.01,35.755,35.884,0,15,26.377,26.699
2025-08-14 07:59:03.847188,2230.01,34.466,35.239,0,15,26.377,26.699
2025-08-14 07:59:13.857159,2240.01,33.628,34.595,0,15,26.248,26.699
2025-08-14 07:59:23.840519,2250.0,32.822,34.111,0,15,26.216,26.699
2025-08-14 07:59:33.922052,2260.01,32.5,34.369,75,15,26.216,26.699
2025-08-14 07:59:43.847286,2270.0,32.017,33.596,75,15,26.248,26.699
2025-08-14 07:59:53.856977,2280.01,31.984,33.177,75,15,26.119,26.699
2025-08-14 08:00:03.840817,2290.01,32.564,32.951,75,15,26.087,26.603
2025-08-14 08:00:13.850295,2300.01,33.273,32.822,75,15,26.055,26.506
2025-08-14 08:00:23.847356,2310.0,34.305,32.564,75,15,26.055,26.409
2025-08-14 08:00:33.843385,2320.0,35.755,33.016,75,15,26.055,26.474
2025-08-14 08:00:43.852826,2330.01,36.851,33.048,75,15,26.055,26.377
2025-08-14 08:00:53.849125,2340.01,37.753,33.112,75,15,26.055,26.441
2025-08-14 08:01:03.833126,2350.0,38.623,33.402,75,15,26.055,26.409
2025-08-14 08:01:13.842287,2360.01,40.105,33.531,75,15,26.022,26.409
2025-08-14 08:01:23.852031,2370.01,42.232,34.24,75,15,25.894,26.377
2025-08-14 08:01:33.830423,2379.99,44.134,35.11,75,15,25.99,26.409
2025-08-14 08:01:43.838954,2389.99,44.843,35.046,75,15,25.829,26.377
2025-08-14 08:01:53.841953,2400.0,45.391,35.11,75,15,25.732,26.345
2025-08-14 08:02:03.847355,2410.01,45.777,35.433,75,15,25.732,26.184
2025-08-14 08:02:13.854959,2420.0,46.132,35.69,75,15,25.732,26.087
2025-08-14 08:02:23.849982,2430.01,46.1,35.368,75,15,25.732,26.055
2025-08-14 08:02:33.846796,2440.01,46.486,35.143,75,15,25.571,26.055
2025-08-14 08:02:43.841608,2450.01,46.905,35.465,75,15,25.442,25.99
2025-08-14 08:02:53.851920,2460.01,47.099,35.916,75,15,25.41,25.926
2025-08-14 08:03:03.860247,2470.01,47.518,36.045,75,15,25.41,25.765
2025-08-14 08:03:13.844302,2480.0,47.775,36.335,75,15,25.41,25.732
2025-08-14 08:03:23.908114,2490.01,48.13,36.432,75,0,25.378,25.732
2025-08-14 08:03:33.851258,2500.01,48.742,36.689,75,0,25.346,25.7
2025-08-14 08:03:43.859930,2510.01,48.517,36.625,75,0,25.185,25.571
2025-08-14 08:03:53.843413,2520.01,48.871,36.979,75,0,25.088,25.475
2025-08-14 08:04:03.853256,2530.01,49.064,36.883,75,0,25.088,25.41
2025-08-14 08:04:13.849913,2540.01,49.193,36.754,75,0,25.088,25.41
2025-08-14 08:04:23.845495,2550.01,48.968,36.625,75,0,25.088,25.41
2025-08-14 08:04:33.855167,2560.01,49.064,36.367,75,0,25.088,25.41
2025-08-14 08:04:43.851816,2570.01,49.29,36.174,75,0,25.056,25.41
2025-08-14 08:04:53.860794,2580.01,49.064,36.109,75,0,24.991,25.313
2025-08-14 08:05:03.843105,2590.01,49.354,36.077,75,0,24.991,25.281
2025-08-14 08:05:13.852467,2600.01,49.258,36.109,75,0,24.895,25.217
2025-08-14 08:05:23.849160,2610.01,49.902,36.303,75,0,24.798,25.12
2025-08-14 08:05:33.858491,2620.01,49.516,36.335,75,0,24.766,25.088
2025-08-14 08:05:43.857048,2630.01,49.193,36.206,75,0,24.766,25.088
2025-08-14 08:05:53.865731,2640.01,49.548,36.303,75,0,24.766,25.088
2025-08-14 08:06:03.847840,2650.0,49.709,36.174,75,0,24.766,25.088
2025-08-14 08:06:13.844194,2660.01,49.258,35.948,75,0,24.766,25.088
2025-08-14 08:06:23.840568,2670.0,49.29,35.562,75,0,24.798,25.088
2025-08-14 08:06:33.849387,2680.01,49.612,35.755,75,0,24.766,25.088
2025-08-14 08:06:43.858585,2690.01,49.645,35.465,75,0,24.798,25.088
2025-08-14 08:06:53.842461,2700.01,49.645,35.143,75,0,24.83,25.12
2025-08-14 08:07:03.852042,2710.0,49.902,35.175,75,0,24.895,25.12
2025-08-14 08:07:13.848077,2720.01,50.257,35.239,75,0,25.023,25.313
2025-08-14 08:07:23.844779,2730.01,50.45,35.368,75,0,24.991,25.378
2025-08-14 08:07:33.841093,2740.01,50.482,34.981,75,0,25.056,25.346
2025-08-14 08:07:43.850347,2750.01,50.837,35.207,75,0,25.088,25.41
2025-08-14 08:07:53.846093,2760.0,51.063,35.11,75,0,25.088,25.41
2025-08-14 08:08:03.904185,2770.01,51.191,35.046,75,0,25.088,25.41
2025-08-14 08:08:13.838156,2780.01,51.481,35.239,75,0,25.088,25.41
2025-08-14 08:08:23.847530,2790.01,52.223,35.271,75,0,25.088,25.41
2025-08-14 08:08:33.845520,2800.01,52.062,35.755,75,0,25.12,25.41
2025-08-14 08:08:43.915805,2810.01,52.48,35.723,0,0,25.152,25.604
2025-08-14 08:08:53.850121,2820.01,52.384,36.045,0,0,25.281,25.571
2025-08-14 08:09:03.846408,2830.01,52.158,36.367,0,0,25.378,25.732
2025-08-14 08:09:13.843595,2840.01,51.159,36.689,0,0,25.41,25.732
2025-08-14 08:09:23.852176,2850.01,49.58,36.689,0,0,25.41,25.732
2025-08-14 08:09:33.862333,2860.01,47.872,36.432,0,0,25.41,25.732
2025-08-14 08:09:43.914078,2870.01,46.132,36.528,0,22,25.41,25.732
2025-08-14 08:09:53.855690,2880.01,44.811,36.335,0,22,25.41,25.732
2025-08-14 08:10:03.851628,2890.01,43.521,36.206,0,22,25.41,25.732
2025-08-14 08:10:13.860963,2900.01,42.136,35.948,0,22,25.475,25.765
2025-08-14 08:10:23.844474,2910.01,40.621,35.884,0,22,25.442,25.829
2025-08-14 08:10:33.853728,2920.01,39.332,35.4,0,22,25.571,25.99
2025-08-14 08:10:43.864131,2930.01,38.236,35.658,0,22,25.7,26.022
2025-08-14 08:10:53.847009,2940.01,37.398,35.433,0,22,25.7,26.022
2025-08-14 08:11:03.855930,2950.01,36.399,35.239,0,22,25.732,26.055
2025-08-14 08:11:13.866199,2960.01,35.723,35.433,0,22,25.732,26.055
2025-08-14 08:11:23.836426,2970.0,34.949,34.949,0,22,25.732,26.055
2025-08-14 08:11:33.858429,2980.01,34.176,34.917,0,22,25.829,26.184
2025-08-14 08:11:43.858024,2990.0,33.596,34.434,0,22,25.732,26.151
2025-08-14 08:11:53.839016,3000.0,33.112,34.369,0,22,25.765,26.055
2025-08-14 08:12:03.860577,3010.01,32.5,34.111,0,22,25.765,26.151
2025-08-14 08:12:13.844895,3020.0,31.92,34.079,0,22,25.797,26.28
2025-08-14 08:12:23.853413,3030.01,31.598,33.789,0,22,26.055,26.377
2025-08-14 08:12:33.836570,3040.0,31.275,33.918,0,22,25.99,26.377
2025-08-14 08:12:43.858755,3050.01,30.889,33.821,0,22,26.055,26.345
2025-08-14 08:12:53.854533,3060.01,30.309,33.596,0,22,26.055,26.377
2025-08-14 08:13:03.851459,3070.01,29.922,33.306,0,22,26.055,26.377
2025-08-14 08:13:13.847309,3080.01,29.6,32.887,0,22,26.055,26.377
2025-08-14 08:13:23.843588,3090.01,29.342,32.79,0,22,26.055,26.377
2025-08-14 08:13:33.839692,3100.0,29.02,32.146,0,22,26.055,26.377
2025-08-14 08:13:43.906237,3110.0,28.633,32.146,0,44,26.055,26.377
2025-08-14 08:13:53.899707,3120.0,28.311,31.855,0,44,26.055,26.377
2025-08-14 08:14:03.854102,3130.01,28.278,31.501,0,44,26.055,26.377
2025-08-14 08:14:13.850490,3140.01,28.182,31.791,0,44,26.055,26.377
2025-08-14 08:14:23.861237,3150.01,27.892,32.017,0,44,26.055,26.377
2025-08-14 08:14:33.855820,3160.01,27.73,31.984,0,44,26.055,26.377
2025-08-14 08:14:43.851811,3170.0,27.602,31.533,0,44,26.055,26.377
2025-08-14 08:14:53.848879,3180.01,27.537,32.081,0,44,26.055,26.377
2025-08-14 08:15:03.844691,3190.01,27.344,32.017,0,44,26.055,26.377
2025-08-14 08:15:13.854008,3200.01,27.344,32.017,0,44,26.055,26.377
2025-08-14 08:15:23.837758,3210.0,27.376,32.371,0,44,26.087,26.377
2025-08-14 08:15:33.846319,3220.01,27.247,32.307,0,44,26.055,26.377
2025-08-14 08:15:43.843043,3230.01,27.15,32.564,0,44,26.055,26.377
2025-08-14 08:15:53.839626,3240.01,27.086,32.854,0,44,26.022,26.345
2025-08-14 08:16:03.861889,3250.01,27.118,32.5,0,44,26.055,26.184
2025-08-14 08:16:13.857447,3260.01,27.054,33.016,0,44,26.055,26.248
2025-08-14 08:16:23.854232,3270.01,26.925,32.919,0,44,25.732,26.119
2025-08-14 08:16:33.849539,3280.01,26.957,33.08,0,44,25.732,26.055
2025-08-14 08:16:43.845942,3290.01,26.828,33.241,0,44,25.732,26.055
2025-08-14 08:16:53.842463,3300.01,26.828,33.306,0,44,25.732,26.055
2025-08-14 08:17:03.851937,3310.01,26.796,32.822,0,44,25.732,26.055
2025-08-14 08:17:13.848006,3320.01,26.828,32.79,0,44,25.732,26.022
2025-08-14 08:17:23.857481,3330.01,26.796,32.564,0,44,25.571,25.797
2025-08-14 08:17:33.863807,3340.02,26.667,33.048,0,44,25.41,25.732
2025-08-14 08:17:43.854816,3350.02,26.667,32.951,0,44,25.41,25.732
2025-08-14 08:17:53.855573,3360.01,26.538,33.016,0,44,25.41,25.7
2025-08-14 08:18:03.854119,3370.01,26.441,33.048,0,44,25.41,25.732
2025-08-14 08:18:13.852402,3380.01,26.377,32.983,0,44,25.41,25.668
2025-08-14 08:18:23.849038,3390.01,26.377,33.016,0,44,25.346,25.636
2025-08-14 08:18:33.832391,3400.0,26.538,32.5,0,44,25.346,25.442
2025-08-14 08:18:43.854736,3410.01,26.345,32.822,0,44,25.281,25.41
2025-08-14 08:18:53.851193,3420.01,26.345,32.854,0,44,25.152,25.41
2025-08-14 08:19:03.860297,3430.01,26.248,32.822,0,44,25.088,25.41
2025-08-14 08:19:13.843675,3440.01,26.055,32.661,0,44,25.088,25.41
2025-08-14 08:19:23.840208,3450.0,26.119,32.5,0,44,25.088,25.41
2025-08-14 08:19:33.836504,3460.0,26.184,32.5,0,44,25.088,25.41
2025-08-14 08:19:43.845779,3470.01,26.055,33.016,0,44,25.088,25.378
2025-08-14 08:19:53.854715,3480.01,26.055,32.983,0,44,25.088,25.41
2025-08-14 08:20:03.851416,3490.0,26.055,33.048,0,44,25.088,25.41
2025-08-14 08:20:13.861324,3500.01,26.248,33.209,0,44,25.088,25.41
2025-08-14 08:20:23.843736,3510.0,26.119,32.661,0,44,25.088,25.41
2025-08-14 08:20:33.934973,3520.03,26.313,32.887,84,44,25.088,25.41
2025-08-14 08:20:43.849104,3530.01,26.57,33.628,84,44,25.088,25.41
2025-08-14 08:20:53.845009,3540.0,27.505,33.402,84,44,25.088,25.41
2025-08-14 08:21:03.855108,3550.01,28.633,33.821,84,44,25.088,25.41
2025-08-14 08:21:13.850764,3560.0,29.954,33.531,84,44,25.056,25.41
2025-08-14 08:21:23.847237,3570.0,31.34,34.176,84,44,25.088,25.41
2025-08-14 08:21:33.856530,3580.01,33.112,34.434,84,44,25.088,25.41
2025-08-14 08:21:43.853256,3590.01,34.949,34.498,84,44,25.088,25.41
2025-08-14 08:21:53.835442,3600.0,36.689,35.078,84,44,25.088,25.41
2025-08-14 08:22:03.845094,3610.0,38.236,35.69,84,44,25.088,25.41
2025-08-14 08:22:13.854060,3620.01,39.59,36.238,84,44,25.088,25.442
2025-08-14 08:22:23.850590,3630.01,40.75,36.947,84,44,25.088,25.41
2025-08-14 08:22:33.846745,3640.01,41.846,37.656,84,44,25.056,25.41
2025-08-14 08:22:43.856022,3650.01,43.006,38.011,84,44,25.088,25.41
2025-08-14 08:22:53.854210,3660.01,43.876,38.172,84,44,25.088,25.41
2025-08-14 08:23:03.914842,3670.01,44.424,38.333,84,0,25.056,25.41
2025-08-14 08:23:13.845285,3680.01,45.326,38.752,84,0,24.959,25.41
2025-08-14 08:23:23.854750,3690.01,46.519,38.978,84,0,24.959,25.41
2025-08-14 08:23:33.851090,3700.01,47.099,39.171,84,0,25.023,25.41
2025-08-14 08:23:43.847141,3710.0,47.775,39.268,84,0,25.088,25.41
2025-08-14 08:23:53.856214,3720.01,48.517,39.396,84,0,24.991,25.41
2025-08-14 08:24:03.853170,3730.01,49.032,39.268,84,0,24.83,25.41
2025-08-14 08:24:13.862181,3740.01,49.129,39.106,84,0,24.991,25.41
2025-08-14 08:24:23.845874,3750.01,49.612,39.01,84,0,24.991,25.41
2025-08-14 08:24:33.842417,3760.0,49.709,39.042,84,0,24.991,25.41
2025-08-14 08:24:43.851120,3770.01,49.87,38.816,84,0,25.088,25.41
2025-08-14 08:24:53.836201,3780.0,50.321,38.688,84,0,25.088,25.41
2025-08-14 08:25:03.843830,3790.01,50.644,38.688,84,0,25.088,25.539
2025-08-14 08:25:13.840297,3800.01,51.256,38.978,84,0,25.088,25.475
2025-08-14 08:25:23.836930,3810.0,52.158,38.945,84,0,25.088,25.668
2025-08-14 08:25:33.846547,3820.0,52.642,38.978,84,0,25.088,25.604
2025-08-14 08:25:43.843017,3830.0,53.254,39.01,84,0,25.12,25.7
2025-08-14 08:25:53.852499,3840.01,53.963,39.074,84,0,25.152,25.732
2025-08-14 08:26:03.850122,3850.01,54.092,39.139,84,0,25.313,25.732
2025-08-14 08:26:13.859134,3860.01,54.253,39.396,84,0,25.346,25.732
2025-08-14 08:26:23.842858,3870.0,54.704,39.332,84,0,25.41,25.732
2025-08-14 08:26:33.852086,3880.01,55.155,39.3,84,0,25.41,25.732
2025-08-14 08:26:43.849310,3890.01,55.606,39.396,84,0,25.41,25.732
2025-08-14 08:26:53.845548,3900.01,55.832,39.751,84,0,25.41,25.732
2025-08-14 08:27:03.842279,3910.01,55.832,39.429,84,0,25.41,25.765
2025-08-14 08:27:13.852017,3920.01,55.703,39.493,84,0,25.41,25.99
2025-08-14 08:27:23.848493,3930.01,55.961,39.687,84,0,25.475,25.958
2025-08-14 08:27:33.844940,3940.01,56.025,39.751,84,0,25.507,26.022
2025-08-14 08:27:43.854459,3950.01,56.251,39.719,84,0,25.668,26.055
2025-08-14 08:27:53.850945,3960.01,56.541,39.912,84,0,25.7,26.055
2025-08-14 08:28:03.859708,3970.01,56.928,39.977,84,0,25.668,26.055
2025-08-14 08:28:13.843293,3980.01,56.702,40.041,84,0,25.732,26.055
2025-08-14 08:28:23.839692,3990.01,56.348,40.363,84,0,25.732,26.055
2025-08-14 08:28:33.911214,4000.01,55.864,39.815,0,0,25.732,26.055
2025-08-14 08:28:43.845345,4010.01,55.381,39.783,0,0,25.732,26.055
2025-08-14 08:28:53.841752,4020.01,54.124,39.59,0,0,25.732,26.055
2025-08-14 08:29:03.850995,4030.01,52.803,39.59,0,0,25.732,26.055
2025-08-14 08:29:13.847562,4040.01,51.03,39.268,0,0,25.732,26.087
2025-08-14 08:29:23.844990,4050.01,49.258,38.945,0,0,25.732,26.087
2025-08-14 08:29:33.853522,4060.01,47.324,38.623,0,0,25.732,26.087
2025-08-14 08:29:43.850567,4070.01,45.713,38.301,0,0,25.861,26.28
2025-08-14 08:29:53.847293,4080.0,44.102,37.946,0,0,26.022,26.345
2025-08-14 08:30:03.857751,4090.01,42.684,37.656,0,0,26.055,26.377
2025-08-14 08:30:13.852827,4100.01,41.362,37.27,0,0,26.055,26.377
2025-08-14 08:30:23.848801,4110.01,39.912,36.689,0,0,26.055,26.345
2025-08-14 08:30:33.845345,4120.0,38.623,36.045,0,0,26.055,26.377
2025-08-14 08:30:43.842225,4130.0,37.592,35.465,0,0,26.055,26.377
2025-08-14 08:30:53.850735,4140.01,36.367,35.014,0,0,26.055,26.377
2025-08-14 08:31:03.860048,4150.01,35.658,34.434,0,0,26.055,26.377
2025-08-14 08:31:13.843987,4160.0,34.756,34.015,0,0,26.055,26.377
2025-08-14 08:31:23.841190,4170.0,33.854,33.467,0,0,26.055,26.377
2025-08-14 08:31:34.010870,4180.01,33.467,33.66,0,79,26.055,26.377
2025-08-14 08:31:43.845808,4190.01,32.822,33.467,0,79,26.184,26.603
2025-08-14 08:31:53.842130,4200.0,32.468,33.306,0,79,26.248,26.635
2025-08-14 08:32:03.838608,4210.0,31.855,33.628,0,79,26.345,26.57
2025-08-14 08:32:13.847641,4220.01,31.855,34.24,0,79,26.345,26.603
2025-08-14 08:32:23.844615,4230.0,31.469,34.885,0,79,26.345,26.635
2025-08-14 08:32:33.858982,4240.01,30.792,34.498,0,79,26.377,26.699
2025-08-14 08:32:43.860259,4250.01,30.373,35.336,0,79,26.377,26.699
2025-08-14 08:32:53.859838,4260.01,30.405,35.916,0,79,26.377,26.699
2025-08-14 08:33:03.843295,4270.01,30.244,37.012,0,79,26.377,26.699
2025-08-14 08:33:13.853075,4280.0,29.793,36.689,0,79,26.377,26.699
2025-08-14 08:33:23.863186,4290.01,29.471,37.141,0,79,26.345,26.699
2025-08-14 08:33:33.859742,4300.01,29.245,37.431,0,79,26.28,26.699
2025-08-14 08:33:43.843567,4310.0,29.277,38.14,0,79,26.28,26.667
2025-08-14 08:33:53.853581,4320.01,28.633,38.14,0,79,26.28,26.635
2025-08-14 08:34:03.849606,4330.0,28.633,38.462,0,79,26.184,26.667
2025-08-14 08:34:13.846042,4340.0,28.568,38.784,0,79,26.151,26.57
2025-08-14 08:34:23.842713,4350.01,28.407,39.01,0,79,26.055,26.441
2025-08-14 08:34:33.853057,4360.01,28.633,39.429,0,79,26.055,26.409
2025-08-14 08:34:43.849126,4370.0,28.568,39.751,0,79,26.055,26.441
2025-08-14 08:34:53.845230,4380.01,28.311,39.654,0,79,26.055,26.377
2025-08-14 08:35:03.841746,4390.0,28.311,39.429,0,79,26.055,26.377
2025-08-14 08:35:13.851669,4400.01,27.924,39.461,0,79,26.055,26.377
2025-08-14 08:35:23.847264,4410.01,28.085,39.815,0,79,26.022,26.377
2025-08-14 08:35:33.857414,4420.01,28.053,39.59,0,79,26.022,26.377
2025-08-14 08:35:43.853775,4430.01,27.924,39.815,0,79,26.022,26.377
2025-08-14 08:35:53.849693,4440.0,27.924,40.073,0,79,25.926,26.377
2025-08-14 08:36:03.859204,4450.01,27.763,39.461,0,79,25.829,26.377
2025-08-14 08:36:13.842768,4460.0,27.988,39.59,0,79,25.732,26.377
2025-08-14 08:36:23.851886,4470.01,27.634,40.073,0,79,25.732,26.345
2025-08-14 08:36:33.860868,4480.01,27.698,40.105,0,79,25.732,26.345
2025-08-14 08:36:43.857696,4490.01,27.44,39.912,0,79,25.732,26.377
2025-08-14 08:36:53.854511,4500.01,27.408,39.912,0,79,25.732,26.377
2025-08-14 08:37:03.851273,4510.0,27.473,39.783,0,79,25.732,26.216
2025-08-14 08:37:13.847617,4520.01,27.537,39.783,0,79,25.732,26.216
2025-08-14 08:37:23.844277,4530.01,27.376,39.493,0,79,25.732,26.248
2025-08-14 08:37:33.840631,4540.0,27.279,39.106,0,79,25.732,26.151
2025-08-14 08:37:43.850333,4550.01,27.086,39.268,0,79,25.732,26.119
2025-08-14 08:37:53.846715,4560.0,27.344,39.235,0,79,25.732,26.087
2025-08-14 08:38:03.857124,4570.01,27.021,39.268,0,79,25.732,26.055
2025-08-14 08:38:13.852544,4580.01,27.021,39.042,0,79,25.7,26.055
2025-08-14 08:38:23.848827,4590.0,27.021,39.429,0,79,25.668,26.055
2025-08-14 08:38:33.845276,4600.01,27.086,39.59,0,79,25.507,26.055
2025-08-14 08:38:43.855739,4610.01,27.344,39.558,0,79,25.475,26.055
2025-08-14 08:38:53.838882,4620.0,27.215,39.654,0,79,25.442,26.055
2025-08-14 08:39:03.861804,4630.01,27.247,39.106,0,79,25.41,26.055
2025-08-14 08:39:13.857118,4640.01,27.15,39.106,0,79,25.41,26.055
2025-08-14 08:39:23.853418,4650.0,27.021,39.429,0,79,25.41,25.99
2025-08-14 08:39:33.849756,4660.0,27.021,39.687,0,79,25.41,26.055
2025-08-14 08:39:43.846924,4670.0,27.344,39.558,0,79,25.41,25.958
2025-08-14 08:39:54.018587,4680.01,27.15,39.396,71,46,25.41,25.894
2025-08-14 08:40:03.840240,4690.01,27.344,39.525,71,46,25.41,26.055
2025-08-14 08:40:13.864000,4700.01,28.278,39.88,71,46,25.41,26.022
2025-08-14 08:40:23.859247,4710.01,29.181,39.171,71,46,25.41,25.894
2025-08-14 08:40:33.855576,4720.0,30.728,39.848,71,46,25.41,25.861
2025-08-14 08:40:43.851838,4730.01,32.758,39.977,71,46,25.41,25.765
2025-08-14 08:40:53.836428,4740.0,34.144,40.234,71,46,25.41,25.765
2025-08-14 08:41:03.858961,4750.01,35.529,40.331,71,46,25.41,25.797
2025-08-14 08:41:13.854789,4760.01,36.979,39.654,71,46,25.378,25.732
2025-08-14 08:41:23.851550,4770.01,38.204,40.46,71,46,25.378,25.765
2025-08-14 08:41:33.848432,4780.0,39.074,39.88,71,46,25.346,25.732
2025-08-14 08:41:43.844731,4790.01,40.202,40.363,71,46,25.41,25.732
2025-08-14 08:41:53.841786,4800.0,41.072,40.621,71,46,25.41,25.732
2025-08-14 08:42:03.838479,4810.01,42.104,40.976,71,46,25.346,25.765
2025-08-14 08:42:13.848006,4820.01,42.877,41.04,71,46,25.41,25.732
2025-08-14 08:42:23.857763,4830.01,43.425,41.298,71,46,25.281,25.732
2025-08-14 08:42:33.841798,4840.01,44.359,41.749,71,46,25.41,25.829
2025-08-14 08:42:43.851160,4850.01,45.004,41.717,71,46,25.41,25.829
2025-08-14 08:42:53.860939,4860.01,45.326,41.942,71,46,25.41,26.055
2025-08-14 08:43:03.843831,4870.01,46.132,42.007,71,46,25.41,26.055
2025-08-14 08:43:13.853276,4880.0,46.809,41.878,71,46,25.41,26.055
2025-08-14 08:43:23.849854,4890.01,47.969,42.748,71,46,25.41,26.055
2025-08-14 08:43:33.846460,4900.01,50.225,44.166,71,46,25.41,26.055
2025-08-14 08:43:43.842309,4910.01,51.449,44.649,71,46,25.41,26.055
2025-08-14 08:43:53.851559,4920.01,51.707,45.165,71,46,25.41,26.055
2025-08-14 08:44:03.847711,4930.01,52.126,44.811,71,46,25.539,26.055
2025-08-14 08:44:13.844544,4940.01,52.223,45.165,71,46,25.539,26.055
2025-08-14 08:44:23.853471,4950.01,52.094,44.746,71,46,25.732,26.055
2025-08-14 08:44:33.850115,4960.01,52.738,45.777,71,46,25.732,26.087
2025-08-14 08:44:43.846472,4970.0,52.932,46.164,71,46,25.732,26.151
2025-08-14 08:44:53.855983,4980.01,52.867,46.357,71,46,25.732,26.345
2025-08-14 08:45:03.905208,4990.01,52.996,46.551,0,46,25.732,26.313
2025-08-14 08:45:13.849110,5000.01,53.254,46.68,0,46,25.732,26.377
2025-08-14 08:45:23.845509,5010.01,52.996,46.744,0,46,25.732,26.377
2025-08-14 08:45:33.854759,5020.01,52.352,47.163,0,46,25.732,26.377
2025-08-14 08:45:43.850819,5030.01,51.063,46.615,0,46,25.765,26.377
2025-08-14 08:45:53.910471,5040.01,49.902,46.68,0,0,25.829,26.377
2025-08-14 08:46:03.856494,5050.01,48.291,46.357,0,0,25.894,26.377
2025-08-14 08:46:13.839971,5060.0,47.324,46.357,0,0,26.055,26.377
2025-08-14 08:46:23.917858,5070.01,46.615,46.261,57,0,26.055,26.377
2025-08-14 08:46:33.846235,5080.01,45.487,45.713,57,0,26.055,26.377
2025-08-14 08:46:43.842630,5090.0,44.617,44.682,57,0,26.055,26.377
2025-08-14 08:46:53.853001,5100.01,44.649,44.134,57,0,26.055,26.474
2025-08-14 08:47:03.848955,5110.01,44.811,43.618,57,0,26.055,26.538
2025-08-14 08:47:13.845585,5120.0,45.391,43.135,57,0,26.055,26.474
2025-08-14 08:47:23.854842,5130.01,45.648,42.49,57,0,26.055,26.635
2025-08-14 08:47:33.851234,5140.0,45.648,41.749,57,0,26.055,26.603
2025-08-14 08:47:43.860474,5150.01,45.971,41.137,57,0,26.055,26.699
2025-08-14 08:47:53.856896,5160.01,46.035,40.718,57,0,26.055,26.699
2025-08-14 08:48:03.853292,5170.0,46.067,40.105,57,0,26.055,26.699
2025-08-14 08:48:13.836661,5180.0,46.422,39.848,57,0,26.055,26.699
2025-08-14 08:48:23.858412,5190.01,46.647,39.622,57,0,26.055,26.699
2025-08-14 08:48:33.841767,5200.01,46.841,39.396,57,0,26.087,26.699
2025-08-14 08:48:43.850762,5210.01,47.163,39.268,57,0,26.248,26.699
2025-08-14 08:48:53.860190,5220.01,47.195,38.816,57,0,26.313,26.699
2025-08-14 08:49:03.856726,5230.01,47.389,38.881,57,0,26.313,26.699
2025-08-14 08:49:13.840020,5240.0,47.518,38.623,57,0,26.345,26.699
2025-08-14 08:49:23.849174,5250.01,47.679,38.655,57,0,26.377,26.699
2025-08-14 08:49:33.859238,5260.01,48.162,38.559,57,0,26.377,26.699
2025-08-14 08:49:43.855783,5270.01,49.064,38.688,57,0,26.377,26.828
2025-08-14 08:49:53.840597,5280.0,49.806,38.978,57,0,26.377,26.764
2025-08-14 08:50:03.848894,5290.01,50.869,38.881,57,0,26.377,26.989
2025-08-14 08:50:13.845628,5300.01,51.191,38.881,57,0,26.377,26.893
2025-08-14 08:50:23.842813,5310.0,51.32,38.978,57,0,26.377,26.925
2025-08-14 08:50:33.839579,5320.0,51.61,38.881,57,0,26.377,27.021
2025-08-14 08:50:43.933960,5330.01,52.094,39.364,57,64,26.377,27.021
2025-08-14 08:50:53.845414,5340.0,51.9,39.364,57,64,26.377,27.021
2025-08-14 08:51:03.854858,5350.01,52.223,39.751,57,64,26.377,27.021
2025-08-14 08:51:13.851595,5360.01,52.835,40.943,57,64,26.377,27.021
2025-08-14 08:51:23.848719,5370.01,52.738,41.427,57,64,26.377,26.925
2025-08-14 08:51:33.844840,5380.01,52.642,42.136,57,64,26.377,26.989
2025-08-14 08:51:43.854381,5390.01,52.964,43.812,57,64,26.377,26.764
2025-08-14 08:51:53.851277,5400.01,53.479,44.488,57,64,26.28,26.796
2025-08-14 08:52:03.848120,5410.01,53.834,45.262,57,64,26.184,26.731
2025-08-14 08:52:13.844564,5420.01,54.06,46.196,57,64,26.055,26.699
2025-08-14 08:52:23.854033,5430.01,53.286,46.583,57,64,26.055,26.699
2025-08-14 08:52:33.850355,5440.01,52.513,46.68,57,64,26.055,26.699
2025-08-14 08:52:43.847523,5450.01,52.448,47.356,57,64,26.055,26.699
2025-08-14 08:52:53.844838,5460.01,52.803,47.969,57,64,26.055,26.699
2025-08-14 08:53:03.840539,5470.01,52.771,47.904,57,64,26.022,26.667
2025-08-14 08:53:13.849819,5480.01,52.835,49.0,57,64,26.055,26.667
2025-08-14 08:53:23.846041,5490.01,53.061,49.322,57,64,25.894,26.635
2025-08-14 08:53:33.842982,5500.01,52.867,49.838,57,64,25.797,26.474
2025-08-14 08:53:43.852535,5510.01,52.867,50.192,57,64,25.732,26.506
2025-08-14 08:53:53.849007,5520.01,52.867,50.772,57,64,25.732,26.474
2025-08-14 08:54:03.845272,5530.01,53.415,51.095,57,64,25.732,26.377
2025-08-14 08:54:13.854999,5540.01,53.479,50.901,57,64,25.732,26.377
2025-08-14 08:54:23.851633,5550.01,53.512,51.481,57,64,25.732,26.377
2025-08-14 08:54:33.848686,5560.01,54.188,52.062,57,64,25.732,26.377
2025-08-14 08:54:43.844628,5570.01,53.254,50.74,57,64,25.732,26.377
2025-08-14 08:54:53.854280,5580.01,52.352,50.611,57,64,25.7,26.377
2025-08-14 08:55:03.905652,5590.01,52.062,50.708,0,64,25.668,26.377
2025-08-14 08:55:13.846653,5600.01,51.546,50.934,0,64,25.732,26.377
2025-08-14 08:55:23.845770,5610.0,51.449,51.127,0,64,25.732,26.377
2025-08-14 08:55:33.852774,5620.01,50.74,51.449,0,64,25.732,26.377
2025-08-14 08:55:43.849020,5630.01,50.515,51.836,0,64,25.668,26.377
2025-08-14 08:55:53.832434,5640.0,50.031,51.965,0,64,25.732,26.377
2025-08-14 08:56:03.854856,5650.01,49.193,51.256,0,64,25.732,26.345
2025-08-14 08:56:13.838686,5660.0,48.259,52.126,0,64,25.732,26.377
2025-08-14 08:56:23.861005,5670.01,47.582,51.675,0,64,25.571,26.345
2025-08-14 08:56:33.845366,5680.0,46.873,52.255,0,64,25.636,26.28
2025-08-14 08:56:43.902268,5690.01,45.616,51.191,0,64,25.636,26.216
2025-08-14 08:56:53.911638,5700.01,44.263,50.869,0,0,25.475,26.119
2025-08-14 08:57:03.848545,5710.01,43.135,50.225,0,0,25.41,26.184
2025-08-14 08:57:13.845163,5720.01,42.168,49.58,0,0,25.442,26.087
2025-08-14 08:57:23.853705,5730.01,41.427,48.613,0,0,25.41,26.055
2025-08-14 08:57:33.851050,5740.01,40.879,47.969,0,0,25.442,26.055
2025-08-14 08:57:43.847841,5750.01,40.234,46.776,0,0,25.41,26.055
2025-08-14 08:57:53.855203,5760.01,39.203,45.391,0,0,25.41,26.055
2025-08-14 08:58:03.851590,5770.01,38.301,44.359,0,0,25.41,26.055
2025-08-14 08:58:13.847992,5780.0,37.334,43.135,0,0,25.41,26.055
2025-08-14 08:58:23.857014,5790.0,36.496,41.846,0,0,25.41,26.055
2025-08-14 08:58:33.840788,5800.01,35.98,40.879,0,0,25.41,26.055
2025-08-14 08:58:43.850854,5810.01,34.885,39.59,0,0,25.41,26.055
2025-08-14 08:58:53.859696,5820.01,34.176,38.945,0,0,25.41,26.055
2025-08-14 08:59:03.843506,5830.01,33.435,37.656,0,0,25.41,26.055
2025-08-14 08:59:13.852580,5840.01,32.5,36.689,0,0,25.41,26.055
2025-08-14 08:59:23.849262,5850.01,31.888,36.045,0,0,25.41,26.055
2025-08-14 08:59:33.846501,5860.01,31.243,35.078,0,0,25.378,26.055
2025-08-14 08:59:43.858001,5870.0,30.566,34.434,0,0,25.41,26.055
2025-08-14 08:59:53.851186,5880.01,30.244,33.789,0,0,25.41,26.055
2025-08-14 09:00:03.860240,5890.01,29.664,32.854,0,0,25.378,26.055
2025-08-14 09:00:13.859076,5900.01,29.277,32.178,0,0,25.41,26.055
2025-08-14 09:00:23.853869,5910.01,28.955,31.63,0,0,25.346,26.022
2025-08-14 09:00:33.851204,5920.01,28.311,31.211,0,0,25.249,25.958
2025-08-14 09:00:43.858911,5930.01,27.988,30.566,0,0,25.378,26.022
2025-08-14 09:00:53.855888,5940.01,27.666,29.986,0,0,25.217,26.022
2025-08-14 09:01:03.852404,5950.01,27.344,29.6,0,0,25.249,25.958
2025-08-14 09:01:13.848612,5960.01,27.054,29.052,0,0,25.313,25.958
2025-08-14 09:01:23.857987,5970.01,26.957,28.826,0,0,25.313,25.829
2025-08-14 09:01:33.842313,5980.01,26.699,28.633,0,0,25.281,25.958
2025-08-14 09:01:43.852018,5990.01,26.377,28.053,0,0,25.281,25.958
2025-08-14 09:01:53.849485,6000.01,26.377,27.988,0,0,25.41,26.022
2025-08-14 09:02:03.845080,6010.01,26.377,27.956,0,0,25.41,26.055
2025-08-14 09:02:13.854582,6020.01,26.151,27.666,0,0,25.378,25.99
2025-08-14 09:02:23.850222,6030.01,26.055,27.634,0,0,25.378,26.055
2025-08-14 09:02:33.846680,6040.0,26.055,27.344,0,0,25.41,26.055
2025-08-14 09:02:43.856200,6050.0,26.055,27.344,0,0,25.41,26.055
2025-08-14 09:02:53.864860,6060.01,25.894,27.021,0,0,25.41,26.055
2025-08-14 09:03:03.913566,6070.01,25.732,27.021,0,0,25.41,26.055
2025-08-14 09:03:13.844644,6080.0,25.732,26.925,0,0,25.41,26.055
2025-08-14 09:03:23.854568,6090.0,25.732,26.699,0,0,25.41,26.055
2025-08-14 09:03:33.862824,6100.01,25.732,26.699,0,0,25.41,26.055
2025-08-14 09:03:43.846772,6110.0,25.571,26.441,0,0,25.41,26.055
2025-08-14 09:03:53.858848,6120.01,25.41,26.377,0,0,25.442,26.055
2025-08-14 09:04:03.864970,6130.01,25.41,26.345,0,0,25.442,26.055
2025-08-14 09:04:13.861387,6140.01,25.41,26.055,0,0,25.475,26.151
2025-08-14 09:04:23.858963,6150.01,25.313,26.055,0,0,25.507,26.184
2025-08-14 09:04:33.854622,6160.01,25.281,26.055,0,0,25.571,26.119
2025-08-14 09:04:43.851254,6170.01,25.152,25.894,0,0,25.636,26.184
2025-08-14 09:04:53.848437,6180.01,25.088,25.732,0,0,25.636,26.216
2025-08-14 09:05:03.840377,6190.0,25.185,25.732,0,0,25.732,26.377
2025-08-14 09:05:13.847828,6200.0,25.088,25.732,0,0,25.732,26.248
2025-08-14 09:05:23.854502,6210.01,25.088,25.7,0,0,25.7,26.377
2025-08-14 09:05:33.837920,6220.0,25.088,25.475,0,0,25.732,26.345
2025-08-14 09:05:43.846133,6230.01,25.088,25.41,0,0,25.732,26.345
2025-08-14 09:05:53.855384,6240.01,25.056,25.442,0,0,25.732,26.377
2025-08-14 09:06:03.851720,6250.01,25.056,25.41,0,0,25.732,26.377
2025-08-14 09:06:13.848282,6260.01,25.023,25.41,0,0,25.732,26.377
2025-08-14 09:06:23.844590,6270.01,24.991,25.41,0,0,25.732,26.377
2025-08-14 09:06:33.853760,6280.01,24.927,25.41,0,0,25.732,26.377
2025-08-14 09:06:43.911833,6290.01,24.83,25.41,0,0,25.765,26.377
2025-08-14 09:06:53.846806,6300.01,24.862,25.378,0,0,25.732,26.377
2025-08-14 09:07:03.855852,6310.01,24.798,25.281,0,0,25.861,26.377
2025-08-14 09:07:13.838940,6320.0,24.798,25.152,0,0,25.765,26.377
2025-08-14 09:07:23.847847,6330.01,24.766,25.12,0,0,25.926,26.377
2025-08-14 09:07:33.844401,6340.01,24.766,25.088,0,0,25.926,26.377
2025-08-14 09:07:43.840677,6350.01,24.766,25.12,0,0,26.055,26.377
2025-08-14 09:07:53.849962,6360.01,24.766,25.088,0,0,25.99,26.377
2025-08-14 09:08:03.859181,6370.01,24.766,25.088,0,0,26.055,26.377
2025-08-14 09:08:13.855891,6380.01,24.766,25.088,0,0,26.055,26.377
2025-08-14 09:08:23.852165,6390.0,24.766,25.088,0,0,26.022,26.377
2025-08-14 09:08:33.860998,6400.01,24.766,25.088,0,0,25.99,26.377
2025-08-14 09:08:43.858195,6410.01,24.766,25.088,0,0,26.055,26.377
2025-08-14 09:08:53.853618,6420.01,24.766,25.088,0,0,26.055,26.377
2025-08-14 09:09:03.852199,6430.01,24.766,25.088,0,0,26.055,26.377
2025-08-14 09:09:13.858960,6440.01,24.766,25.088,0,0,26.022,26.377
2025-08-14 09:09:23.855929,6450.01,24.766,25.088,0,0,25.926,26.377
2025-08-14 09:09:33.852103,6460.01,24.701,24.991,0,0,25.797,26.377
2025-08-14 09:09:43.848469,6470.0,24.604,24.895,0,0,25.861,26.377
2025-08-14 09:09:53.858019,6480.01,24.443,24.798,0,0,25.732,26.377
2025-08-14 09:10:03.854170,6490.01,24.443,24.766,0,0,25.732,26.377
2025-08-14 09:10:13.850649,6500.01,24.443,24.766,0,0,25.732,26.377
2025-08-14 09:10:23.846880,6510.0,24.443,24.766,0,0,25.732,26.377
2025-08-14 09:10:33.857311,6520.01,24.443,24.766,0,0,25.732,26.377
2025-08-14 09:10:43.854902,6530.01,24.443,24.766,0,0,25.732,26.377
2025-08-14 09:10:53.835675,6540.0,24.443,24.766,0,0,25.732,26.313
2025-08-14 09:11:03.845954,6550.01,24.379,24.766,0,0,25.732,26.345
2025-08-14 09:11:13.854563,6560.01,24.347,24.733,0,0,25.7,26.28
2025-08-14 09:11:23.839247,6570.0,24.347,24.669,0,0,25.571,26.087
2025-08-14 09:11:33.848611,6580.01,24.218,24.572,0,0,25.571,26.248
2025-08-14 09:11:43.845008,6590.01,24.218,24.669,0,0,25.475,26.184
2025-08-14 09:11:53.854372,6600.01,24.121,24.637,0,0,25.41,26.087
2025-08-14 09:12:03.850907,6610.0,24.121,24.443,0,0,25.41,26.055
2025-08-14 09:12:13.859576,6620.01,24.121,24.443,0,0,25.41,26.087
2025-08-14 09:12:23.855425,6630.01,24.153,24.443,0,0,25.41,26.055
2025-08-14 09:12:33.852947,6640.0,24.121,24.443,0,0,25.41,26.055
2025-08-14 09:12:43.861489,6650.01,24.121,24.443,0,0,25.41,26.055
2025-08-14 09:12:53.922749,6660.01,24.25,24.572,29,0,25.378,26.055
2025-08-14 09:13:03.854431,6670.01,24.347,24.572,29,0,25.378,26.022
2025-08-14 09:13:13.863077,6680.01,24.572,24.508,29,0,25.41,26.055
2025-08-14 09:13:23.846931,6690.01,24.895,24.637,29,0,25.313,26.055
2025-08-14 09:13:33.844733,6700.01,25.41,24.508,29,0,25.249,26.022
2025-08-14 09:13:43.853074,6710.01,25.861,24.733,29,0,25.152,26.022
2025-08-14 09:13:53.850106,6720.01,26.506,24.991,29,0,25.12,25.926
2025-08-14 09:14:03.859884,6730.01,26.957,25.056,29,0,25.088,25.797
2025-08-14 09:14:13.843770,6740.0,27.44,25.088,29,0,25.088,25.894
2025-08-14 09:14:23.840489,6750.0,27.827,25.313,29,0,25.12,25.894
2025-08-14 09:14:33.849177,6760.0,28.407,25.475,29,0,25.088,25.732
2025-08-14 09:14:43.845671,6770.01,28.826,25.604,29,0,25.088,25.894
2025-08-14 09:14:53.855150,6780.01,29.084,25.861,29,0,25.12,25.732
2025-08-14 09:15:03.913728,6790.01,29.632,26.28,29,56,25.088,25.797
2025-08-14 09:15:13.848399,6800.01,29.986,26.538,29,56,25.088,25.829
2025-08-14 09:15:23.844710,6810.01,30.147,26.828,29,56,25.088,25.732
2025-08-14 09:15:33.854637,6820.01,30.663,27.344,29,56,25.088,25.732
2025-08-14 09:15:43.852066,6830.01,30.889,28.278,29,56,25.088,25.732
2025-08-14 09:15:53.848367,6840.0,31.082,28.762,29,56,25.088,25.732
2025-08-14 09:16:03.858008,6850.01,31.501,29.89,29,56,25.088,25.732
2025-08-14 09:16:13.854909,6860.01,31.952,30.566,29,56,25.088,25.732
2025-08-14 09:16:23.851358,6870.01,32.178,31.179,29,56,25.088,25.732
2025-08-14 09:16:33.847756,6880.01,32.339,32.146,29,56,25.088,25.732
2025-08-14 09:16:43.844278,6890.01,32.5,32.629,29,56,25.088,25.732
2025-08-14 09:16:53.841064,6900.01,32.5,33.016,29,56,25.088,25.732
2025-08-14 09:17:03.915286,6910.01,32.436,32.983,29,0,25.088,25.732
2025-08-14 09:17:13.859936,6920.01,32.468,33.596,29,0,25.088,25.732
2025-08-14 09:17:23.857743,6930.01,32.693,33.821,29,0,25.056,25.732
2025-08-14 09:17:33.853951,6940.01,32.951,33.757,29,0,25.088,25.732
2025-08-14 09:17:43.850490,6950.01,32.887,33.66,29,0,25.088,25.732
2025-08-14 09:17:53.859460,6960.01,33.209,33.273,29,0,25.056,25.732
2025-08-14 09:18:03.844025,6970.01,33.531,33.338,29,0,25.088,25.732
2025-08-14 09:18:13.853406,6980.01,34.079,33.273,29,0,25.023,25.732
2025-08-14 09:18:23.837547,6990.0,34.53,33.177,29,0,25.088,25.732
2025-08-14 09:18:33.859871,7000.01,34.885,33.048,29,0,25.088,25.7
2025-08-14 09:18:43.843905,7010.0,35.271,32.951,29,0,25.088,25.7
2025-08-14 09:18:53.852794,7020.01,35.175,32.597,29,0,24.895,25.571
2025-08-14 09:19:03.849690,7030.01,35.207,32.307,29,0,25.023,25.732
2025-08-14 09:19:13.846233,7040.01,35.207,32.017,29,0,24.991,25.668
2025-08-14 09:19:23.855824,7050.01,35.207,32.113,29,0,24.991,25.7
2025-08-14 09:19:33.852876,7060.01,35.271,31.727,29,0,24.991,25.668
2025-08-14 09:19:43.850257,7070.01,35.207,31.759,29,0,25.088,25.636
2025-08-14 09:19:53.849670,7080.0,35.207,31.404,29,0,24.991,25.7
2025-08-14 09:20:03.855628,7090.01,34.949,31.275,29,0,24.959,25.636
2025-08-14 09:20:13.853286,7100.01,34.949,31.018,29,0,24.959,25.668
2025-08-14 09:20:23.849369,7110.01,34.756,30.985,29,0,24.83,25.507
2025-08-14 09:20:33.845424,7120.01,34.563,30.599,29,0,24.798,25.442
2025-08-14 09:20:43.855315,7130.01,34.24,30.276,29,0,24.766,25.507
2025-08-14 09:20:53.851786,7140.01,34.208,30.438,29,0,24.766,25.475
2025-08-14 09:21:03.847162,7150.01,34.015,30.212,29,0,24.766,25.475
2025-08-14 09:21:13.843976,7160.01,33.821,29.954,29,0,24.798,25.41
2025-08-14 09:21:23.854316,7170.01,33.563,30.051,29,0,24.766,25.41
2025-08-14 09:21:33.850382,7180.01,33.596,29.793,29,0,24.766,25.41
2025-08-14 09:21:43.846432,7190.01,33.596,29.825,29,0,24.766,25.41
2025-08-14 09:21:53.842944,7200.01,33.435,29.729,29,0,24.766,25.41
2025-08-14 09:22:03.916048,7210.01,33.467,29.6,0,0,24.766,25.442
2025-08-14 09:22:13.861579,7220.01,33.789,29.6,0,0,24.927,25.475
2025-08-14 09:22:23.845459,7230.0,33.467,29.567,0,0,24.927,25.7
2025-08-14 09:22:33.854706,7240.01,33.145,29.503,0,0,25.088,25.7
2025-08-14 09:22:43.851777,7250.01,32.822,29.374,0,0,25.088,25.732
2025-08-14 09:22:53.861148,7260.01,32.436,29.277,0,0,25.088,25.732
2025-08-14 09:23:03.840573,7270.0,31.855,29.277,0,0,25.088,25.732
2025-08-14 09:23:13.845641,7280.0,31.501,29.116,0,0,25.088,25.732
2025-08-14 09:23:23.853385,7290.01,30.889,28.923,0,0,25.152,25.732
2025-08-14 09:23:33.837354,7300.0,30.566,28.729,0,0,25.281,25.765
2025-08-14 09:23:43.845119,7310.01,29.954,28.633,0,0,25.313,25.926
2025-08-14 09:23:53.841707,7320.01,29.6,28.375,0,0,25.41,25.99
2025-08-14 09:24:03.850523,7330.01,29.277,28.311,0,0,25.41,26.022
2025-08-14 09:24:13.846909,7340.0,28.955,28.311,0,0,25.41,26.055
2025-08-14 09:24:23.856475,7350.01,28.633,28.053,0,0,25.41,26.055
2025-08-14 09:24:33.839725,7360.01,28.311,27.988,0,0,25.41,26.055
2025-08-14 09:24:43.848572,7370.01,27.988,27.73,0,0,25.475,26.055
2025-08-14 09:24:53.844905,7380.01,27.988,27.666,0,0,25.668,26.055
2025-08-14 09:25:03.841572,7390.01,27.666,27.666,0,0,25.732,26.055
2025-08-14 09:25:13.838377,7400.0,27.344,27.408,0,0,25.732,26.119
2025-08-14 09:25:23.847280,7410.01,27.344,27.344,0,0,25.732,26.216
2025-08-14 09:25:33.856885,7420.01,27.054,27.344,0,0,25.732,26.345
2025-08-14 09:25:43.853826,7430.01,27.021,27.054,0,0,25.732,26.313
2025-08-14 09:25:53.850225,7440.01,26.731,26.925,0,0,25.732,26.377
2025-08-14 09:26:03.858395,7450.01,26.699,26.957,0,0,25.732,26.377
2025-08-14 09:26:13.854765,7460.01,26.441,26.764,0,0,25.797,26.377
2025-08-14 09:26:23.851449,7470.01,26.377,26.699,0,0,25.958,26.377
2025-08-14 09:26:33.860734,7480.01,26.248,26.57,0,0,25.99,26.377
2025-08-14 09:26:43.913316,7490.01,26.055,26.377,0,0,26.055,26.377
2025-08-14 09:26:53.906322,7500.01,26.055,26.377,0,0,26.055,26.377
2025-08-14 09:27:03.850638,7510.01,25.958,26.377,0,0,26.055,26.377
2025-08-14 09:27:13.859794,7520.01,25.797,26.313,0,0,26.055,26.409
2025-08-14 09:27:23.856555,7530.01,25.732,26.087,0,0,26.055,26.57
2025-08-14 09:27:33.852137,7540.01,25.732,26.055,0,0,26.055,26.635
2025-08-14 09:27:43.861087,7550.01,25.7,26.055,0,0,26.055,26.667
2025-08-14 09:27:53.858024,7560.01,25.636,26.022,0,0,26.055,26.699
2025-08-14 09:28:03.854928,7570.01,25.475,26.022,0,0,26.055,26.699
2025-08-14 09:28:13.851056,7580.01,25.442,25.797,0,0,26.055,26.699
2025-08-14 09:28:23.848794,7590.0,25.442,25.765,0,0,26.055,26.699
2025-08-14 09:28:33.856626,7600.01,25.41,25.765,0,0,26.055,26.699
2025-08-14 09:28:43.853215,7610.01,25.41,25.732,0,0,26.055,26.699
2025-08-14 09:28:53.850440,7620.01,25.41,25.732,0,0,26.248,26.699
2025-08-14 09:29:03.859656,7630.01,25.346,25.732,0,0,26.055,26.699
2025-08-14 09:29:13.856123,7640.01,25.12,25.507,0,0,26.055,26.699
2025-08-14 09:29:23.853106,7650.01,25.088,25.41,0,0,26.055,26.699
2025-08-14 09:29:33.848840,7660.01,25.088,25.41,0,0,26.055,26.699
2025-08-14 09:29:43.858469,7670.01,25.056,25.41,0,0,26.055,26.699
2025-08-14 09:29:53.854256,7680.01,24.766,25.249,0,0,26.055,26.699
2025-08-14 09:30:03.851283,7690.01,24.766,25.152,0,0,26.055,26.699
2025-08-14 09:30:13.847644,7700.01,24.766,25.088,0,0,26.055,26.699
2025-08-14 09:30:23.857113,7710.01,24.733,25.088,0,0,25.958,26.603
2025-08-14 09:30:33.840947,7720.0,24.476,24.991,0,0,25.797,26.506
2025-08-14 09:30:43.920466,7730.01,24.508,24.959,16,0,25.732,26.377
2025-08-14 09:30:53.846633,7740.01,24.508,24.83,16,0,25.732,26.474
2025-08-14 09:31:03.855487,7750.01,24.572,24.862,16,0,25.732,26.377
2025-08-14 09:31:13.852569,7760.01,24.83,24.895,16,0,25.732,26.377
2025-08-14 09:31:23.835190,7770.0,25.056,24.83,16,0,25.732,26.377
2025-08-14 09:31:33.858033,7780.01,25.185,24.895,16,0,25.732,26.377
2025-08-14 09:31:43.854132,7790.01,25.539,24.798,16,0,25.732,26.377
2025-08-14 09:31:53.850152,7800.01,25.797,24.83,16,0,25.7,26.377
2025-08-14 09:32:03.847312,7810.01,26.119,24.862,16,0,25.636,26.345
2025-08-14 09:32:13.857378,7820.01,26.151,24.959,16,0,25.571,26.377
2025-08-14 09:32:23.852744,7830.01,26.441,25.088,16,0,25.668,26.377
2025-08-14 09:32:33.849105,7840.0,26.667,25.152,16,0,25.41,26.184
2025-08-14 09:32:43.845628,7850.0,26.764,25.217,16,0,25.41,26.151
2025-08-14 09:32:53.842002,7860.0,27.054,25.217,16,0,25.41,26.151
2025-08-14 09:33:03.851872,7870.01,27.054,25.217,16,0,25.41,26.087
2025-08-14 09:33:13.861581,7880.01,27.086,25.442,16,0,25.41,26.087
2025-08-14 09:33:23.844659,7890.0,27.312,25.475,16,0,25.41,26.055
2025-08-14 09:33:33.841295,7900.0,27.408,25.475,16,0,25.41,26.055
2025-08-14 09:33:43.850102,7910.0,27.473,25.507,16,0,25.41,26.055
2025-08-14 09:33:53.846463,7920.01,27.408,25.507,16,0,25.41,26.055
2025-08-14 09:34:03.842976,7930.0,27.763,25.604,16,0,25.41,26.055
2025-08-14 09:34:13.852327,7940.01,27.698,25.7,16,0,25.41,26.055
2025-08-14 09:34:23.849287,7950.01,27.827,25.829,16,0,25.346,26.055
2025-08-14 09:34:33.857960,7960.01,27.73,25.797,16,0,25.41,26.055
2025-08-14 09:34:43.913698,7970.01,27.73,25.926,16,15,25.41,26.055
2025-08-14 09:34:53.850816,7980.01,27.859,25.829,16,15,25.378,26.055
2025-08-14 09:35:03.846971,7990.01,27.859,26.087,16,15,25.281,26.055
2025-08-14 09:35:13.844577,8000.0,28.085,26.151,16,15,25.313,26.055
2025-08-14 09:35:23.853027,8010.01,28.053,26.538,16,15,25.088,25.99
2025-08-14 09:35:33.849896,8020.01,28.053,26.603,16,15,25.12,25.958
2025-08-14 09:35:43.861028,8030.01,28.085,26.893,16,15,25.12,25.894
2025-08-14 09:35:53.842910,8040.0,28.117,26.893,16,15,25.088,25.958
2025-08-14 09:36:03.852792,8050.01,28.182,26.957,16,15,25.088,25.829
2025-08-14 09:36:13.861733,8060.01,28.182,27.312,16,15,25.088,25.732
2025-08-14 09:36:23.845633,8070.01,28.149,27.344,16,15,25.088,25.732
2025-08-14 09:36:33.855694,8080.01,28.149,27.376,16,15,25.088,25.765
2025-08-14 09:36:43.851852,8090.01,28.182,27.408,16,15,25.088,25.732
2025-08-14 09:36:53.848317,8100.0,28.214,27.634,16,15,25.088,25.732
2025-08-14 09:37:03.857597,8110.01,28.278,27.763,16,15,25.088,25.732
2025-08-14 09:37:13.841643,8120.01,28.439,27.988,16,15,25.088,25.732
2025-08-14 09:37:23.851348,8130.01,28.311,27.892,16,15,25.088,25.732
2025-08-14 09:37:33.847914,8140.01,28.439,28.021,16,15,25.088,25.732
2025-08-14 09:37:43.857910,8150.01,28.439,28.117,16,15,25.088,25.732
2025-08-14 09:37:53.854410,8160.01,28.439,28.053,16,15,25.088,25.732
2025-08-14 09:38:03.912752,8170.01,28.311,28.149,0,15,25.088,25.732
2025-08-14 09:38:13.847595,8180.01,28.343,27.988,0,15,25.088,25.732
2025-08-14 09:38:23.844355,8190.01,28.021,27.988,0,15,25.088,25.732
2025-08-14 09:38:33.854169,8200.01,27.956,28.149,0,15,25.088,25.732
2025-08-14 09:38:43.850563,8210.01,27.73,28.117,0,15,25.088,25.732
2025-08-14 09:38:53.847494,8220.01,27.408,27.988,0,15,25.088,25.7
2025-08-14 09:39:03.844267,8230.01,27.183,28.149,0,15,24.991,25.732
2025-08-14 09:39:13.840909,8240.0,26.828,27.988,0,15,24.991,25.732
2025-08-14 09:39:23.849608,8250.01,26.635,27.892,0,15,25.023,25.668
2025-08-14 09:39:33.846918,8260.01,26.377,27.859,0,15,25.088,25.7
2025-08-14 09:39:43.842899,8270.01,26.119,27.827,0,15,25.056,25.732
2025-08-14 09:39:53.853113,8280.01,25.894,27.892,0,15,25.056,25.668
2025-08-14 09:40:03.862378,8290.01,25.732,27.634,0,15,25.023,25.7
2025-08-14 09:40:13.846923,8300.0,25.41,27.505,0,15,24.927,25.7
2025-08-14 09:40:23.855390,8310.01,25.378,27.344,0,15,24.862,25.636
2025-08-14 09:40:33.851868,8320.01,25.088,27.505,0,15,24.83,25.636
2025-08-14 09:40:43.848102,8330.0,25.152,27.344,0,15,24.83,25.732
2025-08-14 09:40:53.858288,8340.01,24.83,27.247,0,15,24.959,25.604
2025-08-14 09:41:03.855049,8350.01,24.766,27.215,0,15,24.766,25.539
2025-08-14 09:41:13.851244,8360.0,24.798,27.021,0,15,24.83,25.571
2025-08-14 09:41:23.847583,8370.01,24.508,27.021,0,15,24.83,25.539
2025-08-14 09:41:33.856542,8380.01,24.508,26.957,0,15,24.766,25.539
2025-08-14 09:41:43.839312,8390.0,24.379,26.86,0,15,24.766,25.636
2025-08-14 09:41:53.842443,8400.0,24.25,26.699,0,15,24.766,25.539
2025-08-14 09:42:03.849756,8410.01,24.186,26.828,0,15,24.766,25.475
2025-08-14 09:42:13.845325,8420.01,24.121,26.699,0,15,24.766,25.41
2025-08-14 09:42:23.852678,8430.01,24.186,26.409,0,15,24.766,25.41
2025-08-14 09:42:33.835748,8440.0,24.121,26.377,0,15,24.766,25.41
2025-08-14 09:42:43.849747,8450.01,24.089,26.538,0,15,24.766,25.442
2025-08-14 09:42:53.854718,8460.01,23.992,26.506,0,15,24.766,25.442
2025-08-14 09:43:03.850672,8470.01,23.96,26.377,0,15,24.766,25.41
2025-08-14 09:43:13.859496,8480.01,24.057,26.441,0,15,24.766,25.475
2025-08-14 09:43:23.855616,8490.0,24.121,26.474,0,15,24.83,25.475
2025-08-14 09:43:33.914223,8500.01,24.347,26.764,30,15,24.991,25.668
2025-08-14 09:43:43.861364,8510.01,24.314,26.796,30,15,25.023,25.668
2025-08-14 09:43:53.845704,8520.01,24.572,26.957,30,15,25.088,25.732
2025-08-14 09:44:03.911774,8530.01,25.12,26.764,30,0,25.088,25.732
2025-08-14 09:44:13.851105,8540.01,25.571,27.021,30,0,25.088,25.732
2025-08-14 09:44:23.848312,8550.01,26.248,27.118,30,0,25.088,25.732
2025-08-14 09:44:33.857330,8560.01,26.893,27.215,30,0,25.12,25.732
2025-08-14 09:44:43.840698,8570.01,27.698,27.279,30,0,25.12,25.732
2025-08-14 09:44:53.849906,8580.01,28.214,27.15,30,0,25.313,25.732
2025-08-14 09:45:03.859840,8590.01,28.729,27.344,30,0,25.378,25.829
2025-08-14 09:45:13.856850,8600.01,29.406,27.344,30,0,25.41,25.926
2025-08-14 09:45:23.853630,8610.01,30.051,27.537,30,0,25.41,26.022
2025-08-14 09:45:33.837326,8620.0,30.405,27.408,30,0,25.41,26.022
2025-08-14 09:45:43.846373,8630.0,30.824,27.44,30,0,25.41,26.055
2025-08-14 09:45:53.855484,8640.01,31.34,27.795,30,0,25.41,26.055
2025-08-14 09:46:03.852196,8650.01,31.662,27.795,30,0,25.41,26.055
2025-08-14 09:46:13.848375,8660.01,32.049,27.892,30,0,25.507,26.055
2025-08-14 09:46:23.857524,8670.01,32.629,28.182,30,0,25.507,26.055
2025-08-14 09:46:33.925104,8680.01,32.887,28.053,11,0,25.571,26.055
2025-08-14 09:46:43.849833,8690.01,33.016,28.278,11,0,25.732,26.055
2025-08-14 09:46:53.846135,8700.01,33.145,28.375,11,0,25.732,26.087
2025-08-14 09:47:03.855954,8710.01,33.177,28.375,11,0,25.732,26.28
2025-08-14 09:47:13.869920,8720.01,32.79,28.375,11,0,25.732,26.345
2025-08-14 09:47:23.848634,8730.01,32.5,28.407,11,0,25.732,26.345
2025-08-14 09:47:33.844648,8740.0,32.307,28.311,11,0,25.732,26.377
2025-08-14 09:47:43.854729,8750.01,31.952,28.407,11,0,25.732,26.377
2025-08-14 09:47:53.862753,8760.01,31.888,28.407,11,0,26.022,26.377
2025-08-14 09:48:03.846658,8770.01,31.662,28.439,11,0,25.926,26.377
2025-08-14 09:48:13.856051,8780.01,31.308,28.439,11,0,25.958,26.377
2025-08-14 09:48:23.852355,8790.01,31.082,28.472,11,0,26.055,26.377
2025-08-14 09:48:33.848358,8800.0,30.953,28.375,11,0,26.055,26.377
2025-08-14 09:48:43.859200,8810.01,30.566,28.375,11,0,26.055,26.377
2025-08-14 09:48:53.853401,8820.0,30.534,28.311,11,0,26.055,26.441
2025-08-14 09:49:03.850368,8830.01,30.341,28.278,11,0,26.055,26.474
2025-08-14 09:49:13.846647,8840.01,30.309,28.085,11,0,26.055,26.506
2025-08-14 09:49:23.856138,8850.01,30.309,28.182,11,0,26.055,26.635
2025-08-14 09:49:33.852052,8860.01,29.986,28.149,11,0,26.055,26.635
2025-08-14 09:49:43.848766,8870.01,29.632,27.956,11,0,26.055,26.667
2025-08-14 09:49:53.857830,8880.01,29.6,27.73,11,0,26.055,26.603
2025-08-14 09:50:03.841334,8890.01,29.342,27.73,11,0,26.055,26.603
2025-08-14 09:50:13.850645,8900.01,29.277,27.73,11,0,26.055,26.474
2025-08-14 09:50:23.922751,8910.01,29.374,28.472,11,91,26.055,26.603
2025-08-14 09:50:33.844408,8920.0,29.342,27.988,11,91,26.055,26.409
2025-08-14 09:50:43.912663,8930.0,28.955,28.891,26,91,25.861,26.409
2025-08-14 09:50:53.849193,8940.01,28.891,28.923,26,91,25.732,26.377
2025-08-14 09:51:03.844803,8950.0,28.987,30.438,26,91,25.732,26.377
2025-08-14 09:51:13.855354,8960.01,29.471,31.469,26,91,25.732,26.377
2025-08-14 09:51:23.863559,8970.01,29.342,32.21,26,91,25.732,26.377
2025-08-14 09:51:33.836643,8980.0,29.6,32.307,26,91,25.732,26.345
2025-08-14 09:51:43.857203,8990.01,30.212,33.338,26,91,25.732,26.377
2025-08-14 09:51:53.852251,9000.01,30.18,34.337,26,91,25.732,26.377
2025-08-14 09:52:03.861762,9010.01,30.566,34.788,26,91,25.732,26.377
2025-08-14 09:52:13.858287,9020.01,31.018,36.496,26,91,25.732,26.377
2025-08-14 09:52:23.854516,9030.01,31.082,36.593,26,91,25.732,26.345
2025-08-14 09:52:33.850225,9040.01,31.501,37.205,26,91,25.732,26.377
2025-08-14 09:52:43.847037,9050.01,31.598,38.172,26,91,25.668,26.345
2025-08-14 09:52:53.857740,9060.01,32.017,38.43,26,91,25.732,26.313
2025-08-14 09:53:03.839883,9070.0,32.178,38.881,26,91,25.732,26.248
2025-08-14 09:53:13.849103,9080.0,32.242,39.815,26,91,25.539,26.248
2025-08-14 09:53:23.859079,9090.01,32.274,40.202,26,91,25.636,26.248
2025-08-14 09:53:33.842781,9100.01,32.822,40.46,26,91,25.41,26.055
2025-08-14 09:53:43.851542,9110.01,33.016,41.072,26,91,25.41,26.055
2025-08-14 09:53:53.847809,9120.0,33.241,41.91,26,91,25.41,26.055
2025-08-14 09:54:03.858987,9130.01,33.37,41.556,26,91,25.41,26.055
2025-08-14 09:54:13.854087,9140.01,33.209,41.846,26,91,25.41,26.055
2025-08-14 09:54:23.849708,9150.01,33.273,41.813,26,91,25.41,26.055
2025-08-14 09:54:33.925654,9160.01,33.402,42.168,26,78,25.41,26.055
2025-08-14 09:54:43.842877,9170.0,33.563,42.555,26,78,25.41,26.055
2025-08-14 09:54:53.851878,9180.01,33.725,42.813,26,78,25.41,26.055
2025-08-14 09:55:03.848448,9190.01,33.821,42.619,26,78,25.41,26.055
2025-08-14 09:55:13.859249,9200.01,33.982,42.684,26,78,25.41,26.055
2025-08-14 09:55:23.853372,9210.0,33.725,42.587,26,78,25.41,26.055
2025-08-14 09:55:33.849482,9220.01,33.725,42.587,26,78,25.41,26.055
2025-08-14 09:55:43.913251,9230.01,34.111,42.78,0,78,25.41,26.055
2025-08-14 09:55:53.855702,9240.01,34.111,42.813,0,78,25.41,26.055
2025-08-14 09:56:03.852204,9250.01,34.144,42.78,0,78,25.346,26.022
2025-08-14 09:56:13.835041,9260.0,33.725,42.78,0,78,25.346,26.022
2025-08-14 09:56:23.844869,9270.01,33.499,43.425,0,78,25.088,25.894
2025-08-14 09:56:33.854272,9280.01,33.145,42.974,0,78,25.152,25.829
2025-08-14 09:56:43.853077,9290.01,32.983,43.747,0,78,25.088,25.732
2025-08-14 09:56:53.847653,9300.01,32.436,43.425,0,78,25.12,25.732
2025-08-14 09:57:03.845274,9310.01,31.598,42.813,0,78,25.12,25.765
2025-08-14 09:57:13.853687,9320.01,31.211,42.813,0,78,25.088,25.765
2025-08-14 09:57:23.863752,9330.01,30.953,42.651,0,78,25.12,25.732
2025-08-14 09:57:33.847118,9340.01,30.47,42.394,0,78,25.088,25.732
2025-08-14 09:57:43.843860,9350.01,30.051,42.297,0,78,25.088,25.732
2025-08-14 09:57:53.910929,9360.01,29.567,41.201,0,9,25.088,25.732
2025-08-14 09:58:03.849645,9370.01,29.277,40.943,0,9,25.088,25.732
2025-08-14 09:58:13.846327,9380.01,29.02,40.299,0,9,25.088,25.732
2025-08-14 09:58:23.855977,9390.01,28.633,39.751,0,9,25.088,25.732
2025-08-14 09:58:33.840379,9400.01,28.375,38.623,0,9,25.088,25.732
2025-08-14 09:58:43.849373,9410.01,28.117,37.817,0,9,25.088,25.732
2025-08-14 09:58:53.845849,9420.01,27.698,36.657,0,9,25.088,25.732
2025-08-14 09:59:03.855153,9430.0,27.569,35.884,0,9,25.088,25.732
2025-08-14 09:59:13.851869,9440.0,27.344,34.788,0,9,25.088,25.732
2025-08-14 09:59:23.848200,9450.01,27.021,34.272,0,9,25.088,25.732
2025-08-14 09:59:33.914761,9460.01,26.699,33.145,0,0,25.088,25.732
2025-08-14 09:59:43.854894,9470.0,26.699,32.726,0,0,25.088,25.7
2025-08-14 09:59:53.845878,9480.01,26.377,31.855,0,0,25.088,25.732
2025-08-14 10:00:03.841455,9490.0,26.055,31.211,0,0,25.088,25.732
2025-08-14 10:00:13.844487,9500.0,26.022,30.566,0,0,25.088,25.732
2025-08-14 10:00:23.849736,9510.01,25.732,29.922,0,0,25.088,25.668
2025-08-14 10:00:33.857202,9520.01,25.507,29.342,0,0,24.895,25.571
2025-08-14 10:00:43.852534,9530.0,25.41,28.955,0,0,24.798,25.571
2025-08-14 10:00:53.848607,9540.01,25.152,28.311,0,0,24.895,25.507
2025-08-14 10:01:03.857128,9550.01,25.088,27.988,0,0,24.862,25.539
2025-08-14 10:01:13.853701,9560.01,24.766,27.44,0,0,24.83,25.571
2025-08-14 10:01:23.850065,9570.0,24.766,27.215,0,0,24.895,25.41
2025-08-14 10:01:33.846225,9580.0,24.572,26.731,0,0,24.766,25.41
2025-08-14 10:01:43.912243,9590.0,24.572,26.57,0,30,24.766,25.41
2025-08-14 10:01:53.852058,9600.01,24.476,26.377,0,30,24.766,25.41
2025-08-14 10:02:03.848184,9610.01,24.347,26.28,0,30,24.798,25.442
2025-08-14 10:02:13.857224,9620.01,24.121,26.474,0,30,24.766,25.41
2025-08-14 10:02:23.853696,9630.01,24.25,26.603,0,30,24.766,25.41
2025-08-14 10:02:33.849910,9640.01,24.186,26.377,0,30,24.766,25.41
2025-08-14 10:02:43.846535,9650.01,24.25,26.957,0,30,24.766,25.41
2025-08-14 10:02:53.842787,9660.0,24.25,26.699,0,30,24.766,25.41
2025-08-14 10:03:03.851880,9670.01,24.25,27.247,0,30,24.766,25.41
2025-08-14 10:03:13.847778,9680.01,24.153,27.054,0,30,24.766,25.41
2025-08-14 10:03:23.844419,9690.01,24.25,27.602,0,30,24.766,25.41
2025-08-14 10:03:33.840979,9700.01,24.186,27.376,0,30,24.766,25.41
2025-08-14 10:03:43.837353,9710.0,24.186,27.956,0,30,24.766,25.475
2025-08-14 10:03:53.918482,9720.0,24.347,27.956,17,30,24.895,25.571
2025-08-14 10:04:03.855223,9730.01,24.701,28.375,17,30,25.023,25.668
2025-08-14 10:04:13.838527,9740.0,24.669,28.439,17,30,25.023,25.7
2025-08-14 10:04:23.860831,9750.01,24.927,28.504,17,30,25.088,25.732
2025-08-14 10:04:33.845374,9760.0,25.442,28.697,17,30,25.088,25.732
2025-08-14 10:04:43.853687,9770.01,25.861,29.052,17,30,25.088,25.732
2025-08-14 10:04:53.850493,9780.01,26.248,29.052,17,30,25.088,25.732
2025-08-14 10:05:03.846955,9790.0,26.828,29.438,17,30,25.088,25.732
2025-08-14 10:05:13.843590,9800.0,27.118,29.825,17,30,25.152,25.732
2025-08-14 10:05:23.853051,9810.0,27.473,29.986,17,30,25.249,25.732
2025-08-14 10:05:33.849671,9820.01,27.892,30.438,17,30,25.378,25.732
2025-08-14 10:05:43.846354,9830.01,28.311,30.663,17,30,25.41,25.829
2025-08-14 10:05:53.842789,9840.01,28.504,30.631,17,30,25.41,25.861
2025-08-14 10:06:03.852096,9850.01,28.762,30.921,17,30,25.41,26.055
2025-08-14 10:06:13.847959,9860.01,29.181,31.34,17,30,25.41,26.055
2025-08-14 10:06:23.856748,9870.01,29.406,31.275,17,30,25.41,26.055
2025-08-14 10:06:33.840141,9880.01,29.857,31.662,17,30,25.442,26.055
2025-08-14 10:06:43.849695,9890.01,29.922,31.533,17,30,25.668,26.055
2025-08-14 10:06:53.858461,9900.01,30.051,31.63,17,30,25.732,26.055
2025-08-14 10:07:03.867703,9910.01,30.47,32.403,17,30,25.732,26.087
2025-08-14 10:07:13.851097,9920.0,30.76,32.726,17,30,25.732,26.151
2025-08-14 10:07:23.847613,9930.0,30.953,32.629,17,30,25.732,26.216
2025-08-14 10:07:33.857005,9940.01,31.018,32.983,17,30,25.732,26.313
2025-08-14 10:07:43.853065,9950.01,31.308,33.209,17,30,25.732,26.345
2025-08-14 10:07:53.849084,9960.01,31.437,33.499,17,30,25.732,26.377
2025-08-14 10:08:03.845476,9970.01,31.372,33.273,17,30,25.732,26.377
2025-08-14 10:08:13.841755,9980.0,31.759,33.531,17,30,25.765,26.377
2025-08-14 10:08:23.838025,9990.0,31.662,33.241,17,30,25.765,26.377
2025-08-14 10:08:33.846459,10000.0,31.823,33.66,17,30,25.765,26.377
2025-08-14 10:08:43.843011,10010.0,31.888,33.854,17,30,26.055,26.377
2025-08-14 10:08:53.852062,10020.01,31.92,33.725,17,30,26.055,26.377
2025-08-14 10:09:03.924725,10030.01,32.5,34.015,17,76,26.055,26.377
2025-08-14 10:09:13.844367,10040.0,32.532,34.498,17,76,26.055,26.474
2025-08-14 10:09:23.841184,10050.0,32.758,35.078,17,76,26.055,26.441
2025-08-14 10:09:33.837327,10060.0,32.79,35.433,17,76,26.055,26.538
2025-08-14 10:09:43.914828,10070.0,33.145,35.658,43,76,26.055,26.635
2025-08-14 10:09:53.855879,10080.01,33.209,36.722,43,76,26.055,26.699
2025-08-14 10:10:03.851576,10090.01,33.273,37.108,43,76,26.055,26.699
2025-08-14 10:10:13.920898,10100.01,33.918,37.688,43,58,26.087,26.699
2025-08-14 10:10:23.844841,10110.0,34.434,37.914,43,58,26.087,26.699
2025-08-14 10:10:33.853892,10120.01,34.981,38.301,43,58,26.184,26.699
2025-08-14 10:10:43.850232,10130.0,35.658,38.978,43,58,26.28,26.699
2025-08-14 10:10:53.846683,10140.0,36.303,39.074,43,58,26.313,26.699
2025-08-14 10:11:03.855841,10150.01,36.883,39.687,43,58,26.313,26.699
2025-08-14 10:11:13.852142,10160.0,36.947,39.783,43,58,26.28,26.699
2025-08-14 10:11:23.849141,10170.01,37.495,39.815,43,58,26.216,26.699
2025-08-14 10:11:33.858022,10180.01,37.721,39.719,43,58,26.151,26.699
2025-08-14 10:11:43.846681,10190.0,37.914,40.234,43,58,26.119,26.699
2025-08-14 10:11:53.850645,10200.0,38.269,40.621,43,58,26.119,26.699
2025-08-14 10:12:03.847246,10210.0,38.269,40.653,43,58,26.055,26.699
2025-08-14 10:12:13.843631,10220.0,38.397,40.105,43,58,26.055,26.699
2025-08-14 10:12:23.905303,10230.01,38.591,40.492,43,0,26.055,26.699
2025-08-14 10:12:33.849529,10240.01,39.01,40.653,43,0,26.055,26.699
2025-08-14 10:12:43.858534,10250.0,39.3,40.396,43,0,26.055,26.699
2025-08-14 10:12:53.854621,10260.01,39.461,40.17,43,0,26.055,26.699
2025-08-14 10:13:03.865284,10270.01,39.332,39.396,43,0,25.99,26.699
2025-08-14 10:13:13.848190,10280.01,39.171,38.849,43,0,26.055,26.635
2025-08-14 10:13:23.844918,10290.01,39.203,38.204,43,0,25.861,26.474
2025-08-14 10:13:33.854290,10300.0,39.235,37.882,43,0,25.861,26.506
2025-08-14 10:13:43.850268,10310.01,39.139,37.205,43,0,25.829,26.409
2025-08-14 10:13:53.846575,10320.0,39.139,36.979,43,0,25.732,26.377
2025-08-14 10:14:03.843793,10330.01,39.042,36.109,43,0,25.732,26.377
2025-08-14 10:14:13.852025,10340.01,39.074,36.013,43,0,25.732,26.377
2025-08-14 10:14:23.860531,10350.01,38.752,35.207,43,0,25.732,26.377
2025-08-14 10:14:33.844696,10360.01,38.655,34.949,43,0,25.732,26.377
2025-08-14 10:14:43.853171,10370.01,38.591,34.627,43,0,25.732,26.377
2025-08-14 10:14:53.849079,10380.01,38.816,34.337,43,0,25.7,26.377
2025-08-14 10:15:03.858349,10390.01,38.559,34.111,43,0,25.604,26.345
2025-08-14 10:15:13.841713,10400.0,38.14,33.596,43,0,25.604,26.248
2025-08-14 10:15:23.850956,10410.01,38.236,33.467,43,0,25.507,26.345
2025-08-14 10:15:33.860133,10420.01,38.172,33.467,43,0,25.539,26.313
2025-08-14 10:15:43.844452,10430.0,38.301,33.209,43,0,25.41,26.151
2025-08-14 10:15:53.853170,10440.01,38.172,33.145,43,0,25.475,26.216
2025-08-14 10:16:03.836688,10450.0,37.979,32.758,43,0,25.41,26.087
2025-08-14 10:16:13.858726,10460.01,37.979,32.629,43,0,25.41,26.055
2025-08-14 10:16:23.842534,10470.0,37.882,32.307,43,0,25.41,26.055
2025-08-14 10:16:33.927911,10480.01,37.656,32.146,0,0,25.41,26.151
2025-08-14 10:16:43.847586,10490.0,37.624,31.855,0,0,25.41,26.055
2025-08-14 10:16:53.843776,10500.0,37.076,31.855,0,0,25.41,26.055
2025-08-14 10:17:03.852785,10510.01,36.367,31.855,0,0,25.41,26.055
2025-08-14 10:17:13.848711,10520.01,35.658,31.533,0,0,25.41,26.055
2025-08-14 10:17:23.858046,10530.01,34.917,31.243,0,0,25.41,26.055
2025-08-14 10:17:33.841914,10540.01,33.886,31.146,0,0,25.41,26.055
2025-08-14 10:17:43.851890,10550.0,33.145,30.889,0,0,25.41,26.055
2025-08-14 10:17:53.859247,10560.01,32.21,30.566,0,0,25.41,26.055
2025-08-14 10:18:03.855547,10570.01,31.533,30.244,0,0,25.41,26.055
2025-08-14 10:18:13.852047,10580.01,30.889,29.89,0,0,25.346,26.055
2025-08-14 10:18:23.860738,10590.01,30.147,29.503,0,0,25.249,26.055
2025-08-14 10:18:33.858738,10600.01,29.6,29.277,0,0,25.185,25.958
2025-08-14 10:18:43.856003,10610.0,28.955,28.794,0,0,25.281,25.861
2025-08-14 10:18:53.907051,10620.01,28.311,28.536,0,0,25.281,26.022
2025-08-14 10:19:03.863955,10630.01,27.988,28.214,0,0,25.185,25.829
2025-08-14 10:19:13.846509,10640.0,27.666,27.988,0,0,25.281,25.958
2025-08-14 10:19:23.856242,10650.01,27.344,27.666,0,0,25.12,25.765
2025-08-14 10:19:33.852359,10660.01,26.957,27.344,0,0,25.088,25.829
2025-08-14 10:19:43.848343,10670.0,26.667,27.054,0,0,25.088,25.765
2025-08-14 10:19:53.858103,10680.01,26.377,27.021,0,0,25.088,25.829
2025-08-14 10:20:03.854436,10690.01,26.055,26.699,0,0,25.088,25.797
2025-08-14 10:20:13.850943,10700.0,25.732,26.377,0,0,25.088,25.797
2025-08-14 10:20:23.847203,10710.01,25.732,26.377,0,0,25.088,25.765
2025-08-14 10:20:33.856159,10720.01,25.41,26.055,0,0,25.088,25.732
2025-08-14 10:20:43.853141,10730.01,25.217,26.055,0,0,25.088,25.732
2025-08-14 10:20:53.850073,10740.01,25.088,25.732,0,0,25.152,25.732
2025-08-14 10:21:03.858783,10750.01,24.895,25.7,0,0,25.088,25.732
2025-08-14 10:21:13.842316,10760.0,24.766,25.41,0,0,25.088,25.732
2025-08-14 10:21:23.852027,10770.01,24.701,25.41,0,0,25.088,25.732
2025-08-14 10:21:33.915272,10780.01,24.443,25.378,0,10,25.088,25.732
2025-08-14 10:21:43.857805,10790.01,24.508,25.088,0,10,25.088,25.732
2025-08-14 10:21:53.854865,10800.01,24.443,25.088,0,10,25.088,25.732
2025-08-14 10:22:03.851309,10810.0,24.443,25.12,0,10,25.088,25.732
2025-08-14 10:22:13.860801,10820.01,24.508,25.281,0,10,25.088,25.765
2025-08-14 10:22:23.857340,10830.01,24.443,25.41,0,10,25.12,25.732
2025-08-14 10:22:33.853778,10840.01,24.508,25.539,0,10,25.281,25.861
2025-08-14 10:22:43.849990,10850.01,24.443,25.571,0,10,25.378,25.894
2025-08-14 10:22:53.859748,10860.01,24.508,25.475,0,10,25.41,26.022
2025-08-14 10:23:03.855880,10870.01,24.443,25.732,0,10,25.41,26.055
2025-08-14 10:23:13.852036,10880.01,24.54,25.894,0,10,25.41,26.055
2025-08-14 10:23:23.847836,10890.0,24.476,25.732,0,10,25.41,26.055
2025-08-14 10:23:33.844273,10900.01,24.508,25.958,0,10,25.507,26.055
2025-08-14 10:23:43.840565,10910.0,24.701,26.055,0,10,25.539,26.055
2025-08-14 10:23:53.849759,10920.01,24.83,26.055,0,10,25.668,26.055
2025-08-14 10:24:03.846506,10930.0,24.83,26.055,0,10,25.732,26.087
2025-08-14 10:24:13.841786,10940.01,24.766,26.28,0,10,25.732,26.119
2025-08-14 10:24:23.850818,10950.01,24.766,26.538,0,10,25.732,26.248
2025-08-14 10:24:33.917802,10960.01,24.862,26.603,17,10,25.732,26.345
2025-08-14 10:24:43.846288,10970.01,24.895,26.57,17,10,25.732,26.377
2025-08-14 10:24:53.852722,10980.01,25.281,26.506,17,10,25.797,26.377
2025-08-14 10:25:03.849780,10990.01,25.442,26.603,17,10,25.829,26.377
2025-08-14 10:25:13.845547,11000.0,25.926,26.86,17,10,25.99,26.377
2025-08-14 10:25:23.854688,11010.01,26.216,26.957,17,10,25.894,26.377
2025-08-14 10:25:33.853277,11020.01,26.441,27.021,17,10,26.055,26.377
2025-08-14 10:25:43.833714,11030.0,26.828,27.247,17,10,26.055,26.506
2025-08-14 10:25:53.842643,11040.0,27.086,27.312,17,10,26.055,26.699
2025-08-14 10:26:03.864957,11050.01,27.537,27.344,17,10,26.055,26.699
2025-08-14 10:26:13.848584,11060.01,27.795,27.602,17,10,26.055,26.699
2025-08-14 10:26:23.844925,11070.0,28.182,27.602,17,10,26.119,26.699
2025-08-14 10:26:33.853925,11080.01,28.343,27.859,17,10,26.055,26.699
2025-08-14 10:26:43.850120,11090.01,28.729,27.956,17,10,26.151,26.699
2025-08-14 10:26:53.859284,11100.01,28.826,28.117,17,10,26.151,26.699
2025-08-14 10:27:03.842819,11110.01,29.052,28.182,17,10,26.345,26.699
2025-08-14 10:27:13.840866,11120.0,29.277,28.214,17,10,26.377,26.699
2025-08-14 10:27:23.861924,11130.01,29.342,28.182,17,10,26.377,26.699
2025-08-14 10:27:33.846176,11140.01,29.729,28.375,17,10,26.377,26.731
2025-08-14 10:27:43.854929,11150.01,29.729,28.633,17,10,26.377,26.796
2025-08-14 10:27:53.851560,11160.01,30.083,28.826,17,10,26.377,26.925
2025-08-14 10:28:03.847634,11170.0,30.115,28.858,17,10,26.377,26.957
2025-08-14 10:28:13.856673,11180.01,30.18,28.665,17,10,26.377,26.989
2025-08-14 10:28:23.853851,11190.01,30.341,28.697,17,10,26.377,27.021
2025-08-14 10:28:33.910148,11200.01,30.373,28.955,17,0,26.377,27.021
2025-08-14 10:28:43.858673,11210.01,30.373,28.987,17,0,26.377,27.021
2025-08-14 10:28:53.843062,11220.0,30.599,29.084,17,0,26.441,27.021
2025-08-14 10:29:03.851799,11230.0,30.631,29.084,17,0,26.603,27.021
2025-08-14 10:29:13.847577,11240.01,30.663,29.084,17,0,26.603,27.021
2025-08-14 10:29:23.844437,11250.01,30.631,28.955,17,0,26.377,27.021
2025-08-14 10:29:33.853836,11260.0,30.695,28.987,17,0,26.409,27.021
2025-08-14 10:29:43.863045,11270.01,30.631,28.697,17,0,26.377,27.021
2025-08-14 10:29:53.846946,11280.01,30.599,28.697,17,0,26.377,27.021
2025-08-14 10:30:03.856278,11290.01,30.534,28.697,17,0,26.377,27.021
2025-08-14 10:30:13.853163,11300.0,30.566,28.536,17,0,26.345,26.925
2025-08-14 10:30:23.849068,11310.0,30.341,28.375,17,0,26.313,26.828
2025-08-14 10:30:33.858874,11320.01,30.309,28.375,17,0,26.119,26.699
2025-08-14 10:30:43.842574,11330.01,30.309,28.149,17,0,26.055,26.764
2025-08-14 10:30:53.851531,11340.01,30.373,28.214,17,0,26.119,26.731
2025-08-14 10:31:03.848239,11350.0,30.373,28.117,17,0,26.151,26.699
2025-08-14 10:31:13.844402,11360.01,30.276,28.085,17,0,26.087,26.731
2025-08-14 10:31:23.853798,11370.01,30.663,28.149,17,0,26.055,26.699
2025-08-14 10:31:33.850052,11380.01,30.631,28.311,17,0,26.055,26.699
2025-08-14 10:31:43.846823,11390.01,30.728,28.053,17,0,26.055,26.699
2025-08-14 10:31:53.856134,11400.01,30.695,27.988,17,0,26.055,26.699
2025-08-14 10:32:03.853130,11410.01,30.663,27.827,17,0,26.055,26.699
2025-08-14 10:32:13.848222,11420.01,30.824,27.795,17,0,26.055,26.699
2025-08-14 10:32:23.845422,11430.0,30.792,27.73,17,0,26.055,26.699
2025-08-14 10:32:33.917198,11440.01,30.728,27.666,0,0,26.055,26.699
2025-08-14 10:32:43.838576,11450.0,30.856,27.666,0,0,26.055,26.699
2025-08-14 10:32:53.834161,11460.0,30.566,27.666,0,0,26.055,26.699
2025-08-14 10:33:03.843123,11470.01,30.502,27.666,0,0,26.055,26.699
2025-08-14 10:33:13.840323,11480.0,29.986,27.569,0,0,26.055,26.699
2025-08-14 10:33:23.836588,11490.0,29.6,27.344,0,0,26.055,26.699
2025-08-14 10:33:33.844898,11500.01,29.277,27.344,0,0,26.055,26.699
2025-08-14 10:33:43.854251,11510.01,28.955,27.344,0,0,26.055,26.699
2025-08-14 10:33:53.863436,11520.01,28.633,27.215,0,0,26.022,26.699
2025-08-14 10:34:03.847134,11530.0,28.311,27.021,0,0,26.055,26.699
2025-08-14 10:34:13.856025,11540.01,27.988,27.021,0,0,26.055,26.699
2025-08-14 10:34:23.852178,11550.0,27.666,27.021,0,0,26.055,26.699
2025-08-14 10:34:33.849015,11560.01,27.376,26.957,0,0,26.055,26.635
2025-08-14 10:34:43.845289,11570.01,27.344,26.731,0,0,26.022,26.667
2025-08-14 10:34:53.855028,11580.01,27.021,26.699,0,0,26.055,26.667
2025-08-14 10:35:03.850747,11590.01,26.957,26.699,0,0,25.926,26.667
2025-08-14 10:35:13.860292,11600.01,26.699,26.667,0,0,25.861,26.699
2025-08-14 10:35:23.856921,11610.01,26.57,26.474,0,0,25.861,26.441
2025-08-14 10:35:33.853390,11620.01,26.377,26.377,0,0,25.829,26.603
2025-08-14 10:35:43.848920,11630.01,26.377,26.377,0,0,25.732,26.409
2025-08-14 10:35:53.845841,11640.0,26.313,26.377,0,0,25.732,26.409
2025-08-14 10:36:03.842030,11650.01,26.087,26.345,0,0,25.732,26.506
2025-08-14 10:36:13.837971,11660.0,26.055,26.087,0,0,25.732,26.377
2025-08-14 10:36:23.847152,11670.0,26.055,26.055,0,0,25.732,26.377
2025-08-14 10:36:33.842710,11680.0,25.765,25.926,0,0,25.732,26.377
2025-08-14 10:36:43.839025,11690.0,25.732,25.732,0,0,25.732,26.377
2025-08-14 10:36:53.847734,11700.01,25.539,25.668,0,0,25.732,26.377
2025-08-14 10:37:03.844256,11710.01,25.41,25.41,0,0,25.732,26.377
2025-08-14 10:37:13.852928,11720.0,25.41,25.41,0,0,25.732,26.377
2025-08-14 10:37:23.836390,11730.0,25.152,25.249,0,0,25.732,26.377
2025-08-14 10:37:33.858693,11740.01,25.088,25.088,0,0,25.732,26.377
2025-08-14 10:37:43.854828,11750.0,25.088,25.088,0,0,25.765,26.377
2025-08-14 10:37:53.780386,11759.93,24.798,24.927,0,0,25.732,26.377
2025-08-14 10:38:03.853804,11770.01,24.766,24.766,0,0,25.797,26.377
2025-08-14 10:38:13.849581,11780.0,24.766,24.766,0,0,25.732,26.377
2025-08-14 10:38:23.845667,11790.0,24.701,24.733,0,0,25.732,26.377
2025-08-14 10:38:33.909287,11800.01,24.508,24.669,0,0,25.797,26.377
2025-08-14 10:38:43.863565,11810.01,24.443,24.476,0,0,25.732,26.377
2025-08-14 10:38:53.847199,11820.01,24.443,24.443,0,0,25.732,26.377
2025-08-14 10:39:03.842333,11830.0,24.443,24.443,0,0,25.732,26.345
2025-08-14 10:39:13.905383,11840.01,24.443,24.443,0,0,25.732,26.345
2025-08-14 10:39:23.862438,11850.01,24.347,24.443,0,0,25.732,26.313
2025-08-14 10:39:33.857100,11860.01,24.153,24.282,0,0,25.732,26.377
2025-08-14 10:39:43.840598,11870.01,24.121,24.153,0,0,25.732,26.216
2025-08-14 10:39:53.836796,11880.01,24.121,24.186,0,0,25.732,26.313
2025-08-14 10:40:03.858488,11890.0,24.121,24.153,0,0,25.732,26.216
2025-08-14 10:40:13.855140,11900.01,24.121,24.121,0,0,25.732,26.28
2025-08-14 10:40:23.864274,11910.01,24.121,24.121,0,0,25.732,26.28
2025-08-14 10:40:33.847453,11920.0,24.121,24.121,0,0,25.732,26.216
2025-08-14 10:40:43.856936,11930.01,24.121,24.121,0,0,25.732,26.216
2025-08-14 10:40:53.905644,11940.01,24.121,24.121,0,0,25.732,26.313
2025-08-14 10:41:03.839251,11950.0,24.121,24.121,0,0,25.732,26.345
2025-08-14 10:41:13.844740,11960.01,24.121,24.153,0,0,25.765,26.377
2025-08-14 10:41:23.841243,11970.01,24.121,24.153,0,0,25.797,26.377
2025-08-14 10:41:33.863485,11980.01,24.121,24.186,0,0,25.926,26.345
2025-08-14 10:41:43.859550,11990.01,24.153,24.218,0,0,25.958,26.377
2025-08-14 10:41:53.855146,12000.01,24.218,24.379,0,0,26.022,26.377
2025-08-14 10:42:03.851157,12010.0,24.347,24.443,0,0,26.055,26.377
2025-08-14 10:42:13.859444,12020.01,24.443,24.443,0,0,26.055,26.377
2025-08-14 10:42:23.855350,12030.01,24.443,24.443,0,0,26.055,26.377
2025-08-14 10:42:33.851568,12040.0,24.443,24.443,0,0,26.055,26.377
2025-08-14 10:42:43.860457,12050.01,24.443,24.443,0,0,26.055,26.377
2025-08-14 10:42:53.857188,12060.01,24.443,24.443,0,0,26.055,26.377
2025-08-14 10:43:03.852473,12070.01,24.443,24.443,0,0,26.055,26.377
2025-08-14 10:43:13.848658,12080.0,24.443,24.508,0,0,26.055,26.377
2025-08-14 10:43:23.844665,12090.0,24.476,24.508,0,0,26.055,26.377
2025-08-14 10:43:33.854165,12100.01,24.443,24.733,0,0,26.055,26.409
2025-08-14 10:43:43.850349,12110.01,24.701,24.701,0,0,26.055,26.506
2025-08-14 10:43:53.846592,12120.01,24.766,24.766,0,0,26.055,26.409
2025-08-14 10:44:03.842896,12130.01,24.733,24.766,0,0,26.151,26.474
2025-08-14 10:44:13.921944,12140.01,24.959,25.442,0,94,26.087,26.538
2025-08-14 10:44:23.848486,12150.0,25.088,25.765,0,94,26.119,26.699
2025-08-14 10:44:33.912033,12160.01,25.088,26.216,0,94,26.28,26.538
2025-08-14 10:44:43.854378,12170.01,24.959,27.054,0,94,26.151,26.667
2025-08-14 10:44:53.863312,12180.01,25.41,27.602,0,94,26.28,26.699
2025-08-14 10:45:03.859593,12190.01,25.41,29.084,0,94,26.313,26.699
2025-08-14 10:45:13.855252,12200.01,25.732,29.89,0,94,26.119,26.667
2025-08-14 10:45:23.851269,12210.01,25.668,30.856,0,94,26.377,26.667
2025-08-14 10:45:33.847172,12220.0,26.055,31.211,0,94,26.248,26.667
2025-08-14 10:45:43.856456,12230.01,26.184,32.049,0,94,26.313,26.699
2025-08-14 10:45:53.852835,12240.01,26.474,33.145,0,94,26.313,26.635
2025-08-14 10:46:03.835545,12250.0,26.828,34.756,0,94,26.313,26.635
2025-08-14 10:46:13.845308,12260.01,27.021,35.078,0,94,26.345,26.667
2025-08-14 10:46:23.853918,12270.01,27.086,36.045,0,94,26.377,26.699
2025-08-14 10:46:33.850896,12280.01,27.44,36.367,0,94,26.377,26.667
2025-08-14 10:46:43.859595,12290.01,27.408,37.012,0,94,26.28,26.667
2025-08-14 10:46:53.855329,12300.01,27.666,37.785,0,94,26.377,26.667
2025-08-14 10:47:03.851009,12310.01,27.988,38.623,0,94,26.377,26.699
2025-08-14 10:47:13.847289,12320.01,28.053,38.945,0,94,26.377,26.699
2025-08-14 10:47:23.842711,12330.01,28.472,39.429,0,94,26.377,26.699
2025-08-14 10:47:33.852340,12340.0,28.891,39.912,0,94,26.377,26.699
2025-08-14 10:47:43.848463,12350.0,28.891,40.331,0,94,26.377,26.699
2025-08-14 10:47:53.857285,12360.01,29.052,40.46,0,94,26.377,26.699
2025-08-14 10:48:03.853563,12370.01,29.084,40.557,0,94,26.377,26.699
2025-08-14 10:48:13.836632,12380.0,28.955,40.718,0,94,26.377,26.667
2025-08-14 10:48:23.845812,12390.01,29.245,41.137,0,94,26.345,26.699
2025-08-14 10:48:33.841355,12400.01,29.31,41.072,0,94,26.377,26.699
2025-08-14 10:48:43.863613,12410.01,29.052,41.04,0,94,26.184,26.635
2025-08-14 10:48:53.859087,12420.01,29.052,40.621,0,94,26.151,26.635
2025-08-14 10:49:03.920066,12430.01,29.02,41.169,0,33,26.087,26.635
2025-08-14 10:49:13.851769,12440.01,28.955,40.911,0,33,26.087,26.603
2025-08-14 10:49:23.860990,12450.01,28.955,40.557,0,33,26.087,26.667
2025-08-14 10:49:33.857100,12460.01,28.955,40.234,0,33,26.055,26.635
2025-08-14 10:49:43.853404,12470.01,29.084,39.783,0,33,26.055,26.699
2025-08-14 10:49:53.849337,12480.0,29.052,38.945,0,33,26.055,26.441
2025-08-14 10:50:03.845648,12490.0,28.729,38.333,0,33,26.055,26.538
2025-08-14 10:50:13.855240,12500.01,28.633,37.334,0,33,26.055,26.474
2025-08-14 10:50:23.914397,12510.01,28.472,37.012,0,33,26.055,26.409
2025-08-14 10:50:33.847855,12520.01,28.311,36.399,0,33,26.055,26.409
2025-08-14 10:50:43.857194,12530.0,28.278,35.755,0,33,26.055,26.377
2025-08-14 10:50:53.853257,12540.01,28.117,35.562,0,33,26.055,26.377
2025-08-14 10:51:03.849045,12550.01,28.085,35.078,0,33,26.055,26.377
2025-08-14 10:51:13.847482,12560.0,28.053,34.788,0,33,26.022,26.377
2025-08-14 10:51:23.853816,12570.01,27.795,34.24,0,33,26.022,26.377
2025-08-14 10:51:33.851458,12580.01,27.634,33.757,0,33,26.022,26.377
2025-08-14 10:51:43.846604,12590.0,27.505,33.467,0,33,26.022,26.377
2025-08-14 10:51:53.842299,12600.01,27.408,33.145,0,33,25.861,26.377
2025-08-14 10:52:03.863593,12610.01,27.344,32.5,0,33,25.894,26.377
2025-08-14 10:52:13.861316,12620.01,27.15,32.661,0,33,25.765,26.345
2025-08-14 10:52:23.856497,12630.01,27.15,32.822,0,33,25.732,26.345
2025-08-14 10:52:33.851954,12640.0,27.086,32.403,0,33,25.732,26.377
2025-08-14 10:52:43.848024,12650.01,26.957,32.178,0,33,25.732,26.345
2025-08-14 10:52:53.857191,12660.01,26.828,32.081,0,33,25.732,26.248
2025-08-14 10:53:03.853222,12670.01,26.828,31.855,0,33,25.732,26.216
2025-08-14 10:53:13.848861,12680.01,26.699,31.759,0,33,25.732,26.184
2025-08-14 10:53:23.844794,12690.0,26.796,31.501,0,33,25.732,26.184
2025-08-14 10:53:33.855539,12700.01,26.57,31.469,0,33,25.732,26.119
2025-08-14 10:53:43.837905,12710.0,26.538,31.211,0,33,25.732,26.055
2025-08-14 10:53:53.859733,12720.01,26.506,30.889,0,33,25.732,26.087
2025-08-14 10:54:03.855244,12730.01,26.377,31.211,0,33,25.732,26.055
2025-08-14 10:54:13.850938,12740.01,26.474,30.76,0,33,25.732,26.055
2025-08-14 10:54:23.859991,12750.01,26.409,30.889,0,33,25.732,26.055
2025-08-14 10:54:33.843071,12760.0,26.248,30.824,0,33,25.732,26.055
2025-08-14 10:54:43.852981,12770.0,26.119,30.566,0,33,25.732,26.055
2025-08-14 10:54:53.847915,12780.0,26.055,30.47,0,33,25.732,26.055
2025-08-14 10:55:03.857689,12790.01,26.184,30.212,0,33,25.636,26.055
2025-08-14 10:55:13.840475,12800.0,26.119,29.986,0,33,25.668,26.055
2025-08-14 10:55:23.849153,12810.01,26.119,30.244,0,33,25.732,26.055
2025-08-14 10:55:33.845434,12820.01,25.894,30.147,0,33,25.7,26.055
2025-08-14 10:55:43.853745,12830.01,25.861,30.115,0,33,25.668,26.055
2025-08-14 10:55:53.836989,12840.0,25.861,30.019,0,33,25.571,26.055
2025-08-14 10:56:03.853300,12850.02,25.797,30.438,0,33,25.636,26.055
2025-08-14 10:56:13.850561,12860.02,25.861,30.341,0,33,25.475,26.055
2025-08-14 10:56:23.841000,12870.01,25.861,30.309,0,33,25.442,26.055
2025-08-14 10:56:33.841563,12880.01,25.797,29.922,0,33,25.442,26.055
2025-08-14 10:56:43.852386,12890.01,25.861,29.986,0,33,25.41,26.055
2025-08-14 10:56:53.849220,12900.01,25.829,29.761,0,33,25.507,26.055
2025-08-14 10:57:03.846241,12910.0,25.668,29.954,0,33,25.442,25.99
2025-08-14 10:57:13.855728,12920.01,25.765,29.6,0,33,25.442,26.055
2025-08-14 10:57:23.851566,12930.0,25.604,29.922,0,33,25.442,26.055
2025-08-14 10:57:33.848226,12940.01,25.668,29.6,0,33,25.475,26.022
2025-08-14 10:57:43.857267,12950.02,25.604,29.761,0,33,25.442,26.055
2025-08-14 10:57:53.853349,12960.01,25.475,29.922,0,33,25.41,26.022
2025-08-14 10:58:03.850140,12970.01,25.636,29.6,0,33,25.41,25.829
2025-08-14 10:58:13.846115,12980.01,25.507,29.89,0,33,25.41,25.829
2025-08-14 10:58:23.855472,12990.01,25.41,29.793,0,33,25.41,25.829
2025-08-14 10:58:33.921058,13000.01,25.41,29.793,0,83,25.41,25.765
2025-08-14 10:58:43.848310,13010.0,25.668,30.083,0,83,25.41,25.732
2025-08-14 10:58:53.922045,13020.01,25.7,30.47,14,83,25.41,25.732
2025-08-14 10:59:03.854531,13030.01,25.507,30.663,14,83,25.41,25.732
2025-08-14 10:59:13.850531,13040.01,25.926,31.275,14,83,25.41,25.732
2025-08-14 10:59:23.847415,13050.01,26.409,31.598,14,83,25.41,25.732
2025-08-14 10:59:33.856787,13060.01,26.667,32.629,14,83,25.41,25.732
2025-08-14 10:59:43.853611,13070.01,27.054,32.919,14,83,25.41,25.732
2025-08-14 10:59:53.850551,13080.01,27.086,33.692,14,83,25.41,25.732
2025-08-14 11:00:03.859745,13090.01,27.602,34.176,14,83,25.41,25.732
2025-08-14 11:00:13.856261,13100.01,27.892,34.111,14,83,25.41,25.732
2025-08-14 11:00:23.852412,13110.01,28.311,35.336,14,83,25.41,25.732
2025-08-14 11:00:33.848794,13120.01,28.504,35.433,14,83,25.41,25.732
2025-08-14 11:00:43.858502,13130.01,28.987,35.852,14,83,25.41,25.732
2025-08-14 11:00:53.854616,13140.01,29.342,36.496,14,83,25.378,25.732
2025-08-14 11:01:03.851010,13150.0,30.051,36.915,14,83,25.41,25.732
2025-08-14 11:01:13.847701,13160.0,29.986,37.721,14,83,25.41,25.732
2025-08-14 11:01:23.857403,13170.01,30.47,37.656,14,83,25.41,25.732
2025-08-14 11:01:33.840655,13180.0,31.018,38.655,14,83,25.41,25.732
2025-08-14 11:01:43.849902,13190.01,31.243,39.106,14,83,25.41,25.732
2025-08-14 11:01:53.846414,13200.01,31.598,39.525,14,83,25.41,25.732
2025-08-14 11:02:03.843314,13210.01,32.113,40.105,14,83,25.41,25.732
2025-08-14 11:02:13.851892,13220.0,32.5,39.977,14,83,25.475,25.797
2025-08-14 11:02:23.848294,13230.0,32.693,40.75,14,83,25.507,25.861
2025-08-14 11:02:33.844433,13240.01,32.983,41.104,14,83,25.604,25.797
2025-08-14 11:02:43.922123,13250.01,32.951,40.621,14,10,25.604,25.958
2025-08-14 11:02:53.850051,13260.01,33.209,41.137,14,10,25.668,26.022
2025-08-14 11:03:03.846514,13270.0,33.66,40.814,14,10,25.732,26.022
2025-08-14 11:03:13.842452,13280.01,33.725,40.492,14,10,25.732,26.055
2025-08-14 11:03:23.851737,13290.01,33.918,40.041,14,10,25.732,26.055
2025-08-14 11:03:33.835276,13300.0,34.047,39.429,14,10,25.732,26.055
2025-08-14 11:03:43.857368,13310.01,33.918,38.591,14,10,25.732,26.055
2025-08-14 11:03:53.854681,13320.01,34.079,38.043,14,10,25.732,26.055
2025-08-14 11:04:03.850554,13330.01,34.111,37.398,14,10,25.732,26.055
2025-08-14 11:04:13.860117,13340.01,34.111,36.947,14,10,25.732,26.055
2025-08-14 11:04:23.856388,13350.01,33.854,36.109,14,10,25.732,26.055
2025-08-14 11:04:33.852393,13360.0,33.918,35.465,14,10,25.732,26.055
2025-08-14 11:04:43.911694,13370.01,33.821,35.175,28,10,25.732,26.151
2025-08-14 11:04:53.857999,13380.01,33.886,34.788,28,10,25.861,26.087
2025-08-14 11:05:03.854469,13390.01,34.047,34.144,28,10,25.894,26.248
2025-08-14 11:05:13.850901,13400.01,34.047,33.886,28,10,25.958,26.28
2025-08-14 11:05:23.860308,13410.01,34.401,33.563,28,10,25.99,26.313
2025-08-14 11:05:33.856059,13420.01,34.659,33.177,28,10,26.022,26.345
2025-08-14 11:05:43.852494,13430.0,34.756,32.79,28,10,26.055,26.345
2025-08-14 11:05:53.848363,13440.0,34.949,32.693,28,10,26.022,26.377
2025-08-14 11:06:03.857685,13450.0,34.917,32.532,28,10,26.055,26.377
2025-08-14 11:06:13.853720,13460.01,35.271,32.146,28,10,26.055,26.377
2025-08-14 11:06:23.849777,13470.01,35.529,31.984,28,10,26.055,26.377
2025-08-14 11:06:33.845939,13480.0,35.594,31.791,28,10,26.055,26.377
2025-08-14 11:06:44.014015,13490.01,36.174,32.146,73,10,26.055,26.377
2025-08-14 11:06:53.838062,13500.0,36.142,31.92,73,10,26.055,26.377
2025-08-14 11:07:03.847053,13510.01,36.657,31.63,73,10,26.055,26.377
2025-08-14 11:07:13.856166,13520.01,37.302,31.694,73,10,26.055,26.377
2025-08-14 11:07:23.852074,13530.0,38.397,31.694,73,10,26.055,26.377
2025-08-14 11:07:33.848585,13540.01,39.074,31.63,73,10,26.055,26.377
2025-08-14 11:07:43.844421,13550.01,39.687,31.759,73,10,26.055,26.377
2025-08-14 11:07:53.853617,13560.01,40.75,31.727,73,10,26.055,26.377
2025-08-14 11:08:03.850157,13570.0,41.717,32.21,73,10,26.055,26.377
2025-08-14 11:08:13.845964,13580.01,42.555,32.146,73,10,26.055,26.377
2025-08-14 11:08:23.854899,13590.01,43.167,32.081,73,10,26.055,26.377
2025-08-14 11:08:33.851160,13600.01,43.554,32.274,73,10,26.055,26.377
2025-08-14 11:08:43.860786,13610.01,44.166,32.049,73,10,26.055,26.377
2025-08-14 11:08:53.845208,13620.0,44.682,32.339,73,10,26.022,26.377
2025-08-14 11:09:03.852666,13630.01,45.197,32.629,73,10,26.022,26.377
2025-08-14 11:09:13.848803,13640.01,45.842,32.822,73,10,25.894,26.345
2025-08-14 11:09:23.858590,13650.0,46.164,32.919,73,10,25.894,26.377
2025-08-14 11:09:33.853919,13660.01,46.325,32.758,73,10,25.797,26.313
2025-08-14 11:09:43.863716,13670.01,46.712,33.241,73,10,25.765,26.28
2025-08-14 11:09:53.846282,13680.01,47.131,33.177,73,10,25.765,26.151
2025-08-14 11:10:03.842268,13690.0,47.099,33.273,73,10,25.732,26.151
2025-08-14 11:10:13.851512,13700.01,47.292,33.725,73,10,25.732,26.087
2025-08-14 11:10:23.861893,13710.01,48.098,33.918,73,10,25.732,26.055
2025-08-14 11:10:33.907094,13720.01,48.098,33.821,73,0,25.732,26.087
2025-08-14 11:10:43.852490,13730.0,48.098,33.789,73,0,25.7,26.055
2025-08-14 11:10:53.848758,13740.01,48.613,33.821,73,0,25.732,26.055
2025-08-14 11:11:03.857618,13750.01,48.774,33.467,73,0,25.732,26.055
2025-08-14 11:11:13.853078,13760.01,48.871,33.596,73,0,25.732,26.055
2025-08-14 11:11:23.849191,13770.01,48.807,33.241,73,0,25.732,26.055
2025-08-14 11:11:33.858690,13780.01,49.032,33.596,73,0,25.732,26.055
2025-08-14 11:11:43.854271,13790.01,49.29,33.531,73,0,25.732,26.055
2025-08-14 11:11:53.850189,13800.01,49.322,33.209,73,0,25.732,26.055
2025-08-14 11:12:03.846481,13810.01,49.354,33.08,73,0,25.7,26.055
2025-08-14 11:12:13.855191,13820.01,49.129,32.822,73,0,25.7,26.055
2025-08-14 11:12:23.864573,13830.01,49.0,32.887,73,0,25.732,26.055
2025-08-14 11:12:33.847783,13840.01,49.161,32.726,73,0,25.732,26.055
2025-08-14 11:12:43.856675,13850.0,49.129,32.629,73,0,25.732,26.055
2025-08-14 11:12:53.852830,13860.01,49.58,32.854,73,0,25.7,26.055
2025-08-14 11:13:03.848931,13870.0,49.677,32.564,73,0,25.668,26.055
2025-08-14 11:13:13.844676,13880.0,49.58,32.436,73,0,25.7,26.055
2025-08-14 11:13:23.853441,13890.01,49.999,32.726,73,0,25.604,26.055
2025-08-14 11:13:33.862786,13900.01,49.612,32.532,73,0,25.475,25.958
2025-08-14 11:13:43.859084,13910.01,49.354,32.178,73,0,25.41,25.797
2025-08-14 11:13:53.855432,13920.01,49.516,32.274,73,0,25.442,25.732
2025-08-14 11:14:03.852079,13930.01,49.677,32.339,73,0,25.442,25.829
2025-08-14 11:14:13.848119,13940.0,49.58,32.564,73,0,25.41,25.861
2025-08-14 11:14:23.901302,13950.0,49.258,32.178,0,0,25.41,25.829
2025-08-14 11:14:33.841288,13960.0,49.258,32.178,0,0,25.41,25.797
2025-08-14 11:14:43.837609,13970.0,48.291,32.178,0,0,25.41,25.732
2025-08-14 11:14:53.846937,13980.0,47.26,32.178,0,0,25.41,25.732
2025-08-14 11:15:03.855686,13990.01,46.035,31.855,0,0,25.41,25.732
2025-08-14 11:15:13.852366,14000.0,44.424,31.823,0,0,25.41,25.732
2025-08-14 11:15:23.848197,14010.0,43.135,31.533,0,0,25.41,25.732
2025-08-14 11:15:33.857722,14020.01,41.556,31.437,0,0,25.41,25.732
2025-08-14 11:15:43.848599,14030.01,40.234,31.179,0,0,25.41,25.732
2025-08-14 11:15:53.854528,14040.01,38.849,30.856,0,0,25.41,25.732
2025-08-14 11:16:03.855457,14050.01,37.334,30.276,0,0,25.41,25.732
2025-08-14 11:16:13.854866,14060.01,36.335,29.986,0,0,25.41,25.732
2025-08-14 11:16:23.852720,14070.01,35.078,29.6,0,0,25.41,25.732
2025-08-14 11:16:33.914608,14080.01,34.563,29.632,83,0,25.41,25.732
2025-08-14 11:16:43.846797,14090.0,33.886,29.374,83,0,25.41,25.732
2025-08-14 11:16:53.843578,14100.0,33.596,29.148,83,0,25.378,25.732
2025-08-14 11:17:03.839812,14110.0,34.208,28.665,83,0,25.378,25.732
2025-08-14 11:17:13.849652,14120.01,34.917,28.729,83,0,25.41,25.732
2025-08-14 11:17:23.846351,14130.0,35.852,28.665,83,0,25.41,25.732
2025-08-14 11:17:33.855264,14140.01,36.818,28.343,83,0,25.41,25.732
2025-08-14 11:17:43.851944,14150.0,37.979,28.601,83,0,25.41,25.732
2025-08-14 11:17:53.848529,14160.01,39.074,28.826,83,0,25.41,25.732
2025-08-14 11:18:03.857683,14170.01,40.041,28.762,83,0,25.378,25.732
2025-08-14 11:18:13.854280,14180.01,40.976,28.794,83,0,25.378,25.732
2025-08-14 11:18:23.851197,14190.01,42.071,28.987,83,0,25.378,25.732
2025-08-14 11:18:33.848390,14200.01,43.231,29.02,83,0,25.313,25.732
2025-08-14 11:18:43.857013,14210.01,43.844,29.471,83,0,25.313,25.732
2025-08-14 11:18:53.853612,14220.01,44.488,29.213,83,0,25.346,25.732
2025-08-14 11:19:03.849879,14230.0,45.197,29.825,83,0,25.346,25.7
2025-08-14 11:19:13.846635,14240.01,46.132,30.051,83,0,25.152,25.732
2025-08-14 11:19:23.842925,14250.01,46.712,30.18,83,0,25.088,25.7
2025-08-14 11:19:33.853068,14260.01,47.26,30.244,83,0,25.152,25.732
2025-08-14 11:19:43.849205,14270.01,47.646,30.631,83,0,25.185,25.636
2025-08-14 11:19:53.845525,14280.01,48.098,30.76,83,0,25.249,25.732
2025-08-14 11:20:03.842249,14290.01,48.42,30.792,83,0,25.313,25.732
2025-08-14 11:20:14.014550,14300.01,48.484,30.599,32,29,25.185,25.732
2025-08-14 11:20:23.848072,14310.0,48.549,30.663,32,29,25.12,25.7
2025-08-14 11:20:33.844258,14320.01,48.646,31.179,32,29,25.088,25.7
2025-08-14 11:20:43.841206,14330.01,48.355,31.533,32,29,25.217,25.732
2025-08-14 11:20:53.850262,14340.01,47.485,32.049,32,29,25.088,25.7
2025-08-14 11:21:03.846900,14350.01,46.647,32.146,32,29,25.088,25.668
2025-08-14 11:21:13.842998,14360.0,45.938,32.436,32,29,25.12,25.668
2025-08-14 11:21:23.852199,14370.01,45.068,32.242,32,29,25.088,25.732
2025-08-14 11:21:33.848924,14380.01,44.134,32.726,32,29,25.088,25.571
2025-08-14 11:21:43.844766,14390.01,43.393,32.693,32,29,25.088,25.668
2025-08-14 11:21:53.854340,14400.0,42.684,33.08,32,29,25.088,25.571
2025-08-14 11:22:03.837680,14410.0,42.426,33.177,32,29,25.152,25.539
2025-08-14 11:22:13.859579,14420.01,42.007,33.112,32,29,25.152,25.7
2025-08-14 11:22:23.856194,14430.01,41.781,33.112,32,29,25.249,25.668
2025-08-14 11:22:33.852344,14440.01,41.33,33.306,32,29,25.313,25.636
2025-08-14 11:22:43.861445,14450.01,41.072,33.596,32,29,25.281,25.7
2025-08-14 11:22:53.845012,14460.01,41.072,33.435,32,29,25.346,25.732
2025-08-14 11:23:03.854314,14470.01,41.137,33.918,32,29,25.281,25.732
2025-08-14 11:23:13.850660,14480.01,40.686,33.757,32,29,25.313,25.732
2025-08-14 11:23:23.846938,14490.0,40.653,34.015,32,29,25.378,25.732
2025-08-14 11:23:33.857244,14500.01,40.847,34.53,32,29,25.41,25.732
2025-08-14 11:23:43.852504,14510.01,40.782,34.305,32,29,25.41,25.732
2025-08-14 11:23:53.849683,14520.01,40.428,34.563,32,29,25.41,25.732
2025-08-14 11:24:03.845781,14530.01,40.428,34.305,32,29,25.41,25.732
2025-08-14 11:24:13.855246,14540.01,40.686,34.788,32,29,25.41,25.732
2025-08-14 11:24:23.838406,14550.0,40.686,34.788,32,29,25.41,25.765
2025-08-14 11:24:33.848224,14560.0,40.75,35.175,32,29,25.442,25.732
2025-08-14 11:24:43.858719,14570.01,40.814,35.175,32,29,25.442,25.765
2025-08-14 11:24:53.841264,14580.0,40.814,35.271,32,29,25.442,25.765
2025-08-14 11:25:03.850328,14590.0,40.814,35.271,32,29,25.475,25.894
2025-08-14 11:25:13.846641,14600.01,40.621,35.4,32,29,25.571,25.958
2025-08-14 11:25:23.842976,14610.01,40.879,35.175,32,29,25.668,25.99
2025-08-14 11:25:33.852978,14620.01,40.782,35.336,32,29,25.539,26.022
2025-08-14 11:25:43.850046,14630.01,40.814,35.465,32,29,25.7,26.055
2025-08-14 11:25:53.845754,14640.0,40.686,35.594,32,29,25.732,26.055
2025-08-14 11:26:03.841629,14650.0,41.008,35.723,32,29,25.732,26.055
2025-08-14 11:26:13.850675,14660.01,41.04,35.723,32,29,25.732,26.055
2025-08-14 11:26:23.859640,14670.01,41.266,35.529,32,29,25.732,26.055
2025-08-14 11:26:33.842735,14680.01,41.201,35.916,32,29,25.732,26.055
2025-08-14 11:26:43.851833,14690.0,41.008,35.69,32,29,25.732,26.055
2025-08-14 11:26:53.920592,14700.01,40.847,35.69,32,25,25.732,26.055
2025-08-14 11:27:03.857164,14710.01,40.879,35.658,32,25,25.732,26.055
2025-08-14 11:27:13.840606,14720.0,40.976,35.787,32,25,25.732,26.055
2025-08-14 11:27:23.851658,14730.01,40.911,35.69,32,25,25.732,26.119
2025-08-14 11:27:33.845433,14740.01,40.782,35.723,32,25,25.732,26.087
2025-08-14 11:27:43.854595,14750.01,40.75,35.787,32,25,25.732,26.087
2025-08-14 11:27:53.864098,14760.01,41.137,35.948,32,25,25.861,26.216
2025-08-14 11:28:03.847533,14770.01,40.976,36.142,32,25,25.861,26.216
2025-08-14 11:28:13.857035,14780.01,40.814,35.497,32,25,25.829,26.151
2025-08-14 11:28:23.853544,14790.01,40.492,35.239,32,25,25.926,26.216
2025-08-14 11:28:33.849684,14800.01,40.299,35.368,32,25,25.829,26.248
2025-08-14 11:28:43.859172,14810.01,40.138,35.4,32,25,25.829,26.184
2025-08-14 11:28:53.855162,14820.0,39.783,35.046,32,25,25.732,26.216
2025-08-14 11:29:03.851999,14830.01,39.461,34.981,32,25,25.732,26.087
2025-08-14 11:29:13.835360,14840.0,39.268,34.401,32,25,25.732,26.151
2025-08-14 11:29:23.844405,14850.01,38.849,34.627,32,25,25.732,26.216
2025-08-14 11:29:33.853590,14860.0,38.559,34.24,32,25,25.732,26.087
2025-08-14 11:29:43.837472,14870.0,38.172,33.563,32,25,25.732,26.087
2025-08-14 11:29:53.911973,14880.01,37.979,33.789,0,25,25.732,26.087
2025-08-14 11:30:03.855992,14890.01,37.914,33.821,0,25,25.732,26.055
2025-08-14 11:30:13.851887,14900.01,37.463,33.338,0,25,25.732,26.055
2025-08-14 11:30:23.848278,14910.01,37.044,33.467,0,25,25.732,26.055
2025-08-14 11:30:33.844231,14920.0,36.174,33.273,0,25,25.732,26.055
2025-08-14 11:30:43.853333,14930.0,35.465,32.822,0,25,25.732,26.055
2025-08-14 11:30:53.849689,14940.01,34.724,32.661,0,25,25.732,26.055
2025-08-14 11:31:03.858787,14950.01,34.24,32.661,0,25,25.732,26.055
2025-08-14 11:31:13.855064,14960.01,33.338,32.758,0,25,25.7,26.055
2025-08-14 11:31:23.853779,14970.01,32.564,32.242,0,25,25.732,26.055
2025-08-14 11:31:33.847801,14980.01,31.92,31.92,0,25,25.732,26.055
2025-08-14 11:31:43.857216,14990.01,31.34,31.855,0,25,25.7,26.055
2025-08-14 11:31:53.853307,15000.0,30.889,31.533,0,25,25.571,26.055
2025-08-14 11:32:03.862727,15010.01,30.309,31.533,0,25,25.668,26.022
2025-08-14 11:32:13.859612,15020.01,30.051,31.275,0,25,25.539,26.055
2025-08-14 11:32:23.920320,15030.01,29.89,31.308,43,25,25.507,26.022
2025-08-14 11:32:33.851522,15040.01,29.6,31.372,43,25,25.41,25.958
2025-08-14 11:32:43.860610,15050.01,29.535,31.018,43,25,25.41,25.99
2025-08-14 11:32:53.844940,15060.01,29.696,30.792,43,25,25.442,25.926
2025-08-14 11:33:03.854638,15070.01,30.18,30.599,43,25,25.442,25.99
2025-08-14 11:33:13.863749,15080.01,30.663,30.47,43,25,25.41,25.765
2025-08-14 11:33:23.847077,15090.0,31.018,30.663,43,25,25.41,25.765
2025-08-14 11:33:33.855996,15100.01,31.855,30.728,43,25,25.41,25.732
2025-08-14 11:33:43.852516,15110.01,32.371,30.438,43,25,25.41,25.765
2025-08-14 11:33:53.849174,15120.0,33.112,30.663,43,25,25.41,25.732
2025-08-14 11:34:03.858810,15130.01,33.37,30.824,43,25,25.41,25.732
2025-08-14 11:34:13.842333,15140.01,33.95,31.114,43,25,25.378,25.732
2025-08-14 11:34:23.851875,15150.01,34.369,31.018,43,25,25.41,25.732
2025-08-14 11:34:33.849118,15160.01,34.724,30.921,43,25,25.346,25.732
2025-08-14 11:34:43.858117,15170.01,35.014,30.953,43,25,25.313,25.732
2025-08-14 11:34:53.842167,15180.01,35.562,31.372,43,25,25.185,25.732
2025-08-14 11:35:03.838125,15190.0,35.723,31.469,43,25,25.281,25.732
2025-08-14 11:35:13.860522,15200.01,36.045,31.501,43,25,25.152,25.732
2025-08-14 11:35:23.861995,15210.01,36.238,31.211,43,25,25.152,25.732
2025-08-14 11:35:33.850581,15220.01,36.657,31.211,43,25,25.217,25.732
2025-08-14 11:35:43.850160,15230.01,36.722,31.179,43,25,25.185,25.732
2025-08-14 11:35:53.924347,15240.01,36.657,31.759,43,90,25.12,25.732
2025-08-14 11:36:03.933193,15250.01,37.431,32.178,89,90,25.12,25.732
2025-08-14 11:36:13.843109,15260.0,37.85,33.112,89,90,25.088,25.668
2025-08-14 11:36:23.839228,15270.0,38.333,34.079,89,90,25.088,25.636
2025-08-14 11:36:33.861280,15280.01,39.3,34.176,89,90,25.12,25.668
2025-08-14 11:36:43.857578,15290.01,40.621,35.916,89,90,25.088,25.571
2025-08-14 11:36:53.854132,15300.01,41.717,36.109,89,90,25.088,25.539
2025-08-14 11:37:03.837498,15310.0,42.877,37.527,89,90,25.088,25.539
2025-08-14 11:37:13.859882,15320.01,44.23,37.979,89,90,25.088,25.571
2025-08-14 11:37:23.843205,15330.01,45.036,39.106,89,90,25.088,25.604
2025-08-14 11:37:33.852391,15340.01,46.357,40.041,89,90,25.088,25.475
2025-08-14 11:37:43.861708,15350.01,47.518,40.299,89,90,25.088,25.41
2025-08-14 11:37:53.844901,15360.01,48.678,41.781,89,90,25.088,25.41
2025-08-14 11:38:03.854051,15370.01,49.129,42.007,89,90,25.088,25.442
2025-08-14 11:38:13.850030,15380.0,49.902,42.265,89,90,25.088,25.41
2025-08-14 11:38:23.905124,15390.01,50.515,42.619,89,0,25.088,25.41
2025-08-14 11:38:33.842760,15400.01,51.256,42.684,89,0,25.088,25.41
2025-08-14 11:38:43.851970,15410.01,51.707,42.619,89,0,25.088,25.41
2025-08-14 11:38:53.848422,15420.01,52.062,42.007,89,0,25.088,25.41
2025-08-14 11:39:03.844723,15430.01,52.513,41.652,89,0,25.088,25.41
2025-08-14 11:39:13.840653,15440.01,53.286,41.395,89,0,25.088,25.41
2025-08-14 11:39:23.849922,15450.01,53.898,41.008,89,0,25.088,25.41
2025-08-14 11:39:33.858617,15460.01,54.221,40.524,89,0,25.088,25.41
2025-08-14 11:39:43.855290,15470.01,54.479,40.009,89,0,25.088,25.41
2025-08-14 11:39:53.851223,15480.01,54.672,39.525,89,0,25.088,25.41
2025-08-14 11:40:03.847080,15490.01,55.22,39.139,89,0,25.088,25.41
2025-08-14 11:40:13.845074,15500.01,55.284,38.72,89,0,25.088,25.41
2025-08-14 11:40:23.901991,15510.01,56.122,39.171,89,77,25.088,25.41
2025-08-14 11:40:33.848224,15520.01,56.251,38.655,89,77,25.056,25.41
2025-08-14 11:40:43.844964,15530.01,56.025,39.235,89,77,25.088,25.41
2025-08-14 11:40:53.840973,15540.0,55.961,39.268,89,77,25.088,25.41
2025-08-14 11:41:03.849946,15550.01,55.993,39.944,89,77,25.056,25.41
2025-08-14 11:41:13.848399,15560.01,55.735,39.687,89,77,25.088,25.41
2025-08-14 11:41:23.855429,15570.01,55.768,40.428,89,77,25.056,25.41
2025-08-14 11:41:33.838855,15580.0,56.444,41.427,89,77,24.991,25.41
2025-08-14 11:41:43.905205,15590.01,56.38,41.072,89,0,25.056,25.41
2025-08-14 11:41:53.847716,15600.01,56.509,41.298,89,0,25.088,25.41
2025-08-14 11:42:03.853133,15610.01,56.896,41.523,89,0,25.023,25.41
2025-08-14 11:42:13.849276,15620.01,57.379,41.717,89,0,25.056,25.41
2025-08-14 11:42:23.846195,15630.01,57.411,41.33,89,0,25.056,25.41
2025-08-14 11:42:33.842175,15640.01,57.54,40.653,89,0,25.056,25.41
2025-08-14 11:42:43.838881,15650.0,57.121,40.105,89,0,25.056,25.41
2025-08-14 11:42:53.847989,15660.01,57.25,39.88,89,0,25.088,25.41
2025-08-14 11:43:03.856856,15670.01,57.83,39.525,89,0,25.088,25.41
2025-08-14 11:43:13.853175,15680.01,58.152,39.396,89,0,25.088,25.41
2025-08-14 11:43:23.849154,15690.01,58.378,38.784,89,0,25.088,25.41
2025-08-14 11:43:33.845552,15700.01,58.7,38.43,89,0,25.088,25.41
2025-08-14 11:43:43.841618,15710.01,59.087,38.333,89,0,25.088,25.41
2025-08-14 11:43:53.850581,15720.01,59.925,38.269,89,0,25.088,25.41
2025-08-14 11:44:03.859573,15730.01,60.054,37.817,89,0,25.088,25.41
2025-08-14 11:44:13.842633,15740.01,60.086,37.56,89,0,25.088,25.41
2025-08-14 11:44:23.851696,15750.01,60.054,37.495,89,0,25.12,25.41
2025-08-14 11:44:33.908442,15760.01,60.215,37.173,0,0,25.088,25.442
2025-08-14 11:44:43.844530,15770.01,60.569,37.334,0,0,25.12,25.539
2025-08-14 11:44:53.841552,15780.01,60.021,37.27,0,0,25.217,25.475
2025-08-14 11:45:03.849790,15790.01,58.281,36.722,0,0,25.12,25.571
2025-08-14 11:45:13.846738,15800.01,56.348,36.367,0,0,25.313,25.7
2025-08-14 11:45:23.842589,15810.0,55.059,36.464,0,0,25.378,25.732
2025-08-14 11:45:33.851614,15820.01,53.125,36.142,0,0,25.41,25.732
2025-08-14 11:45:43.848322,15830.01,51.063,35.723,0,0,25.41,25.7
2025-08-14 11:45:53.845013,15840.01,49.322,35.4,0,0,25.41,25.732
2025-08-14 11:46:03.854159,15850.01,47.646,35.014,0,0,25.41,25.732
2025-08-14 11:46:13.851466,15860.01,46.035,34.756,0,0,25.41,25.732
2025-08-14 11:46:23.915349,15870.01,44.682,34.369,0,0,25.41,25.732
2025-08-14 11:46:33.843409,15880.01,43.135,33.95,0,0,25.41,25.732
2025-08-14 11:46:43.853176,15890.01,42.071,33.789,0,0,25.41,25.732
2025-08-14 11:46:53.862412,15900.01,40.557,33.145,0,0,25.41,25.732
2025-08-14 11:47:03.845973,15910.01,39.332,32.822,0,0,25.41,25.765
2025-08-14 11:47:13.842223,15920.0,38.301,32.403,0,0,25.41,25.732
2025-08-14 11:47:23.921785,15930.01,37.334,32.017,0,12,25.41,25.765
2025-08-14 11:47:33.848137,15940.01,36.367,31.533,0,12,25.442,25.797
2025-08-14 11:47:43.858015,15950.01,35.497,31.372,0,12,25.475,25.829
2025-08-14 11:47:53.842605,15960.01,34.659,30.889,0,12,25.668,26.022
2025-08-14 11:48:03.851504,15970.01,34.079,30.792,0,12,25.604,26.022
2025-08-14 11:48:13.848088,15980.01,33.338,30.76,0,12,25.7,25.99
2025-08-14 11:48:23.857037,15990.01,32.79,30.566,0,12,25.7,26.055
2025-08-14 11:48:33.853529,16000.0,32.178,30.244,0,12,25.7,26.055
2025-08-14 11:48:43.913766,16010.01,31.759,30.244,0,0,25.732,26.055
2025-08-14 11:48:53.845964,16020.01,31.211,29.922,0,0,25.732,26.055
2025-08-14 11:49:03.841975,16030.01,30.566,29.6,0,0,25.732,26.055
2025-08-14 11:49:13.851536,16040.01,30.244,29.374,0,0,25.7,26.055
2025-08-14 11:49:23.847103,16050.01,29.664,29.181,0,0,25.636,26.055
2025-08-14 11:49:33.856465,16060.0,29.277,28.762,0,0,25.732,26.055
2025-08-14 11:49:43.852705,16070.01,28.697,28.311,0,0,25.7,26.055
2025-08-14 11:49:53.861504,16080.01,28.311,28.021,0,0,25.732,26.055
2025-08-14 11:50:03.857625,16090.01,27.988,27.666,0,0,25.636,26.055
2025-08-14 11:50:13.854191,16100.0,27.666,27.44,0,0,25.7,26.055
2025-08-14 11:50:23.850331,16110.01,27.344,27.344,0,0,25.668,26.022
2025-08-14 11:50:33.846444,16120.0,27.215,27.021,0,0,25.7,26.055
2025-08-14 11:50:43.842764,16130.0,27.021,26.731,0,0,25.539,25.99
2025-08-14 11:50:53.851907,16140.01,26.699,26.635,0,0,25.571,26.055
2025-08-14 11:51:03.848175,16150.01,26.377,26.377,0,0,25.539,26.022
2025-08-14 11:51:13.857806,16160.01,26.377,26.087,0,0,25.41,25.99
2025-08-14 11:51:23.855076,16170.01,26.055,26.022,0,0,25.41,25.829
2025-08-14 11:51:33.852065,16180.01,25.99,25.765,0,0,25.41,25.926
2025-08-14 11:51:43.847287,16190.01,25.732,25.7,0,0,25.41,25.894
2025-08-14 11:51:53.844145,16200.0,25.507,25.41,0,0,25.41,25.861
2025-08-14 11:52:03.922465,16210.01,25.604,25.636,60,0,25.41,25.765
2025-08-14 11:52:13.849460,16220.01,25.797,25.571,60,0,25.41,25.894
2025-08-14 11:52:23.858742,16230.01,26.055,25.281,60,0,25.41,25.765
2025-08-14 11:52:33.855013,16240.01,26.731,25.475,60,0,25.41,25.732
2025-08-14 11:52:43.838657,16250.0,27.602,25.41,60,0,25.41,25.732
2025-08-14 11:52:53.848081,16260.01,28.665,25.475,60,0,25.41,25.732
2025-08-14 11:53:03.857453,16270.01,29.729,25.668,60,0,25.41,25.732
2025-08-14 11:53:13.853688,16280.01,30.76,25.668,60,0,25.41,25.732
2025-08-14 11:53:23.850596,16290.01,31.823,25.958,60,0,25.41,25.732
2025-08-14 11:53:33.860164,16300.01,32.726,25.99,60,0,25.346,25.732
2025-08-14 11:53:43.857112,16310.01,33.435,26.216,60,0,25.378,25.732
2025-08-14 11:53:53.853673,16320.01,34.305,26.377,60,0,25.313,25.732
2025-08-14 11:54:03.850148,16330.01,35.368,26.764,60,0,25.217,25.732
2025-08-14 11:54:13.859749,16340.01,35.948,26.764,60,0,25.088,25.7
2025-08-14 11:54:23.859327,16350.01,36.593,26.957,60,0,25.088,25.732
2025-08-14 11:54:33.793406,16359.95,37.398,27.183,60,0,25.088,25.7
2025-08-14 11:54:43.854619,16370.01,37.979,27.215,60,0,25.088,25.7
2025-08-14 11:54:53.850981,16380.01,38.301,27.505,60,0,25.088,25.732
2025-08-14 11:55:03.860503,16390.01,38.945,27.666,60,0,25.12,25.7
2025-08-14 11:55:13.857663,16400.01,39.203,27.73,60,0,25.152,25.732
2025-08-14 11:55:23.853701,16410.01,39.848,27.956,60,0,25.088,25.7
2025-08-14 11:55:33.849749,16420.01,40.17,28.085,60,0,25.088,25.636
2025-08-14 11:55:43.860057,16430.01,40.234,28.375,60,0,25.088,25.636
2025-08-14 11:55:53.855083,16440.01,40.428,28.246,60,0,25.088,25.668
2025-08-14 11:56:03.851774,16450.01,40.814,28.375,60,0,25.088,25.507
2025-08-14 11:56:13.848305,16460.01,40.911,28.568,60,0,25.088,25.442
2025-08-14 11:56:23.921353,16470.01,40.879,28.311,0,0,25.088,25.539
2025-08-14 11:56:33.852523,16480.01,40.943,28.311,0,0,25.088,25.571
2025-08-14 11:56:43.848931,16490.01,40.879,28.633,0,0,25.088,25.604
2025-08-14 11:56:53.845506,16500.01,39.912,28.633,0,0,25.088,25.571
2025-08-14 11:57:03.854458,16510.01,38.978,28.601,0,0,25.088,25.442
2025-08-14 11:57:13.851099,16520.01,37.979,28.311,0,0,25.088,25.507
2025-08-14 11:57:23.846736,16530.0,37.012,28.311,0,0,25.088,25.475
2025-08-14 11:57:33.856151,16540.01,35.819,27.988,0,0,25.088,25.507
2025-08-14 11:57:43.915396,16550.01,35.143,28.343,78,0,25.088,25.442
2025-08-14 11:57:53.911473,16560.01,34.369,28.053,78,0,25.088,25.442
2025-08-14 11:58:03.844914,16570.01,34.144,27.73,78,0,25.088,25.41
2025-08-14 11:58:13.853766,16580.01,34.563,27.859,78,0,25.088,25.442
2025-08-14 11:58:23.850278,16590.01,34.82,27.73,78,0,25.088,25.41
2025-08-14 11:58:33.846136,16600.01,35.852,27.73,78,0,25.088,25.41
2025-08-14 11:58:43.842550,16610.01,36.528,27.602,78,0,25.088,25.442
2025-08-14 11:58:53.852132,16620.01,37.463,27.795,78,0,25.088,25.41
2025-08-14 11:59:03.860327,16630.01,38.397,27.827,78,0,25.088,25.41
2025-08-14 11:59:13.857067,16640.01,39.332,28.053,78,0,25.088,25.41
2025-08-14 11:59:23.839851,16650.01,40.041,28.053,78,0,25.088,25.41
2025-08-14 11:59:33.848658,16660.01,41.008,28.149,78,0,25.088,25.41
2025-08-14 11:59:43.844899,16670.0,41.652,28.278,78,0,25.056,25.41
2025-08-14 11:59:53.840752,16680.01,42.297,28.472,78,0,25.088,25.41
2025-08-14 12:00:03.850143,16690.01,42.941,28.665,78,0,25.088,25.41
2025-08-14 12:00:13.858594,16700.01,43.586,28.665,78,0,25.088,25.41
2025-08-14 12:00:23.854864,16710.01,44.069,28.987,78,0,25.088,25.41
2025-08-14 12:00:33.850626,16720.01,44.746,29.438,78,0,25.056,25.41
2025-08-14 12:00:43.846800,16730.01,45.229,29.729,78,0,25.088,25.41
2025-08-14 12:00:53.855717,16740.01,45.616,29.696,78,0,25.088,25.41
2025-08-14 12:01:03.852813,16750.0,46.229,30.019,78,0,25.088,25.41
2025-08-14 12:01:13.847858,16760.01,46.68,29.922,78,0,25.088,25.41
2025-08-14 12:01:23.844595,16770.0,47.002,30.051,78,0,25.088,25.41
2025-08-14 12:01:33.853229,16780.01,47.163,29.954,78,0,25.088,25.41
2025-08-14 12:01:43.849450,16790.01,47.453,30.341,78,0,25.056,25.41
2025-08-14 12:01:53.845414,16800.01,47.679,30.47,78,0,25.088,25.41
2025-08-14 12:02:03.841714,16810.01,47.743,30.599,78,0,25.088,25.41
2025-08-14 12:02:13.850486,16820.01,48.098,30.728,78,0,25.056,25.41
2025-08-14 12:02:23.846876,16830.01,48.42,31.018,78,0,25.023,25.41
2025-08-14 12:02:33.842365,16840.01,48.742,31.146,78,0,25.023,25.41
2025-08-14 12:02:43.864080,16850.01,48.968,31.243,78,0,24.798,25.41
2025-08-14 12:02:53.860407,16860.01,49.322,31.565,78,0,25.023,25.41
2025-08-14 12:03:03.857472,16870.01,49.387,31.63,78,0,24.798,25.41
2025-08-14 12:03:13.913979,16880.01,49.709,31.759,78,0,24.895,25.41
2025-08-14 12:03:23.849679,16890.01,50.031,31.92,78,0,24.959,25.41
2025-08-14 12:03:33.845742,16900.0,50.321,32.049,78,0,24.83,25.41
2025-08-14 12:03:43.853513,16910.01,50.289,32.21,78,0,24.895,25.41
2025-08-14 12:03:53.850368,16920.01,50.354,31.92,78,0,24.83,25.378
2025-08-14 12:04:03.847265,16930.01,50.128,32.242,78,0,24.766,25.346
2025-08-14 12:04:13.841923,16940.0,50.321,32.017,78,0,24.895,25.41
2025-08-14 12:04:23.838264,16950.0,50.45,32.274,78,0,24.927,25.41
2025-08-14 12:04:33.847083,16960.01,51.32,32.178,78,0,24.991,25.41
2025-08-14 12:04:43.842742,16970.0,51.61,32.532,78,0,25.023,25.41
2025-08-14 12:04:53.851979,16980.01,52.416,32.854,78,0,25.056,25.41
2025-08-14 12:05:03.848838,16990.01,52.932,32.726,78,0,25.088,25.41
2025-08-14 12:05:13.857424,17000.01,53.447,32.951,78,0,25.088,25.41
2025-08-14 12:05:23.840363,17010.0,53.479,32.951,78,0,25.088,25.41
2025-08-14 12:05:33.849030,17020.01,53.963,33.112,78,0,25.088,25.41
2025-08-14 12:05:43.845185,17030.01,54.575,33.306,78,0,25.088,25.41
2025-08-14 12:05:53.841316,17040.01,55.284,33.628,78,0,25.088,25.442
2025-08-14 12:06:03.850439,17050.01,55.381,33.757,78,0,25.088,25.41
2025-08-14 12:06:13.846567,17060.01,55.51,33.886,78,0,25.088,25.442
2025-08-14 12:06:23.842241,17070.0,55.896,34.111,78,0,25.12,25.539
2025-08-14 12:06:33.851568,17080.01,56.541,34.369,78,0,25.152,25.604
2025-08-14 12:06:43.847363,17090.01,57.186,34.434,78,0,25.217,25.539
2025-08-14 12:06:53.856462,17100.01,56.283,34.369,78,0,25.313,25.668
2025-08-14 12:07:03.853041,17110.01,56.444,34.24,78,0,25.281,25.668
2025-08-14 12:07:13.849203,17120.01,56.444,34.466,78,0,25.378,25.668
2025-08-14 12:07:23.845323,17130.01,56.412,34.498,78,0,25.346,25.7
2025-08-14 12:07:33.914035,17140.01,56.09,34.144,13,0,25.41,25.732
2025-08-14 12:07:43.850760,17150.01,56.702,34.595,13,0,25.41,25.732
2025-08-14 12:07:53.847817,17160.01,56.444,34.724,13,0,25.41,25.732
2025-08-14 12:08:03.857876,17170.01,55.478,34.724,13,0,25.41,25.732
2025-08-14 12:08:13.853592,17180.01,54.672,34.82,13,0,25.41,25.732
2025-08-14 12:08:23.849692,17190.01,53.318,34.82,13,0,25.41,25.732
2025-08-14 12:08:33.846717,17200.01,51.997,34.82,13,0,25.41,25.732
2025-08-14 12:08:43.855172,17210.01,50.289,34.53,13,0,25.41,25.732
2025-08-14 12:08:53.852429,17220.01,49.322,34.563,13,0,25.41,25.732
2025-08-14 12:09:03.835902,17230.0,48.323,34.466,13,0,25.41,25.765
2025-08-14 12:09:13.845217,17240.0,47.324,34.272,13,0,25.539,25.926
2025-08-14 12:09:23.853584,17250.01,45.777,33.854,13,0,25.507,25.829
2025-08-14 12:09:33.850571,17260.01,44.488,33.531,13,0,25.604,25.926
2025-08-14 12:09:43.858816,17270.01,43.65,33.273,13,0,25.668,25.958
2025-08-14 12:09:53.855378,17280.01,42.877,33.273,13,0,25.668,26.055
2025-08-14 12:10:03.852147,17290.01,42.136,32.887,13,0,25.732,26.055
2025-08-14 12:10:13.834824,17300.0,40.943,32.564,13,0,25.732,26.055
2025-08-14 12:10:23.856533,17310.01,39.912,32.017,13,0,25.732,26.055
2025-08-14 12:10:33.852624,17320.01,39.01,31.855,13,0,25.668,26.055
2025-08-14 12:10:43.848932,17330.0,38.043,31.211,13,0,25.668,26.055
2025-08-14 12:10:53.845179,17340.01,37.141,30.953,13,0,25.604,26.055
2025-08-14 12:11:03.915510,17350.01,36.367,30.599,12,0,25.507,26.055
2025-08-14 12:11:13.837026,17360.0,35.723,30.147,12,0,25.539,26.055
2025-08-14 12:11:23.845590,17370.0,34.853,29.922,12,0,25.41,26.055
2025-08-14 12:11:33.854831,17380.0,34.498,29.664,12,0,25.507,26.022
2025-08-14 12:11:43.850942,17390.01,33.821,29.374,12,0,25.475,25.99
2025-08-14 12:11:53.848116,17400.01,33.499,29.116,12,0,25.41,25.894
2025-08-14 12:12:03.857961,17410.01,32.887,28.826,12,0,25.41,25.958
2025-08-14 12:12:13.854110,17420.01,32.5,28.633,12,0,25.41,25.926
2025-08-14 12:12:23.863146,17430.01,32.081,28.375,12,0,25.41,25.829
2025-08-14 12:12:33.923902,17440.01,31.791,28.697,12,70,25.41,25.894
2025-08-14 12:12:43.843507,17450.01,31.469,28.665,12,70,25.41,25.732
2025-08-14 12:12:53.852108,17460.01,31.533,29.02,12,70,25.41,25.861
2025-08-14 12:13:03.848425,17470.0,30.985,29.342,12,70,25.41,25.732
2025-08-14 12:13:13.844921,17480.01,30.824,29.664,12,70,25.41,25.732
2025-08-14 12:13:23.854013,17490.01,30.856,30.309,12,70,25.41,25.732
2025-08-14 12:13:33.850497,17500.01,30.792,30.792,12,70,25.41,25.765
2025-08-14 12:13:43.847310,17510.01,30.502,31.437,12,70,25.41,25.732
2025-08-14 12:13:53.844029,17520.0,30.405,32.436,12,70,25.41,25.732
2025-08-14 12:14:03.866121,17530.01,30.631,32.468,12,70,25.378,25.732
2025-08-14 12:14:13.851319,17540.01,30.502,32.822,12,70,25.41,25.732
2025-08-14 12:14:23.846050,17550.01,30.566,34.111,12,70,25.378,25.732
2025-08-14 12:14:33.867935,17560.02,30.695,34.563,12,70,25.378,25.732
2025-08-14 12:14:43.865088,17570.01,30.566,34.176,12,70,25.313,25.732
2025-08-14 12:14:53.861192,17580.01,30.534,34.981,12,70,25.346,25.732
2025-08-14 12:15:03.849573,17590.0,30.631,35.433,12,70,25.378,25.732
2025-08-14 12:15:13.851002,17600.0,30.889,35.239,12,70,25.346,25.732
2025-08-14 12:15:23.856799,17610.01,31.114,35.948,12,70,25.249,25.732
2025-08-14 12:15:33.852748,17620.01,30.921,35.948,12,70,25.281,25.732
2025-08-14 12:15:43.860398,17630.01,31.114,36.238,12,70,25.185,25.732
2025-08-14 12:15:53.858901,17640.01,31.018,36.496,12,70,25.152,25.636
2025-08-14 12:16:03.852301,17650.01,31.179,36.754,12,70,25.217,25.636
2025-08-14 12:16:13.849639,17660.01,30.953,36.851,12,70,25.152,25.571
2025-08-14 12:16:23.856960,17670.01,31.018,36.818,12,70,25.185,25.604
2025-08-14 12:16:33.841009,17680.0,30.953,37.398,12,70,25.12,25.571
2025-08-14 12:16:43.851096,17690.01,31.018,37.237,12,70,25.088,25.636
2025-08-14 12:16:53.847540,17700.0,31.469,37.108,12,70,25.12,25.668
2025-08-14 12:17:03.855440,17710.01,31.533,37.398,12,70,25.088,25.507
2025-08-14 12:17:13.851547,17720.01,31.533,37.882,12,70,25.088,25.475
2025-08-14 12:17:23.847169,17730.01,31.533,37.688,12,70,25.088,25.475
2025-08-14 12:17:33.843677,17740.0,31.469,37.979,12,70,25.088,25.442
2025-08-14 12:17:43.852913,17750.01,31.404,38.365,12,70,25.088,25.442
2025-08-14 12:17:53.861698,17760.01,31.662,38.333,12,70,25.088,25.442
2025-08-14 12:18:03.857428,17770.01,31.308,38.011,12,70,25.088,25.41
2025-08-14 12:18:13.853747,17780.01,31.469,37.721,12,70,25.088,25.442
2025-08-14 12:18:23.850184,17790.0,31.565,38.591,12,70,25.088,25.442
2025-08-14 12:18:33.846279,17800.01,31.598,38.43,12,70,25.088,25.41
2025-08-14 12:18:43.855574,17810.01,31.501,38.623,12,70,25.088,25.41
2025-08-14 12:18:53.852171,17820.01,31.275,38.107,12,70,25.088,25.41
2025-08-14 12:19:03.847535,17830.01,31.63,38.011,12,70,25.088,25.41
2025-08-14 12:19:13.857457,17840.01,31.727,38.043,12,70,25.088,25.41
2025-08-14 12:19:23.851978,17850.01,31.92,38.752,12,70,25.088,25.41
2025-08-14 12:19:33.861473,17860.01,31.855,38.72,12,70,25.088,25.41
2025-08-14 12:19:43.858371,17870.01,31.855,38.623,12,70,25.088,25.41
2025-08-14 12:19:53.853838,17880.01,31.662,38.752,12,70,25.088,25.41
2025-08-14 12:20:03.851100,17890.01,31.63,38.172,12,70,25.088,25.41
2025-08-14 12:20:13.845785,17900.0,31.888,38.204,12,70,25.088,25.41
2025-08-14 12:20:23.854356,17910.01,31.501,37.398,12,70,25.088,25.41
2025-08-14 12:20:33.863896,17920.01,31.404,37.431,12,70,25.088,25.41
2025-08-14 12:20:43.934186,17930.01,31.34,37.721,20,70,25.088,25.41
2025-08-14 12:20:53.842708,17940.01,31.308,38.011,20,70,25.088,25.41
2025-08-14 12:21:03.851448,17950.01,31.501,37.914,20,70,25.088,25.41
2025-08-14 12:21:13.846998,17960.01,31.662,37.688,20,70,25.088,25.41
2025-08-14 12:21:23.856062,17970.01,32.049,38.365,20,70,25.088,25.41
2025-08-14 12:21:33.852352,17980.01,32.146,37.882,20,70,25.088,25.41
2025-08-14 12:21:43.848366,17990.01,32.532,38.43,20,70,24.959,25.41
2025-08-14 12:21:53.930488,18000.01,32.597,38.752,20,72,25.088,25.41
2025-08-14 12:22:03.852043,18010.0,32.532,38.365,20,72,25.088,25.41
2025-08-14 12:22:13.848136,18020.01,32.951,39.042,20,72,25.056,25.41
2025-08-14 12:22:23.857797,18030.01,32.951,39.106,20,72,25.088,25.41
2025-08-14 12:22:33.853116,18040.01,33.048,39.332,20,72,24.991,25.41
2025-08-14 12:22:43.849461,18050.01,33.048,38.945,20,72,25.056,25.41
2025-08-14 12:22:53.858442,18060.01,33.402,38.655,20,72,25.023,25.41
2025-08-14 12:23:03.915578,18070.01,33.338,39.074,20,0,25.023,25.41
2025-08-14 12:23:13.850042,18080.01,33.596,39.074,20,0,24.959,25.41
2025-08-14 12:23:23.846175,18090.01,33.531,38.365,20,0,25.056,25.41
2025-08-14 12:23:33.855196,18100.01,33.596,37.624,20,0,25.056,25.41
2025-08-14 12:23:43.864608,18110.01,33.596,37.076,20,0,25.056,25.41
2025-08-14 12:23:53.847204,18120.01,33.531,36.271,20,0,25.023,25.41
2025-08-14 12:24:03.855536,18130.01,33.66,35.658,20,0,25.088,25.41
2025-08-14 12:24:13.838832,18140.01,33.499,34.788,20,0,25.088,25.41
2025-08-14 12:24:23.847507,18150.01,33.499,33.854,20,0,25.056,25.41
2025-08-14 12:24:33.856685,18160.01,33.273,33.177,20,0,25.088,25.378
2025-08-14 12:24:43.854920,18170.01,33.209,32.371,20,0,25.056,25.41
2025-08-14 12:24:53.848560,18180.01,33.08,31.952,20,0,25.023,25.41
2025-08-14 12:25:03.857683,18190.01,32.887,31.308,20,0,25.056,25.41
2025-08-14 12:25:13.853263,18200.01,32.887,30.953,20,0,24.927,25.41
2025-08-14 12:25:23.907427,18210.01,32.5,30.276,0,0,24.862,25.41
2025-08-14 12:25:33.846492,18220.01,32.178,29.922,0,0,24.927,25.41
2025-08-14 12:25:43.841688,18230.01,31.855,29.6,0,0,24.895,25.346
2025-08-14 12:25:53.850802,18240.01,31.533,29.245,0,0,24.766,25.378
2025-08-14 12:26:03.847254,18250.01,30.953,28.955,0,0,24.83,25.346
2025-08-14 12:26:13.843417,18260.01,30.566,28.633,0,0,24.862,25.41
2025-08-14 12:26:23.839232,18270.0,30.051,28.311,0,0,24.83,25.378
2025-08-14 12:26:33.848612,18280.0,29.825,28.053,0,0,24.798,25.41
2025-08-14 12:26:43.857198,18290.01,29.277,27.698,0,0,24.862,25.41
2025-08-14 12:26:53.854680,18300.01,28.923,27.408,0,0,24.862,25.41
2025-08-14 12:27:03.863088,18310.01,28.472,27.247,0,0,24.83,25.41
2025-08-14 12:27:13.858224,18320.01,27.988,27.021,0,0,24.895,25.41
2025-08-14 12:27:23.854511,18330.01,27.666,26.699,0,0,24.927,25.41
2025-08-14 12:27:33.849883,18340.01,27.344,26.377,0,0,24.959,25.41
2025-08-14 12:27:43.845863,18350.01,27.021,26.313,0,0,24.959,25.41
2025-08-14 12:27:53.854772,18360.01,26.699,26.055,0,0,24.862,25.378
2025-08-14 12:28:03.850881,18370.01,26.506,26.022,0,0,24.862,25.378
2025-08-14 12:28:13.847102,18380.01,26.345,25.765,0,0,24.798,25.281
2025-08-14 12:28:23.844058,18390.01,26.055,25.732,0,0,24.798,25.41
2025-08-14 12:28:33.839571,18400.0,25.797,25.442,0,0,24.766,25.346
2025-08-14 12:28:43.848726,18410.01,25.668,25.41,0,0,24.766,25.313
2025-08-14 12:28:53.844104,18420.01,25.41,25.346,0,0,24.766,25.346
2025-08-14 12:29:03.853371,18430.01,25.41,25.12,0,0,24.766,25.378
2025-08-14 12:29:13.848949,18440.01,25.12,25.088,0,0,24.766,25.249
2025-08-14 12:29:23.845582,18450.01,25.088,24.895,0,0,24.766,25.378
2025-08-14 12:29:33.841182,18460.01,24.766,24.766,0,0,24.766,25.313
2025-08-14 12:29:43.836856,18470.01,24.766,24.766,0,0,24.766,25.378
2025-08-14 12:29:53.858848,18480.01,24.733,24.637,0,0,24.766,25.217
2025-08-14 12:30:03.854828,18490.01,24.669,24.443,0,0,24.766,25.313
2025-08-14 12:30:13.851267,18500.01,24.443,24.443,0,0,24.766,25.378
2025-08-14 12:30:23.859934,18510.01,24.443,24.443,0,0,24.766,25.281
2025-08-14 12:30:33.855847,18520.01,24.443,24.443,0,0,24.766,25.249
2025-08-14 12:30:43.855013,18530.01,24.314,24.347,0,0,24.766,25.313
2025-08-14 12:30:53.861966,18540.01,24.153,24.218,0,0,24.766,25.249
2025-08-14 12:31:03.857481,18550.01,24.121,24.121,0,0,24.766,25.281
2025-08-14 12:31:13.840854,18560.0,24.121,24.121,0,0,24.766,25.313
2025-08-14 12:31:24.001551,18570.01,24.379,24.701,0,66,24.766,25.249
2025-08-14 12:31:33.846494,18580.01,24.379,24.766,0,66,24.83,25.378
2025-08-14 12:31:43.855629,18590.01,24.218,25.088,0,66,24.798,25.378
2025-08-14 12:31:53.838616,18600.0,24.379,25.636,0,66,24.798,25.185
2025-08-14 12:32:03.847309,18610.01,24.25,26.345,0,66,24.766,25.217
2025-08-14 12:32:13.843406,18620.01,24.411,26.86,0,66,24.766,25.41
2025-08-14 12:32:23.851880,18630.01,24.508,27.666,0,66,24.895,25.313
2025-08-14 12:32:33.860752,18640.01,24.701,28.311,0,66,24.766,25.41
2025-08-14 12:32:43.856910,18650.01,24.733,28.955,0,66,24.959,25.41
2025-08-14 12:32:53.853223,18660.01,24.766,29.374,0,66,24.991,25.41
2025-08-14 12:33:03.849325,18670.0,25.056,30.244,0,66,24.766,25.41
2025-08-14 12:33:13.845247,18680.0,25.281,30.566,0,66,25.023,25.41
2025-08-14 12:33:23.853901,18690.01,25.088,30.728,0,66,25.056,25.41
2025-08-14 12:33:33.856114,18700.02,25.668,31.437,0,66,25.088,25.41
2025-08-14 12:33:43.856518,18710.01,25.604,32.178,0,66,25.088,25.41
2025-08-14 12:33:53.855704,18720.01,25.99,32.146,0,66,25.088,25.41
2025-08-14 12:34:03.852415,18730.01,26.184,33.177,0,66,25.088,25.41
2025-08-14 12:34:13.835386,18740.0,26.055,33.725,0,66,25.088,25.41
2025-08-14 12:34:23.858380,18750.01,26.57,33.66,0,66,25.088,25.41
2025-08-14 12:34:33.854151,18760.01,26.57,34.337,0,66,25.088,25.41
2025-08-14 12:34:43.849712,18770.0,26.86,34.498,0,66,25.088,25.41
2025-08-14 12:34:53.858618,18780.01,26.957,34.756,0,66,25.088,25.442
2025-08-14 12:35:03.841684,18790.01,26.828,34.82,0,66,25.088,25.41
2025-08-14 12:35:13.850894,18800.01,27.279,35.078,0,66,25.088,25.41
2025-08-14 12:35:23.847028,18810.01,27.279,35.336,0,66,25.088,25.442
2025-08-14 12:35:33.856062,18820.0,27.44,35.723,0,66,25.185,25.475
2025-08-14 12:35:43.852420,18830.01,27.602,35.723,0,66,25.152,25.475
2025-08-14 12:35:53.849283,18840.01,27.859,36.303,0,66,25.217,25.668
2025-08-14 12:36:03.845291,18850.0,27.924,37.334,0,66,25.346,25.7
2025-08-14 12:36:13.842092,18860.0,28.085,37.979,0,66,25.281,25.732
2025-08-14 12:36:23.851645,18870.01,28.182,37.946,0,66,25.41,25.732
2025-08-14 12:36:33.847540,18880.01,28.214,38.72,0,66,25.41,25.732
2025-08-14 12:36:43.845190,18890.01,28.311,39.429,0,66,25.41,25.732
2025-08-14 12:36:53.854192,18900.0,24.572,39.59,0,66,23.025,23.38
2025-08-14 12:37:03.912923,18910.0,28.762,39.429,0,28,25.41,25.732
2025-08-14 12:37:13.846038,18920.01,28.923,39.654,0,28,25.41,25.765
2025-08-14 12:37:23.842502,18930.0,29.084,39.944,0,28,25.41,25.732
2025-08-14 12:37:33.851644,18940.01,29.116,40.009,0,28,23.96,25.732
2025-08-14 12:37:43.847962,18950.01,29.084,39.912,0,28,25.442,25.732
2025-08-14 12:37:53.844949,18960.01,28.955,39.429,0,28,25.41,25.765
2025-08-14 12:38:03.840967,18970.0,28.955,39.558,0,28,25.41,25.894
2025-08-14 12:38:13.850361,18980.01,29.084,39.268,0,28,25.41,25.765
2025-08-14 12:38:23.846329,18990.01,29.084,38.945,0,28,25.41,25.41
2025-08-14 12:38:33.842498,19000.01,28.762,38.236,0,28,25.41,25.765
2025-08-14 12:38:43.851696,19010.01,28.762,36.947,0,28,25.41,25.732
2025-08-14 12:38:53.848168,19020.0,28.762,37.495,0,28,25.41,25.732
2025-08-14 12:39:03.857458,19030.01,28.633,37.173,0,28,25.41,25.829
2025-08-14 12:39:13.853707,19040.01,28.311,36.851,0,28,25.41,25.765
2025-08-14 12:39:23.850000,19050.01,28.311,36.528,0,28,25.41,25.732
2025-08-14 12:39:33.846973,19060.01,28.117,36.045,0,28,25.41,25.829
2025-08-14 12:39:43.843103,19070.01,27.988,35.69,0,28,25.41,25.732
2025-08-14 12:39:53.839206,19080.0,27.988,35.562,0,28,25.41,25.732
2025-08-14 12:40:03.863042,19090.01,28.021,35.078,0,28,25.41,25.829
2025-08-14 12:40:13.857058,19100.01,27.956,35.078,0,28,25.41,25.732
2025-08-14 12:40:23.854596,19110.01,27.795,34.756,0,28,25.41,25.765
2025-08-14 12:40:33.849466,19120.01,27.73,34.434,0,28,25.41,25.797
2025-08-14 12:40:43.845539,19130.01,27.795,33.95,0,28,25.346,25.926
2025-08-14 12:40:53.854643,19140.01,27.795,33.789,0,28,25.41,25.636
2025-08-14 12:41:03.926626,19150.01,27.473,33.692,2,28,25.41,25.829
2025-08-14 12:41:13.846895,19160.0,27.473,33.66,2,28,25.41,25.797
2025-08-14 12:41:23.843495,19170.0,27.344,33.531,2,28,25.41,25.797
2025-08-14 12:41:33.852539,19180.01,27.537,33.145,2,28,25.41,25.829
2025-08-14 12:41:43.849083,19190.01,27.344,33.209,2,28,25.41,25.732
2025-08-14 12:41:53.845595,19200.0,27.44,33.338,2,28,25.378,25.861
2025-08-14 12:42:03.855423,19210.01,27.602,33.306,2,28,25.41,25.765
2025-08-14 12:42:13.851738,19220.01,27.569,33.145,2,28,25.41,25.732
2025-08-14 12:42:23.847884,19230.01,27.473,33.177,2,28,25.41,25.797
2025-08-14 12:42:33.844815,19240.01,27.602,33.145,2,28,25.346,25.797
2025-08-14 12:42:43.914472,19250.01,27.473,32.532,2,0,25.378,25.765
2025-08-14 12:42:53.850433,19260.01,27.505,32.403,2,0,25.41,25.797
2025-08-14 12:43:03.846395,19270.01,27.569,32.081,2,0,25.41,25.732
2025-08-14 12:43:13.855599,19280.01,27.473,31.727,2,0,25.41,25.797
2025-08-14 12:43:23.852182,19290.0,27.44,31.404,2,0,25.41,25.797
2025-08-14 12:43:33.848340,19300.01,27.344,30.921,2,0,25.41,25.829
2025-08-14 12:43:43.857375,19310.01,27.344,30.695,2,0,25.41,25.894
2025-08-14 12:43:53.854265,19320.01,27.376,30.566,2,0,25.41,25.861
2025-08-14 12:44:03.837152,19330.0,27.344,30.309,2,0,25.378,25.732
2025-08-14 12:44:13.846269,19340.01,27.344,29.181,2,0,25.346,25.732
2025-08-14 12:44:23.842877,19350.0,27.344,29.6,2,0,25.088,25.732
2025-08-14 12:44:33.838935,19360.0,27.344,29.535,2,0,25.12,25.732
2025-08-14 12:44:43.849138,19370.0,27.312,29.342,2,0,25.217,25.732
2025-08-14 12:44:53.845789,19380.01,27.376,28.955,2,0,25.217,25.732
2025-08-14 12:45:03.909582,19390.01,27.215,28.891,2,0,25.346,25.765
2025-08-14 12:45:13.851095,19400.01,27.247,28.633,2,0,25.12,25.732
2025-08-14 12:45:23.860744,19410.01,27.021,28.375,2,0,25.088,25.732
2025-08-14 12:45:33.844603,19420.01,27.021,28.375,2,0,25.152,25.732
2025-08-14 12:45:43.853928,19430.01,27.021,27.988,2,0,25.088,25.732
2025-08-14 12:45:53.863214,19440.01,27.086,27.988,2,0,25.088,25.732
2025-08-14 12:46:03.846545,19450.01,26.893,27.666,2,0,25.088,25.732
2025-08-14 12:46:13.857371,19460.01,26.828,27.666,2,0,25.088,25.732
2025-08-14 12:46:23.926423,19470.01,27.247,27.924,97,0,25.12,25.732
2025-08-14 12:46:33.861288,19480.01,27.376,27.859,97,0,25.088,25.732
2025-08-14 12:46:43.845111,19490.0,28.439,27.859,97,0,25.12,25.732
2025-08-14 12:46:53.853937,19500.01,29.986,27.795,97,0,25.12,25.732
2025-08-14 12:47:03.863276,19510.01,31.984,28.053,97,0,25.088,25.732
2025-08-14 12:47:13.847094,19520.0,34.079,28.149,97,0,25.088,25.732
2025-08-14 12:47:23.924212,19530.01,36.238,28.601,94,0,25.12,25.732
2025-08-14 12:47:33.852972,19540.01,38.269,28.987,94,0,25.088,25.732
2025-08-14 12:47:43.849886,19550.0,40.267,29.31,94,0,25.088,25.732
2025-08-14 12:47:53.847413,19560.01,42.329,29.664,94,0,25.12,25.732
2025-08-14 12:48:03.843044,19570.0,44.198,30.019,94,0,25.217,25.732
2025-08-14 12:48:13.852962,19580.0,46.1,30.76,94,0,25.249,25.732
2025-08-14 12:48:23.853082,19590.01,47.84,31.34,94,0,25.217,25.732
2025-08-14 12:48:33.845279,19600.01,49.773,32.049,94,0,25.185,25.732
2025-08-14 12:48:43.854689,19610.01,51.707,32.274,94,0,25.185,25.732
2025-08-14 12:48:53.853884,19620.01,52.996,32.854,94,0,25.281,25.732
2025-08-14 12:49:03.847307,19630.01,53.995,33.499,94,0,25.12,25.732
2025-08-14 12:49:13.843525,19640.01,55.188,34.272,94,0,25.152,25.732
2025-08-14 12:49:23.839705,19650.01,56.058,34.659,94,0,25.12,25.732
2025-08-14 12:49:33.838886,19660.0,56.541,34.885,94,0,25.185,25.732
2025-08-14 12:49:43.846115,19670.01,57.153,35.336,94,0,25.088,25.732
2025-08-14 12:49:53.842861,19680.0,58.023,35.948,94,0,25.217,25.732
2025-08-14 12:50:03.916938,19690.01,58.217,35.916,47,0,25.185,25.765
2025-08-14 12:50:13.848282,19700.01,59.151,36.593,47,0,25.185,25.732
2025-08-14 12:50:23.845705,19710.01,58.99,36.851,47,0,25.313,25.732
2025-08-14 12:50:33.841032,19720.01,58.378,36.915,47,0,25.378,25.797
2025-08-14 12:50:43.851351,19730.01,57.862,37.302,47,0,25.217,25.861
2025-08-14 12:50:53.859612,19740.01,57.379,37.527,47,0,25.281,25.732
2025-08-14 12:51:03.843280,19750.0,56.477,37.882,47,0,25.281,25.732
2025-08-14 12:51:13.852778,19760.01,55.768,37.85,47,0,25.217,25.732
2025-08-14 12:51:23.848779,19770.01,54.93,37.946,47,0,25.41,25.765
2025-08-14 12:51:33.845543,19780.01,54.382,38.172,47,0,25.281,25.797
2025-08-14 12:51:43.841062,19790.0,53.705,38.172,47,0,25.313,25.797
2025-08-14 12:51:53.850149,19800.01,53.254,38.397,47,0,25.313,25.765
2025-08-14 12:52:03.846547,19810.0,52.674,38.462,47,0,25.249,25.732
2025-08-14 12:52:13.855670,19820.01,52.287,38.655,47,0,25.249,25.732
2025-08-14 12:52:23.852014,19830.01,52.029,38.494,47,0,25.346,25.765
2025-08-14 12:52:33.842844,19840.0,51.643,38.655,47,0,25.281,25.765
2025-08-14 12:52:43.895968,19850.0,51.191,38.655,47,0,25.249,25.797
2025-08-14 12:52:53.855690,19860.01,50.74,38.655,47,0,25.313,25.732
2025-08-14 12:53:03.850426,19870.01,50.418,38.559,47,0,25.185,25.732
2025-08-14 12:53:13.846014,19880.0,50.16,38.333,47,0,25.217,25.732
2025-08-14 12:53:23.855070,19890.0,49.741,38.43,47,0,25.249,25.765
2025-08-14 12:53:33.851715,19900.01,49.58,38.301,47,0,25.185,25.732
2025-08-14 12:53:43.860645,19910.01,49.226,38.269,47,0,25.088,25.765
2025-08-14 12:53:53.844046,19920.01,48.871,37.979,47,0,25.152,25.732
2025-08-14 12:54:03.853232,19930.01,48.42,37.85,47,0,25.152,25.732
2025-08-14 12:54:13.850046,19940.01,48.227,37.817,47,0,25.12,25.732
2025-08-14 12:54:23.859005,19950.01,47.872,37.463,47,0,25.12,25.378
2025-08-14 12:54:33.856457,19960.01,47.711,37.27,47,0,25.12,25.732
2025-08-14 12:54:43.838802,19970.0,47.646,37.237,47,0,25.12,25.732
2025-08-14 12:54:53.913360,19980.01,47.711,37.27,83,0,25.088,25.732
2025-08-14 12:55:03.857280,19990.01,47.84,37.141,83,0,25.152,25.732
2025-08-14 12:55:13.840914,20000.01,48.355,37.012,83,0,25.088,25.732
2025-08-14 12:55:23.850219,20010.01,49.322,37.463,83,0,25.12,25.732
2025-08-14 12:55:33.859194,20020.01,49.902,37.463,83,0,25.12,25.732
2025-08-14 12:55:43.856348,20030.01,50.934,37.592,83,0,25.152,25.732
2025-08-14 12:55:53.856292,20040.01,51.739,37.463,83,0,25.152,25.732
2025-08-14 12:56:03.848572,20050.01,52.674,37.688,83,0,25.088,25.732
2025-08-14 12:56:13.844763,20060.01,53.254,38.107,83,0,25.088,25.732
2025-08-14 12:56:23.841840,20070.01,54.156,38.269,83,0,25.088,25.732
2025-08-14 12:56:33.850689,20080.01,54.865,38.269,83,0,25.185,25.732
2025-08-14 12:56:43.849921,20090.01,55.252,38.752,83,0,25.185,25.732
2025-08-14 12:56:53.843990,20100.01,55.993,38.913,83,0,25.12,25.732
2025-08-14 12:57:03.840757,20110.01,56.444,39.461,83,0,25.023,25.732
2025-08-14 12:57:13.836468,20120.01,57.282,39.783,83,0,25.185,25.732
2025-08-14 12:57:23.846884,20130.01,57.766,40.041,83,0,25.152,25.732
2025-08-14 12:57:33.829344,20140.0,58.41,40.299,83,0,25.12,25.732
2025-08-14 12:57:43.838749,20150.01,58.7,40.299,83,0,25.249,25.732
2025-08-14 12:57:53.847926,20160.01,58.636,40.557,83,0,25.12,25.732
2025-08-14 12:58:03.858851,20170.01,58.668,40.943,83,0,25.217,25.732
2025-08-14 12:58:13.853577,20180.01,59.055,41.298,83,0,25.088,25.765
2025-08-14 12:58:23.915650,20190.01,58.861,41.362,23,0,25.088,25.732
2025-08-14 12:58:33.846455,20200.01,59.119,41.588,23,0,25.088,25.732
2025-08-14 12:58:43.843679,20210.0,58.346,41.652,23,0,25.088,25.732
2025-08-14 12:58:53.853276,20220.01,57.669,41.588,23,0,24.766,25.732
2025-08-14 12:59:03.849356,20230.01,56.573,41.556,23,0,25.088,25.732
2025-08-14 12:59:13.858080,20240.01,55.123,41.523,23,0,25.185,25.732
2025-08-14 12:59:23.841633,20250.01,53.576,41.266,23,0,25.12,25.313
2025-08-14 12:59:33.850632,20260.01,52.255,41.072,23,0,25.088,25.732
2025-08-14 12:59:43.848145,20270.01,51.32,40.686,23,0,25.088,25.732
2025-08-14 12:59:53.856221,20280.01,45.197,40.428,23,0,25.217,25.732
2025-08-14 13:00:03.853169,20290.01,48.903,39.977,23,0,25.12,25.732
2025-08-14 13:00:13.849481,20300.0,47.84,39.493,23,0,25.088,25.732
2025-08-14 13:00:23.846216,20310.01,47.034,39.01,23,0,25.12,25.12
2025-08-14 13:00:33.857081,20320.01,46.132,38.655,23,0,25.12,25.732
2025-08-14 13:00:43.852189,20330.01,45.165,38.365,23,0,25.185,25.732
2025-08-14 13:00:53.847887,20340.01,44.327,38.011,23,0,25.088,25.732
2025-08-14 13:01:03.857169,20350.01,43.521,37.785,23,0,25.088,25.732
2025-08-14 13:01:13.913796,20360.0,43.167,37.817,23,61,25.12,25.732
2025-08-14 13:01:23.850301,20370.01,42.2,37.56,23,61,25.12,25.765
2025-08-14 13:01:33.846743,20380.01,42.136,37.076,23,61,25.217,25.797
2025-08-14 13:01:43.856202,20390.01,41.298,37.688,23,61,25.088,25.829
2025-08-14 13:01:53.841481,20400.01,40.75,37.463,23,61,25.12,25.732
2025-08-14 13:02:03.849310,20410.01,40.234,37.56,23,61,25.12,25.732
2025-08-14 13:02:13.858580,20420.01,39.461,38.333,23,61,25.12,25.765
2025-08-14 13:02:23.854600,20430.01,39.203,37.721,23,61,25.12,25.732
2025-08-14 13:02:33.850698,20440.0,38.752,38.688,23,61,25.12,25.732
2025-08-14 13:02:43.847563,20450.0,38.623,39.139,23,61,25.152,25.765
2025-08-14 13:02:53.856216,20460.01,38.655,39.59,23,61,25.12,25.732
2025-08-14 13:03:03.866398,20470.01,38.365,40.105,23,61,25.217,25.732
2025-08-14 13:03:13.849166,20480.01,38.591,40.331,23,61,25.12,25.829
2025-08-14 13:03:23.845832,20490.0,38.655,41.459,23,61,25.12,25.861
2025-08-14 13:03:33.914605,20500.01,38.269,41.523,0,61,25.152,25.829
2025-08-14 13:03:43.863367,20510.01,38.494,42.007,0,61,25.185,25.797
2025-08-14 13:03:53.847242,20520.01,38.172,42.587,0,61,25.281,25.99
2025-08-14 13:04:03.856267,20530.01,37.85,42.361,0,61,25.281,25.958
2025-08-14 13:04:13.852371,20540.01,37.463,42.49,0,61,25.12,25.958
2025-08-14 13:04:23.849516,20550.01,36.883,43.489,0,61,25.249,25.958
2025-08-14 13:04:33.857756,20560.01,36.303,42.813,0,61,25.217,25.926
2025-08-14 13:04:43.854236,20570.01,35.433,43.296,0,61,25.152,25.926
2025-08-14 13:04:53.851286,20580.01,35.271,43.489,0,61,25.346,25.507
2025-08-14 13:05:03.846871,20590.0,34.691,43.618,0,61,25.41,26.055
2025-08-14 13:05:13.856374,20600.01,34.176,43.296,0,61,25.313,26.022
2025-08-14 13:05:23.839350,20610.0,33.918,43.779,0,61,25.378,26.055
2025-08-14 13:05:33.848656,20620.0,33.66,43.457,0,61,25.378,26.022
2025-08-14 13:05:43.857883,20630.01,32.951,43.715,0,61,25.378,26.022
2025-08-14 13:05:53.853363,20640.01,32.79,43.489,0,61,25.378,26.022
2025-08-14 13:06:03.850366,20650.01,32.178,43.135,0,61,25.346,25.926
2025-08-14 13:06:13.845666,20660.0,32.113,43.135,0,61,25.41,26.055
2025-08-14 13:06:23.841946,20670.01,31.727,42.49,0,61,25.41,26.022
2025-08-14 13:06:33.850832,20680.01,31.34,42.361,0,61,25.41,26.055
2025-08-14 13:06:43.860085,20690.01,31.082,42.684,0,61,25.41,26.055
2025-08-14 13:06:53.856112,20700.01,30.985,42.813,0,61,25.41,26.055
2025-08-14 13:07:03.852879,20710.01,30.856,42.716,0,61,25.378,26.022
2025-08-14 13:07:13.848934,20720.01,30.631,42.651,0,61,25.41,26.022
2025-08-14 13:07:23.844289,20730.01,30.502,42.007,0,61,25.41,26.055
2025-08-14 13:07:33.840282,20740.0,30.18,41.523,0,61,25.41,26.022
2025-08-14 13:07:43.861924,20750.01,30.18,40.782,0,61,25.41,26.055
2025-08-14 13:07:53.858031,20760.01,29.89,40.782,0,61,25.41,26.055
2025-08-14 13:08:03.854132,20770.01,29.793,40.557,0,61,25.41,26.055
2025-08-14 13:08:13.850449,20780.01,29.535,40.234,0,61,25.41,26.022
2025-08-14 13:08:23.846169,20790.0,29.535,40.073,0,61,25.41,26.055
2025-08-14 13:08:33.842243,20800.01,29.471,39.912,0,61,25.41,26.055
2025-08-14 13:08:43.838207,20810.01,29.148,39.461,0,61,25.41,26.055
2025-08-14 13:08:53.860578,20820.01,29.148,39.59,0,61,25.41,26.055
2025-08-14 13:09:03.911378,20830.01,28.762,38.945,0,0,25.41,26.055
2025-08-14 13:09:13.852224,20840.0,28.762,38.945,0,0,25.41,26.055
2025-08-14 13:09:23.848004,20850.0,28.665,38.623,0,0,25.41,26.055
2025-08-14 13:09:33.844333,20860.01,28.633,37.979,0,0,25.41,26.055
2025-08-14 13:09:43.853105,20870.01,28.568,37.012,0,0,25.41,26.055
2025-08-14 13:09:53.849199,20880.01,28.311,36.399,0,0,25.41,26.055
2025-08-14 13:10:03.845581,20890.01,28.246,35.4,0,0,25.41,26.055
2025-08-14 13:10:13.842146,20900.0,27.988,34.756,0,0,25.41,26.055
2025-08-14 13:10:23.850755,20910.01,27.988,34.111,0,0,25.41,26.055
2025-08-14 13:10:33.847026,20920.01,27.666,33.435,0,0,25.41,26.055
2025-08-14 13:10:43.855657,20930.01,27.666,32.5,0,0,25.41,26.055
2025-08-14 13:10:53.852059,20940.0,26.731,31.855,0,0,25.41,26.055
2025-08-14 13:11:03.847483,20950.0,27.344,31.243,0,0,25.41,26.055
2025-08-14 13:11:14.009924,20960.01,26.635,31.243,65,0,25.41,26.055
2025-08-14 13:11:23.853028,20970.01,27.408,30.824,65,0,25.442,26.055
2025-08-14 13:11:33.861716,20980.01,27.988,30.341,65,0,25.475,26.055
2025-08-14 13:11:43.845344,20990.01,28.794,29.857,65,0,25.507,26.055
2025-08-14 13:11:53.854318,21000.01,29.986,29.825,65,0,25.539,26.055
2025-08-14 13:12:03.850747,21010.01,31.34,29.696,65,0,25.41,26.087
2025-08-14 13:12:13.846908,21020.01,32.661,29.761,65,0,25.41,26.055
2025-08-14 13:12:23.842383,21030.01,33.725,29.6,65,0,25.442,26.055
2025-08-14 13:12:33.851971,21040.01,35.014,29.6,65,0,25.604,26.055
2025-08-14 13:12:43.847653,21050.01,36.367,29.664,65,0,25.636,26.055
2025-08-14 13:12:53.843619,21060.01,37.527,29.857,65,0,25.539,26.087
2025-08-14 13:13:03.852435,21070.01,38.688,30.309,65,0,25.636,26.055
2025-08-14 13:13:13.923250,21080.01,39.461,30.244,23,0,25.571,26.055
2025-08-14 13:13:23.845015,21090.01,40.299,30.405,23,0,25.636,26.087
2025-08-14 13:13:33.854193,21100.01,40.686,30.566,23,0,25.604,26.087
2025-08-14 13:13:43.850361,21110.01,40.75,30.695,23,0,25.668,26.151
2025-08-14 13:13:53.845941,21120.01,40.718,30.824,23,0,25.604,26.087
2025-08-14 13:14:03.842126,21130.01,40.621,31.018,23,0,25.507,26.151
2025-08-14 13:14:13.864710,21140.01,39.977,31.018,23,0,25.7,26.087
2025-08-14 13:14:23.860541,21150.01,39.654,30.921,23,0,25.732,26.248
2025-08-14 13:14:33.913502,21160.01,39.042,30.985,23,0,25.636,26.055
2025-08-14 13:14:43.853782,21170.01,39.01,31.211,23,0,25.636,26.087
2025-08-14 13:14:53.849181,21180.0,38.816,30.985,23,0,25.636,26.087
2025-08-14 13:15:03.845635,21190.01,38.107,30.856,23,0,25.7,26.087
2025-08-14 13:15:13.854556,21200.01,37.624,30.792,23,0,25.732,26.087
2025-08-14 13:15:23.850866,21210.0,37.334,30.695,23,0,25.732,26.216
2025-08-14 13:15:33.847056,21220.01,37.141,30.566,23,0,25.668,26.184
2025-08-14 13:15:43.843272,21230.01,36.722,30.405,23,0,25.7,26.248
2025-08-14 13:15:53.852494,21240.0,36.528,30.47,23,0,25.732,26.087
2025-08-14 13:16:03.862106,21250.01,36.109,30.276,23,0,25.668,26.151
2025-08-14 13:16:13.859060,21260.01,36.238,30.373,23,0,25.636,26.216
2025-08-14 13:16:23.841817,21270.01,36.142,30.341,23,0,25.732,26.248
2025-08-14 13:16:33.913223,21280.01,35.723,29.986,6,0,25.732,26.216
2025-08-14 13:16:43.847258,21290.01,35.658,29.922,6,0,25.7,26.216
2025-08-14 13:16:53.856173,21300.01,35.175,29.986,6,0,25.732,26.313
2025-08-14 13:17:03.852598,21310.01,34.724,29.922,6,0,25.7,26.248
2025-08-14 13:17:13.848794,21320.01,34.24,29.825,6,0,25.732,26.28
2025-08-14 13:17:23.844873,21330.01,33.467,29.342,6,0,25.732,26.313
2025-08-14 13:17:33.841077,21340.01,33.112,29.277,6,0,25.7,26.248
2025-08-14 13:17:43.908717,21350.06,32.5,29.213,6,0,25.7,26.313
2025-08-14 13:17:53.853153,21360.01,32.242,28.955,6,0,25.732,26.248
2025-08-14 13:18:03.862645,21370.01,31.791,28.794,6,0,25.732,26.313
2025-08-14 13:18:13.846413,21380.0,31.275,28.697,6,0,25.7,26.345
2025-08-14 13:18:23.855353,21390.01,30.889,28.697,6,0,25.668,26.216
2025-08-14 13:18:33.853578,21400.01,30.631,28.311,6,0,25.732,26.313
2025-08-14 13:18:43.850445,21410.01,30.244,28.214,6,0,25.732,26.377
2025-08-14 13:18:53.856959,21420.01,29.986,27.988,6,0,25.732,26.313
2025-08-14 13:19:03.853629,21430.01,29.664,27.795,6,0,25.732,26.377
2025-08-14 13:19:13.850380,21440.0,29.277,27.73,6,0,25.732,26.377
2025-08-14 13:19:23.845651,21450.0,29.31,27.602,6,0,25.732,26.377
2025-08-14 13:19:33.841592,21460.0,28.891,27.408,6,0,25.732,26.377
2025-08-14 13:19:43.853422,21470.01,28.858,27.408,6,0,25.732,26.377
2025-08-14 13:19:53.859443,21480.01,28.665,27.312,6,0,25.732,26.377
2025-08-14 13:20:03.843361,21490.01,28.697,27.086,6,0,25.732,26.377
2025-08-14 13:20:13.852411,21500.01,28.407,27.021,6,0,25.732,26.377
2025-08-14 13:20:23.860782,21510.01,28.278,26.989,6,0,25.732,26.377
2025-08-14 13:20:33.844674,21520.0,28.343,26.957,6,0,25.732,26.377
2025-08-14 13:20:43.853581,21530.01,27.988,26.764,6,0,25.732,26.377
2025-08-14 13:20:53.849063,21540.0,27.988,26.764,6,0,25.732,26.377
2025-08-14 13:21:03.859083,21550.01,28.053,26.764,6,0,25.732,26.377
2025-08-14 13:21:13.854584,21560.01,27.956,26.699,6,0,25.732,26.377
2025-08-14 13:21:23.850602,21570.01,27.795,26.667,6,0,25.732,26.377
2025-08-14 13:21:33.846605,21580.01,27.666,26.667,6,0,25.732,26.377
2025-08-14 13:21:43.843156,21590.0,27.73,26.57,6,0,25.732,26.377
2025-08-14 13:21:53.851935,21600.01,27.73,26.409,6,0,25.732,26.377
2025-08-14 13:22:03.848339,21610.01,27.666,26.474,6,0,25.732,26.377
2025-08-14 13:22:13.857318,21620.01,27.634,26.441,6,0,25.732,26.377
2025-08-14 13:22:23.840693,21630.0,27.569,26.441,6,0,25.732,26.377
2025-08-14 13:22:33.850298,21640.01,27.473,26.377,6,0,25.732,26.377
2025-08-14 13:22:43.846892,21650.0,27.634,26.441,6,0,25.732,26.377
2025-08-14 13:22:53.854515,21660.01,27.408,26.377,6,0,25.765,26.377
2025-08-14 13:23:03.919701,21670.01,27.408,26.538,6,14,25.732,26.377
2025-08-14 13:23:13.847717,21680.0,27.344,26.313,6,14,25.765,26.377
2025-08-14 13:23:23.844231,21690.0,27.247,26.345,6,14,25.765,26.377
2025-08-14 13:23:33.854011,21700.01,27.086,26.377,6,14,25.732,26.377
2025-08-14 13:23:43.851593,21710.01,27.247,26.377,6,14,25.732,26.377
2025-08-14 13:23:53.845663,21720.0,27.15,26.57,6,14,25.732,26.377
2025-08-14 13:24:03.855263,21730.0,27.086,26.893,6,14,25.732,26.377
2025-08-14 13:24:13.851509,21740.01,27.183,26.86,6,14,25.732,26.377
2025-08-14 13:24:23.861170,21750.01,27.086,27.086,6,14,25.732,26.377
2025-08-14 13:24:33.843877,21760.01,27.021,27.15,6,14,25.732,26.377
2025-08-14 13:24:43.853399,21770.01,27.183,27.279,6,14,25.732,26.377
2025-08-14 13:24:53.862198,21780.01,27.344,27.569,6,14,25.732,26.377
2025-08-14 13:25:03.846346,21790.01,27.376,27.44,6,14,25.732,26.377
2025-08-14 13:25:13.842606,21800.0,27.408,27.827,6,14,25.732,26.377
2025-08-14 13:25:23.851550,21810.0,27.505,27.73,6,14,25.765,26.377
2025-08-14 13:25:33.906141,21820.0,27.569,27.988,0,14,25.732,26.377
2025-08-14 13:25:43.857516,21830.01,27.73,28.214,0,14,25.732,26.377
2025-08-14 13:25:53.852896,21840.01,27.569,28.311,0,14,25.732,26.377
2025-08-14 13:26:03.849534,21850.01,27.569,28.311,0,14,25.732,26.377
2025-08-14 13:26:13.845228,21860.01,27.408,28.407,0,14,25.732,26.377
2025-08-14 13:26:23.842145,21870.01,27.344,28.601,0,14,25.732,26.377
2025-08-14 13:26:33.850844,21880.01,27.376,28.633,0,14,25.732,26.377
2025-08-14 13:26:43.834617,21890.0,27.118,28.794,0,14,25.732,26.377
2025-08-14 13:26:53.844102,21900.01,27.021,28.955,0,14,25.732,26.377
2025-08-14 13:27:03.853517,21910.01,27.086,28.955,0,14,25.732,26.377
2025-08-14 13:27:13.912920,21920.01,27.021,28.504,0,0,25.732,26.377
2025-08-14 13:27:23.846269,21930.01,26.989,28.955,0,0,25.732,26.377
2025-08-14 13:27:33.854808,21940.01,26.86,28.955,0,0,25.765,26.377
2025-08-14 13:27:43.851911,21950.01,26.828,28.955,0,0,25.732,26.377
2025-08-14 13:27:53.847212,21960.01,26.764,28.633,0,0,25.732,26.377
2025-08-14 13:28:03.856612,21970.01,26.699,28.601,0,0,25.732,26.377
2025-08-14 13:28:13.852599,21980.01,26.699,28.311,0,0,25.732,26.377
2025-08-14 13:28:23.861165,21990.01,26.699,28.311,0,0,25.732,26.377
2025-08-14 13:28:33.857214,22000.01,26.667,28.053,0,0,25.765,26.377
2025-08-14 13:28:43.856855,22010.0,26.635,27.988,0,0,25.765,26.377
2025-08-14 13:28:53.850359,22020.01,26.409,27.666,0,0,25.732,26.377
2025-08-14 13:29:03.846540,22030.0,26.377,27.634,0,0,25.732,26.377
2025-08-14 13:29:13.856312,22040.01,26.377,27.344,0,0,25.765,26.377
2025-08-14 13:29:23.906943,22050.01,26.055,27.312,0,0,25.732,26.377
2025-08-14 13:29:33.861406,22060.01,26.055,27.021,0,0,25.732,26.377
2025-08-14 13:29:43.857604,22070.01,26.055,27.021,0,0,25.732,26.377
2025-08-14 13:29:53.853594,22080.01,25.926,26.828,0,0,25.765,26.377
2025-08-14 13:30:03.848862,22090.01,25.732,26.699,0,0,25.732,26.377
2025-08-14 13:30:13.857835,22100.01,25.732,26.506,0,0,25.797,26.377
2025-08-14 13:30:23.853903,22110.01,25.7,26.377,0,0,25.732,26.377
2025-08-14 13:30:33.849955,22120.01,25.507,26.345,0,0,25.765,26.377
2025-08-14 13:30:43.845861,22130.0,25.41,26.184,0,0,25.765,26.377
2025-08-14 13:30:53.855036,22140.01,25.41,26.055,0,0,25.829,26.377
2025-08-14 13:31:03.851869,22150.01,25.41,26.055,0,0,25.894,26.377
2025-08-14 13:31:13.847625,22160.01,25.378,25.926,0,0,25.829,26.377
2025-08-14 13:31:23.856886,22170.01,25.313,25.732,0,0,25.797,26.377
2025-08-14 13:31:33.853050,22180.01,25.088,25.732,0,0,25.797,26.377
2025-08-14 13:31:43.909869,22190.01,25.088,25.732,0,0,25.732,26.377
2025-08-14 13:31:53.846549,22200.01,24.991,25.507,0,0,25.829,26.377
2025-08-14 13:32:03.855456,22210.01,25.088,25.41,0,0,25.765,26.377
2025-08-14 13:32:13.850964,22220.01,25.088,25.41,0,0,25.797,26.377
2025-08-14 13:32:23.847249,22230.01,25.056,25.41,0,0,25.732,26.377
2025-08-14 13:32:33.856526,22240.01,24.927,25.41,0,0,25.732,26.377
2025-08-14 13:32:43.852529,22250.01,24.83,25.249,0,0,25.829,26.377
2025-08-14 13:32:53.849194,22260.01,24.798,25.152,0,0,25.732,26.377
2025-08-14 13:33:03.845033,22270.01,24.766,25.185,0,0,25.732,26.409
2025-08-14 13:33:13.841265,22280.01,24.766,25.12,0,0,25.732,26.377
2025-08-14 13:33:23.850015,22290.0,24.766,25.088,0,0,25.797,26.409
2025-08-14 13:33:33.847188,22300.01,24.766,25.088,0,0,25.765,26.377
2025-08-14 13:33:43.842928,22310.01,24.766,25.088,0,0,25.894,26.409
2025-08-14 13:33:53.853064,22320.01,24.766,25.088,0,0,25.765,26.441
2025-08-14 13:34:03.835885,22330.0,24.766,25.088,0,0,25.797,26.409
2025-08-14 13:34:13.845629,22340.01,19.867,25.088,0,0,25.732,26.377
2025-08-14 13:34:23.841316,22350.01,24.766,25.088,0,0,25.765,26.377
2025-08-14 13:34:33.837913,22360.01,24.766,25.088,0,0,25.894,26.441
2025-08-14 13:34:43.859870,22370.01,24.766,24.991,0,0,25.926,26.409
2025-08-14 13:34:53.855903,22380.01,24.766,25.056,0,0,25.894,26.441
2025-08-14 13:35:03.852342,22390.0,24.766,25.088,0,0,25.894,26.474
2025-08-14 13:35:13.861768,22400.01,24.766,25.088,0,0,25.797,26.377
2025-08-14 13:35:23.845859,22410.0,24.766,25.088,0,0,25.894,26.441
2025-08-14 13:35:33.854941,22420.01,24.766,25.023,0,0,25.894,26.377
2025-08-14 13:35:43.850831,22430.0,24.766,25.056,0,0,25.732,26.441
2025-08-14 13:35:53.847020,22440.0,24.766,25.023,0,0,25.732,26.377
2025-08-14 13:36:03.856219,22450.01,24.766,24.991,0,0,25.732,26.377
2025-08-14 13:36:13.852504,22460.01,24.766,24.927,0,0,25.797,26.377
2025-08-14 13:36:23.915461,22470.01,24.766,24.862,0,0,25.829,26.409
2025-08-14 13:36:33.858160,22480.01,24.766,24.959,0,0,25.894,26.409
2025-08-14 13:36:43.918533,22490.01,24.733,25.023,5,0,25.765,26.506
2025-08-14 13:36:53.851222,22500.0,24.766,24.83,5,0,25.894,26.409
2025-08-14 13:37:03.860286,22510.01,24.83,24.83,5,0,25.894,26.506
2025-08-14 13:37:13.843790,22520.01,24.766,24.798,5,0,25.765,26.441
2025-08-14 13:37:23.840364,22530.0,24.895,24.862,5,0,25.99,26.474
2025-08-14 13:37:33.850729,22540.0,25.056,24.959,5,0,25.829,26.377
2025-08-14 13:37:43.846588,22550.01,25.088,24.959,5,0,25.732,26.506
2025-08-14 13:37:53.843122,22560.0,25.185,24.959,5,0,26.055,26.603
2025-08-14 13:38:03.852594,22570.01,25.378,25.056,5,0,25.926,26.474
2025-08-14 13:38:13.849462,22580.01,25.442,25.088,5,0,25.797,26.506
2025-08-14 13:38:23.846161,22590.0,25.442,25.088,5,0,26.022,26.538
2025-08-14 13:38:33.842519,22600.01,25.7,25.088,5,0,26.055,26.667
2025-08-14 13:38:43.851130,22610.01,25.7,25.152,5,0,25.99,26.441
2025-08-14 13:38:53.847281,22620.0,25.732,25.185,5,0,25.99,26.57
2025-08-14 13:39:03.843600,22630.01,25.765,25.088,5,0,25.894,26.57
2025-08-14 13:39:13.853024,22640.01,25.797,25.088,5,0,26.055,26.603
2025-08-14 13:39:23.849850,22650.01,25.797,25.185,5,0,26.022,26.538
2025-08-14 13:39:33.839868,22660.0,26.022,25.12,5,0,25.926,26.57
2025-08-14 13:39:43.844318,22670.01,26.087,25.152,5,0,26.055,26.603
2025-08-14 13:39:53.850401,22680.01,26.119,25.249,5,0,26.022,26.667
2025-08-14 13:40:03.844930,22690.01,26.055,25.281,5,0,26.055,26.603
2025-08-14 13:40:13.853985,22700.01,26.055,25.313,5,0,26.022,26.603
2025-08-14 13:40:23.850317,22710.01,26.151,25.346,5,0,26.055,26.667
2025-08-14 13:40:33.846325,22720.01,26.055,25.41,5,0,26.055,26.635
2025-08-14 13:40:43.856430,22730.01,26.216,25.41,5,0,25.99,26.538
2025-08-14 13:40:53.839128,22740.01,26.313,25.378,5,0,26.022,26.667
2025-08-14 13:41:03.847562,22750.01,26.345,25.378,5,0,26.022,26.538
2025-08-14 13:41:13.857718,22760.01,26.441,25.442,5,0,26.055,26.667
2025-08-14 13:41:23.853091,22770.01,26.377,25.41,5,0,26.022,26.667
2025-08-14 13:41:33.849937,22780.01,26.441,25.41,5,0,26.055,26.667
2025-08-14 13:41:43.858871,22790.01,26.441,25.378,5,0,26.022,26.603
2025-08-14 13:41:53.855557,22800.01,26.441,25.475,5,0,26.055,26.667
2025-08-14 13:42:03.851069,22810.0,26.345,25.41,5,0,26.055,26.635
2025-08-14 13:42:13.861367,22820.01,26.345,25.41,5,0,25.99,26.699
2025-08-14 13:42:23.856535,22830.01,26.377,23.315,5,0,26.055,26.667
2025-08-14 13:42:33.853445,22840.01,26.377,25.41,5,0,26.055,26.57
2025-08-14 13:42:43.849641,22850.01,26.345,25.41,5,0,26.022,26.603
2025-08-14 13:42:53.845183,22860.0,26.377,25.41,5,0,25.958,26.57
2025-08-14 13:43:03.854315,22870.0,26.377,25.475,5,0,26.055,26.699
2025-08-14 13:43:13.850453,22880.01,26.409,25.442,5,0,26.055,26.603
2025-08-14 13:43:23.846847,22890.0,26.474,25.442,5,0,26.055,26.57
2025-08-14 13:43:33.856148,22900.01,26.57,25.475,5,0,25.958,26.635
2025-08-14 13:43:43.900525,22910.01,26.441,25.507,5,0,26.055,26.603
2025-08-14 13:43:53.849225,22920.0,26.506,25.475,5,0,26.022,26.603
2025-08-14 13:44:03.844601,22930.0,26.409,25.442,5,0,26.055,26.667
2025-08-14 13:44:13.841028,22940.0,26.474,25.571,5,0,26.022,26.441
2025-08-14 13:44:23.862232,22950.01,26.506,25.539,5,0,26.022,26.474
2025-08-14 13:44:33.845385,22960.0,26.409,25.41,5,0,26.022,26.538
2025-08-14 13:44:43.854910,22970.01,26.441,25.507,5,0,26.022,26.474
2025-08-14 13:44:53.863367,22980.01,26.441,25.442,5,0,25.99,26.506
2025-08-14 13:45:03.920010,22990.01,26.603,25.732,32,0,26.055,26.538
2025-08-14 13:45:13.843069,23000.01,26.699,25.765,32,0,26.055,26.635
2025-08-14 13:45:23.840181,23010.0,26.828,25.604,32,0,25.926,26.57
2025-08-14 13:45:33.862028,23020.01,27.44,25.926,32,0,25.926,26.57
2025-08-14 13:45:43.833100,23030.0,27.795,25.861,32,0,25.99,26.474
2025-08-14 13:45:53.857143,23040.01,28.504,25.926,32,0,26.022,26.474
2025-08-14 13:46:03.863955,23050.01,29.148,26.119,32,0,26.055,26.538
2025-08-14 13:46:13.834433,23060.0,29.567,26.184,32,0,26.022,26.635
2025-08-14 13:46:23.856740,23070.01,30.147,26.474,32,0,26.055,26.699
2025-08-14 13:46:33.852131,23080.01,30.695,26.57,32,0,25.894,26.667
2025-08-14 13:46:43.848819,23090.01,31.34,26.893,32,0,26.055,26.635
2025-08-14 13:46:53.858034,23100.01,32.017,26.989,32,0,26.055,26.603
2025-08-14 13:47:03.854535,23110.01,32.403,27.183,32,0,25.894,26.57
2025-08-14 13:47:13.851004,23120.01,32.951,27.473,32,0,26.055,26.635
2025-08-14 13:47:23.847076,23130.01,33.338,27.602,32,0,26.022,26.57
2025-08-14 13:47:33.843919,23140.01,33.757,27.859,32,0,26.022,26.635
2025-08-14 13:47:43.852963,23150.0,34.015,28.053,32,0,26.055,26.635
2025-08-14 13:47:53.849034,23160.0,34.208,28.117,32,0,25.99,26.603
2025-08-14 13:48:03.858463,23170.01,34.627,28.536,32,0,25.958,26.667
2025-08-14 13:48:13.854148,23180.01,35.014,28.439,32,0,26.022,26.667
2025-08-14 13:48:23.850258,23190.01,35.207,28.601,32,0,25.765,26.667
2025-08-14 13:48:33.846323,23200.01,35.368,28.762,32,0,26.022,26.699
2025-08-14 13:48:43.856743,23210.01,35.787,29.02,32,0,25.99,26.699
2025-08-14 13:48:53.852506,23220.01,35.852,29.084,32,0,26.022,26.699
2025-08-14 13:49:03.849296,23230.0,35.916,29.342,32,0,25.926,26.667
2025-08-14 13:49:13.922716,23240.01,36.528,29.986,32,88,26.022,26.699
2025-08-14 13:49:23.854230,23250.01,36.689,29.857,32,88,25.99,26.603
2025-08-14 13:49:33.850407,23260.01,37.108,31.211,32,88,26.055,26.667
2025-08-14 13:49:43.847226,23270.01,37.334,31.565,32,88,25.958,26.635
2025-08-14 13:49:53.857041,23280.01,37.527,33.241,32,88,26.022,26.635
2025-08-14 13:50:03.852648,23290.01,37.592,34.401,32,88,26.055,26.699
2025-08-14 13:50:13.848548,23300.0,37.914,35.078,32,88,26.022,26.667
2025-08-14 13:50:23.844965,23310.01,38.494,36.786,32,88,26.022,26.699
2025-08-14 13:50:33.854134,23320.01,38.978,38.172,32,88,26.055,26.699
2025-08-14 13:50:43.850263,23330.01,39.364,39.235,32,88,26.055,26.699
2025-08-14 13:50:53.846762,23340.01,39.654,39.654,32,88,26.055,26.699
2025-08-14 13:51:03.856294,23350.01,40.17,41.266,32,88,26.055,26.667
2025-08-14 13:51:13.852014,23360.01,40.299,42.2,32,88,26.055,26.699
2025-08-14 13:51:23.861283,23370.01,40.782,43.457,32,88,26.055,26.699
2025-08-14 13:51:33.845210,23380.0,41.169,43.876,32,88,26.055,26.699
2025-08-14 13:51:43.854036,23390.01,41.362,44.521,32,88,26.055,26.699
2025-08-14 13:51:53.850531,23400.01,41.717,45.036,32,88,25.99,26.699
2025-08-14 13:52:03.846828,23410.01,41.395,45.81,32,88,26.055,26.699
2025-08-14 13:52:13.856333,23420.01,41.523,47.066,32,88,26.055,26.699
2025-08-14 13:52:23.851528,23430.01,41.652,47.679,32,88,26.055,26.699
2025-08-14 13:52:33.847972,23440.01,41.975,48.388,32,88,26.055,26.699
2025-08-14 13:52:43.856902,23450.01,42.297,48.291,32,88,26.022,26.699
2025-08-14 13:52:53.841172,23460.01,42.716,48.613,32,88,26.055,26.667
2025-08-14 13:53:03.849841,23470.01,42.941,49.741,32,88,26.055,26.699
2025-08-14 13:53:13.859395,23480.01,43.199,50.354,32,88,26.022,26.699
2025-08-14 13:53:23.843222,23490.0,43.264,50.031,32,88,26.055,26.699
2025-08-14 13:53:33.914304,23500.01,43.457,50.869,0,88,26.022,26.699
2025-08-14 13:53:43.850021,23510.01,43.393,50.579,0,88,26.055,26.699
2025-08-14 13:53:53.858073,23520.01,43.135,51.353,0,88,26.055,26.699
2025-08-14 13:54:03.854387,23530.01,42.555,51.771,0,88,26.055,26.699
2025-08-14 13:54:13.850635,23540.01,41.975,51.546,0,88,26.055,26.699
2025-08-14 13:54:23.847506,23550.0,41.395,52.48,0,88,26.055,26.699
2025-08-14 13:54:33.856248,23560.01,40.911,52.513,0,88,26.055,26.699
2025-08-14 13:54:43.852488,23570.01,40.234,51.836,0,88,26.055,26.699
2025-08-14 13:54:53.849019,23580.0,39.074,51.868,0,88,26.055,26.699
2025-08-14 13:55:03.857834,23590.01,38.365,51.643,0,88,26.055,26.699
2025-08-14 13:55:13.854226,23600.01,37.721,51.514,0,88,26.055,26.699
2025-08-14 13:55:23.851203,23610.01,37.302,51.224,0,88,26.055,26.699
2025-08-14 13:55:33.846486,23620.0,36.689,51.707,0,88,26.055,26.699
2025-08-14 13:55:43.855453,23630.01,36.238,51.739,0,88,26.055,26.699
2025-08-14 13:55:53.851668,23640.0,36.045,51.224,0,88,26.055,26.699
2025-08-14 13:56:03.847833,23650.01,35.433,50.418,0,88,26.055,26.699
2025-08-14 13:56:13.844039,23660.01,28.794,50.708,0,88,26.022,26.699
2025-08-14 13:56:23.853344,23670.01,34.53,51.159,0,88,26.055,26.57
2025-08-14 13:56:33.849543,23680.01,34.337,51.159,0,88,26.055,26.699
2025-08-14 13:56:43.904878,23690.01,34.111,50.547,0,0,26.055,26.699
2025-08-14 13:56:53.842276,23700.01,33.789,50.225,0,0,26.022,26.699
2025-08-14 13:57:03.851607,23710.01,33.467,49.58,0,0,26.055,26.699
2025-08-14 13:57:13.848060,23720.01,33.145,48.291,0,0,26.055,26.699
2025-08-14 13:57:23.857433,23730.01,32.822,47.324,0,0,26.055,26.699
2025-08-14 13:57:33.853612,23740.01,32.79,46.035,0,0,26.055,26.699
2025-08-14 13:57:43.863376,23750.01,32.5,44.843,0,0,26.055,26.699
2025-08-14 13:57:53.859266,23760.01,32.113,43.457,0,0,26.055,26.699
2025-08-14 13:58:03.842475,23770.0,31.598,42.232,0,0,26.055,26.699
2025-08-14 13:58:13.852011,23780.01,31.437,41.201,0,0,26.055,26.699
2025-08-14 13:58:23.848178,23790.01,30.889,39.912,0,0,26.022,26.699
2025-08-14 13:58:33.839179,23800.0,30.566,38.945,0,0,26.055,26.699
2025-08-14 13:58:43.843838,23810.0,30.341,37.753,0,0,25.894,26.635
2025-08-14 13:58:53.853014,23820.0,30.212,36.915,0,0,25.958,26.699
2025-08-14 13:59:03.858695,23830.01,29.922,36.045,0,0,26.055,26.667
2025-08-14 13:59:13.922296,23840.01,29.6,35.271,0,0,25.958,26.635
2025-08-14 13:59:23.850218,23850.0,29.277,34.563,0,0,26.022,26.603
2025-08-14 13:59:33.847178,23860.0,28.955,33.789,0,0,26.022,26.635
2025-08-14 13:59:43.855227,23870.01,28.633,33.145,0,0,25.829,26.57
2025-08-14 13:59:53.853747,23880.01,28.311,32.5,0,0,25.861,26.57
2025-08-14 14:00:03.847116,23890.01,28.278,31.855,0,0,25.829,26.57
2025-08-14 14:00:13.844091,23900.01,27.988,31.501,0,0,25.732,26.409
2025-08-14 14:00:23.840761,23910.0,27.666,30.953,0,0,25.765,26.441
2025-08-14 14:00:33.850165,23920.01,27.634,30.566,0,0,25.861,26.441
2025-08-14 14:00:43.845900,23930.01,27.344,30.083,0,0,25.765,26.377
2025-08-14 14:00:53.842213,23940.0,27.215,29.6,0,0,25.732,26.377
2025-08-14 14:01:03.838203,23950.0,27.021,29.277,0,0,25.732,26.377
2025-08-14 14:01:13.834479,23960.0,26.925,28.955,0,0,25.765,26.377
2025-08-14 14:01:23.844569,23970.01,26.699,28.633,0,0,25.732,26.377
2025-08-14 14:01:33.840125,23980.0,26.603,28.311,0,0,25.732,26.409
2025-08-14 14:01:43.849067,23990.01,26.409,27.988,0,0,25.732,26.441
2025-08-14 14:01:53.858499,24000.01,26.377,27.988,0,0,25.732,26.377
2025-08-14 14:02:03.853888,24010.01,26.184,27.666,0,0,25.765,26.377
2025-08-14 14:02:13.850298,24020.0,26.055,27.44,0,0,25.765,26.377
2025-08-14 14:02:23.859686,24030.01,26.055,27.344,0,0,25.732,26.377
2025-08-14 14:02:33.855543,24040.01,26.055,27.021,0,0,25.732,26.409
2025-08-14 14:02:43.851474,24050.01,25.732,26.989,0,0,25.732,26.377
2025-08-14 14:02:53.861387,24060.01,25.732,26.731,0,0,25.765,26.441
2025-08-14 14:03:03.843867,24070.0,25.668,26.699,0,0,25.732,26.441
2025-08-14 14:03:13.853385,24080.01,25.571,26.635,0,0,25.732,26.377
2025-08-14 14:03:23.849313,24090.01,25.41,26.377,0,0,25.732,26.474
2025-08-14 14:03:33.858215,24100.01,25.41,26.345,0,0,25.732,26.377
2025-08-14 14:03:43.842828,24110.0,25.41,26.216,0,0,25.732,26.377
2025-08-14 14:03:53.851735,24120.01,25.41,26.055,0,0,25.732,26.377
2025-08-14 14:04:03.847296,24130.0,25.346,26.055,0,0,25.732,26.409
2025-08-14 14:04:13.843430,24140.0,25.249,26.055,0,0,25.732,26.474
2025-08-14 14:04:23.852757,24150.01,25.12,25.926,0,0,25.765,26.474
2025-08-14 14:04:33.836269,24160.0,25.12,25.732,0,0,25.861,26.441
2025-08-14 14:04:43.845699,24170.01,25.088,25.732,0,0,25.732,26.441
2025-08-14 14:04:53.843340,24180.01,25.088,25.732,0,0,25.861,26.603
2025-08-14 14:05:03.851219,24190.01,25.088,25.7,0,0,25.732,26.441
2025-08-14 14:05:13.847725,24200.01,25.088,25.571,0,0,25.765,26.441
2025-08-14 14:05:23.843700,24210.01,25.088,25.475,0,0,25.732,26.377
2025-08-14 14:05:33.853765,24220.01,25.088,25.41,0,0,25.732,26.441
2025-08-14 14:05:43.927716,24230.01,24.959,25.41,0,0,25.732,26.506
2025-08-14 14:05:53.906235,24240.01,24.895,25.41,0,0,25.732,26.409
2025-08-14 14:06:03.854906,24250.01,24.927,25.41,0,0,25.732,26.377
2025-08-14 14:06:13.851559,24260.01,24.862,25.41,0,0,25.765,26.377
2025-08-14 14:06:23.849189,24270.01,24.798,25.346,0,0,25.732,26.377
2025-08-14 14:06:33.856763,24280.01,24.798,25.313,0,0,25.732,26.441
2025-08-14 14:06:43.853666,24290.01,24.766,25.249,0,0,25.732,26.441
2025-08-14 14:06:53.836562,24300.0,24.766,25.185,0,0,25.732,26.441
2025-08-14 14:07:03.846062,24310.0,24.766,25.088,0,0,25.732,26.474
2025-08-14 14:07:13.841950,24320.0,24.766,25.088,0,0,25.732,26.441
2025-08-14 14:07:23.852526,24330.01,24.766,25.088,0,0,25.732,26.409
2025-08-14 14:07:33.834984,24340.0,24.766,25.088,0,0,25.732,26.474
2025-08-14 14:07:43.844985,24350.01,24.766,25.12,0,0,25.732,26.409
2025-08-14 14:07:53.853786,24360.01,24.766,25.088,0,0,25.732,26.409
2025-08-14 14:08:03.837045,24370.0,24.766,25.088,0,0,25.732,26.441
2025-08-14 14:08:13.845489,24380.01,24.766,25.088,0,0,25.732,26.409
2025-08-14 14:08:23.842181,24390.01,24.766,25.088,0,0,25.732,26.409
2025-08-14 14:08:33.852336,24400.01,24.766,25.088,0,0,25.765,26.474
2025-08-14 14:08:43.847496,24410.0,24.766,25.088,0,0,25.861,26.603
2025-08-14 14:08:53.857682,24420.01,24.766,25.088,0,0,25.797,26.506
2025-08-14 14:09:03.853568,24430.01,24.766,25.088,0,0,25.797,26.441
2025-08-14 14:09:13.913900,24440.01,24.766,25.088,0,0,25.797,26.538
2025-08-14 14:09:23.847778,24450.01,24.766,25.088,0,0,25.926,26.635
2025-08-14 14:09:33.842088,24460.01,24.766,25.088,0,0,25.732,26.538
2025-08-14 14:09:43.851516,24470.01,24.766,25.088,0,0,25.797,26.474
2025-08-14 14:09:53.835276,24480.0,24.766,25.088,0,0,25.861,26.506
2025-08-14 14:10:03.831688,24490.0,24.766,25.088,0,0,25.829,26.603
2025-08-14 14:10:13.840325,24500.01,24.766,25.088,0,0,25.894,26.506
2025-08-14 14:10:23.862289,24510.01,24.766,25.088,0,0,25.797,26.57
2025-08-14 14:10:33.859442,24520.01,24.766,25.088,0,0,25.894,26.28
2025-08-14 14:10:43.856473,24530.01,24.766,25.088,0,0,25.958,26.667
2025-08-14 14:10:53.851852,24540.01,24.766,25.088,0,0,25.765,26.699
2025-08-14 14:11:03.847685,24550.0,24.766,25.088,0,0,25.958,26.538
2025-08-14 14:11:13.909795,24560.01,24.766,25.088,0,0,25.99,26.635
2025-08-14 14:11:23.840409,24570.01,24.766,25.088,0,0,25.99,26.603
2025-08-14 14:11:33.849593,24580.01,24.798,25.088,0,0,25.829,26.603
2025-08-14 14:11:43.847539,24590.01,24.766,25.088,0,0,25.861,26.538
2025-08-14 14:11:53.856119,24600.01,24.766,25.088,0,0,25.861,26.506
2025-08-14 14:12:03.865235,24610.01,24.766,25.088,0,0,26.055,26.635
2025-08-14 14:12:13.860776,24620.01,24.766,25.088,0,0,25.797,26.409
2025-08-14 14:12:23.858113,24630.01,24.766,25.088,0,0,25.926,26.635
2025-08-14 14:12:33.854196,24640.0,24.766,25.088,0,0,25.99,26.603
2025-08-14 14:12:43.863140,24650.01,24.766,25.088,0,0,25.958,26.635
2025-08-14 14:12:53.860153,24660.01,24.766,25.088,0,0,25.894,26.699
2025-08-14 14:13:03.855536,24670.01,24.766,25.088,0,0,25.926,26.667
2025-08-14 14:13:13.851470,24680.01,24.766,25.088,0,0,25.861,26.635
2025-08-14 14:13:23.860726,24690.01,24.766,25.088,0,0,25.765,26.474
2025-08-14 14:13:33.858987,24700.01,24.766,25.088,0,0,25.894,26.474
2025-08-14 14:13:43.853520,24710.01,24.766,25.088,0,0,25.829,26.538
2025-08-14 14:13:53.850781,24720.01,24.766,25.056,0,0,25.861,26.506
2025-08-14 14:14:03.846430,24730.0,24.766,25.088,0,0,25.797,26.538
2025-08-14 14:14:13.855340,24740.01,24.766,25.088,0,0,25.861,26.441
2025-08-14 14:14:23.851877,24750.01,24.766,25.088,0,0,25.829,26.506
2025-08-14 14:14:33.848030,24760.0,24.766,25.056,0,0,25.765,26.441
2025-08-14 14:14:43.857069,24770.01,24.766,25.056,0,0,25.829,26.538
2025-08-14 14:14:53.853407,24780.01,24.766,25.088,0,0,25.829,26.441
2025-08-14 14:15:03.850081,24790.0,24.766,24.927,0,0,25.797,26.409
2025-08-14 14:15:13.912022,24800.0,24.959,25.313,85,0,25.765,26.409
2025-08-14 14:15:23.854659,24810.01,25.152,25.313,85,0,25.765,26.377
2025-08-14 14:15:33.853842,24820.0,26.184,25.539,85,0,25.732,26.377
2025-08-14 14:15:43.918822,24830.01,27.827,25.829,85,98,25.732,26.377
2025-08-14 14:15:53.856837,24840.0,29.664,25.958,85,98,25.861,26.441
2025-08-14 14:16:03.852640,24850.01,31.63,27.15,85,98,25.861,26.506
2025-08-14 14:16:13.849904,24860.01,33.338,28.987,85,98,25.829,26.409
2025-08-14 14:16:23.858187,24870.01,35.368,30.373,85,98,25.958,26.603
2025-08-14 14:16:33.854650,24880.01,37.688,32.017,85,98,25.861,26.506
2025-08-14 14:16:43.861518,24890.01,39.719,34.015,85,98,25.861,26.506
2025-08-14 14:16:53.866555,24900.02,41.33,35.626,85,98,25.958,26.538
2025-08-14 14:17:03.854470,24910.01,43.586,37.624,85,98,25.829,26.474
2025-08-14 14:17:13.853168,24920.01,45.133,39.332,85,98,25.894,26.506
2025-08-14 14:17:23.851135,24930.01,46.647,40.589,85,98,25.926,26.474
2025-08-14 14:17:33.848803,24940.01,48.388,41.846,85,98,25.894,26.506
2025-08-14 14:17:43.846768,24950.01,50.096,44.102,85,98,25.958,26.538
2025-08-14 14:17:53.842369,24960.01,51.449,45.391,85,98,26.022,26.538
2025-08-14 14:18:03.851796,24970.01,52.996,46.325,85,98,25.958,26.603
2025-08-14 14:18:13.834663,24980.0,54.575,48.742,85,98,25.829,26.57
2025-08-14 14:18:23.844416,24990.01,55.735,50.096,85,98,25.958,26.538
2025-08-14 14:18:33.840626,25000.01,56.477,50.837,85,98,25.958,26.603
2025-08-14 14:18:43.850056,25010.0,57.314,51.159,85,98,25.958,26.635
2025-08-14 14:18:53.921917,25020.01,58.152,52.384,85,78,25.861,26.667
2025-08-14 14:19:03.856586,25030.01,58.829,53.028,85,78,25.99,26.603
2025-08-14 14:19:13.839625,25040.01,59.57,54.027,85,78,25.926,26.603
2025-08-14 14:19:23.848958,25050.01,60.602,54.994,85,78,25.926,26.667
2025-08-14 14:19:33.846355,25060.01,61.149,55.091,85,78,25.99,26.667
2025-08-14 14:19:43.854654,25070.01,61.858,55.735,85,78,25.958,26.603
2025-08-14 14:19:53.851182,25080.01,61.955,55.671,85,78,26.055,26.699
2025-08-14 14:20:03.847440,25090.01,62.729,55.8,85,78,25.861,26.699
2025-08-14 14:20:13.845875,25100.01,63.244,56.831,85,78,26.055,26.699
2025-08-14 14:20:23.840413,25110.01,63.728,57.411,85,78,26.055,26.506
2025-08-14 14:20:33.849831,25120.01,64.146,57.476,85,78,26.055,26.667
2025-08-14 14:20:43.846579,25130.01,65.113,58.571,85,78,26.055,26.699
2025-08-14 14:20:53.855766,25140.01,65.146,58.281,85,78,26.055,26.699
2025-08-14 14:21:03.839194,25150.01,65.758,58.604,85,78,26.055,26.699
2025-08-14 14:21:13.847856,25160.01,65.758,58.765,85,78,26.055,26.699
2025-08-14 14:21:23.844363,25170.01,65.887,58.41,85,78,26.055,26.699
2025-08-14 14:21:33.854208,25180.01,66.499,59.635,85,78,26.055,26.699
2025-08-14 14:21:43.849851,25190.01,66.628,59.119,85,78,26.055,26.699
2025-08-14 14:21:53.846298,25200.01,66.692,60.215,85,78,26.022,26.699
2025-08-14 14:22:03.855601,25210.01,66.918,60.537,85,78,25.99,26.699
2025-08-14 14:22:13.851988,25220.01,67.047,60.279,85,78,26.022,26.699
2025-08-14 14:22:23.836257,25230.0,66.692,59.506,85,78,26.022,26.667
2025-08-14 14:22:33.845434,25240.01,67.047,60.215,85,78,26.055,26.699
2025-08-14 14:22:43.854335,25250.0,67.82,60.859,85,78,26.055,26.699
2025-08-14 14:22:53.837874,25260.01,67.917,60.634,85,78,26.055,26.667
2025-08-14 14:23:03.834275,25270.0,67.853,61.407,85,78,25.958,26.667
2025-08-14 14:23:13.856522,25280.01,68.143,61.504,85,78,26.022,26.699
2025-08-14 14:23:23.840161,25290.0,68.014,61.923,85,78,25.958,26.667
2025-08-14 14:23:33.849113,25300.01,67.917,61.858,85,78,25.99,26.667
2025-08-14 14:23:43.901317,25310.01,67.208,60.73,0,78,26.022,26.699
2025-08-14 14:23:53.843825,25320.01,67.176,61.375,0,78,25.958,26.667
2025-08-14 14:24:03.850621,25330.01,66.209,61.858,0,78,25.926,26.699
2025-08-14 14:24:13.847061,25340.0,64.34,61.472,0,78,25.958,26.699
2025-08-14 14:24:23.843536,25350.01,62.471,61.633,0,78,25.797,26.603
2025-08-14 14:24:33.839921,25360.01,60.473,61.568,0,78,25.894,26.635
2025-08-14 14:24:43.849575,25370.0,58.41,60.988,0,78,25.797,26.538
2025-08-14 14:24:53.846022,25380.01,56.412,60.827,0,78,26.055,26.667
2025-08-14 14:25:03.913365,25390.01,54.285,60.15,0,54,25.958,26.667
2025-08-14 14:25:13.851501,25400.01,52.352,59.022,0,54,25.894,26.635
2025-08-14 14:25:23.847944,25410.0,50.676,58.475,0,54,25.99,26.667
2025-08-14 14:25:33.843560,25420.0,48.807,58.12,0,54,25.99,26.699
2025-08-14 14:25:43.853073,25430.01,47.485,56.928,0,54,25.958,26.699
2025-08-14 14:25:53.849510,25440.01,45.874,56.154,0,54,25.829,26.667
2025-08-14 14:26:03.860870,25450.01,44.392,55.22,0,54,25.861,26.699
2025-08-14 14:26:13.855216,25460.01,43.296,54.897,0,54,25.861,26.699
2025-08-14 14:26:23.851498,25470.01,42.232,53.544,0,54,25.797,26.699
2025-08-14 14:26:33.847940,25480.01,41.523,52.448,0,54,25.926,26.699
2025-08-14 14:26:43.844331,25490.01,40.686,52.513,0,54,25.732,26.667
2025-08-14 14:26:53.853784,25500.01,39.944,51.675,0,54,25.958,26.57
2025-08-14 14:27:03.851002,25510.0,38.945,51.481,0,54,25.861,26.603
2025-08-14 14:27:13.846318,25520.01,38.494,50.869,0,54,25.797,26.635
2025-08-14 14:27:23.844215,25530.01,37.882,50.289,0,54,25.894,26.538
2025-08-14 14:27:33.852005,25540.01,37.398,49.548,0,54,25.958,26.667
2025-08-14 14:27:43.848330,25550.01,36.722,49.354,0,54,25.958,26.699
2025-08-14 14:27:53.857679,25560.01,36.561,49.097,0,54,25.894,26.699
2025-08-14 14:28:03.841353,25570.0,36.206,48.452,0,54,25.99,26.699
2025-08-14 14:28:13.850623,25580.01,35.562,47.646,0,54,26.022,26.635
2025-08-14 14:28:23.846980,25590.01,35.304,47.518,0,54,26.055,26.699
2025-08-14 14:28:33.843120,25600.01,34.788,46.68,0,54,26.055,26.667
2025-08-14 14:28:43.852457,25610.01,34.337,46.841,0,54,26.055,26.699
2025-08-14 14:28:53.849220,25620.01,33.918,46.164,0,54,26.022,26.667
2025-08-14 14:29:03.844892,25630.01,33.66,45.552,0,54,26.055,26.667
2025-08-14 14:29:13.853916,25640.01,32.951,45.713,0,54,26.055,26.667
2025-08-14 14:29:23.850215,25650.0,32.951,45.229,0,54,26.055,26.699
2025-08-14 14:29:33.859250,25660.01,32.758,44.585,0,54,26.055,26.699
2025-08-14 14:29:43.843390,25670.01,32.403,44.714,0,54,26.055,26.667
2025-08-14 14:29:53.840097,25680.0,32.017,44.553,0,54,26.022,26.699
2025-08-14 14:30:03.861780,25690.01,32.049,43.844,0,54,26.055,26.699
2025-08-14 14:30:13.912186,25700.01,31.952,44.037,0,54,26.055,26.699
2025-08-14 14:30:23.854735,25710.01,31.694,43.457,0,54,26.055,26.699
2025-08-14 14:30:33.851042,25720.01,31.34,43.135,0,54,26.055,26.699
2025-08-14 14:30:43.847137,25730.01,31.243,42.877,0,54,26.055,26.699
2025-08-14 14:30:53.843282,25740.01,30.889,42.974,0,54,26.055,26.699
2025-08-14 14:31:03.839625,25750.0,30.599,42.813,0,54,25.926,26.667
2025-08-14 14:31:13.848935,25760.01,30.76,42.974,0,54,26.022,26.667
2025-08-14 14:31:23.858385,25770.01,30.856,42.684,0,54,26.055,26.667
2025-08-14 14:31:33.855852,25780.01,30.566,42.168,0,54,26.055,26.699
2025-08-14 14:31:43.851252,25790.01,30.309,42.104,0,54,26.022,26.699
2025-08-14 14:31:53.847417,25800.01,30.373,41.846,0,54,26.055,26.667
2025-08-14 14:32:03.843847,25810.01,30.212,41.846,0,54,26.055,26.699
2025-08-14 14:32:13.853201,25820.01,29.922,42.039,0,54,26.022,26.699
2025-08-14 14:32:23.849666,25830.01,29.922,42.007,0,54,26.055,26.699
2025-08-14 14:32:33.846213,25840.0,29.825,42.007,0,54,26.022,26.699
2025-08-14 14:32:43.855249,25850.01,29.696,41.685,0,54,25.926,26.699
2025-08-14 14:32:53.859723,25860.01,27.73,39.171,0,54,26.055,26.57
2025-08-14 14:33:03.848492,25870.01,29.793,41.362,0,54,26.022,26.699
2025-08-14 14:33:13.856795,25880.01,29.793,41.04,0,54,25.958,26.667
2025-08-14 14:33:23.840479,25890.0,29.664,41.362,0,54,26.022,26.699
2025-08-14 14:33:33.922432,25900.01,29.535,41.395,0,38,26.055,26.699
2025-08-14 14:33:43.858505,25910.01,29.31,40.943,0,38,26.055,26.699
2025-08-14 14:33:53.842274,25920.01,29.406,40.557,0,38,25.249,26.699
2025-08-14 14:34:03.851104,25930.01,29.277,40.557,0,38,26.055,26.699
2025-08-14 14:34:13.860860,25940.01,29.406,40.267,0,38,26.022,26.699
2025-08-14 14:34:23.857226,25950.01,29.277,39.815,0,38,26.022,26.699
2025-08-14 14:34:33.841463,25960.0,29.181,39.429,0,38,26.055,26.699
2025-08-14 14:34:43.850882,25970.01,29.052,39.751,0,38,26.055,26.699
2025-08-14 14:34:53.845949,25980.01,29.181,39.268,0,38,26.055,26.699
2025-08-14 14:35:03.854795,25990.01,29.084,38.784,0,38,26.055,26.699
2025-08-14 14:35:13.838443,26000.01,27.666,38.784,0,38,26.055,26.699
2025-08-14 14:35:23.847550,26010.0,28.858,38.172,0,38,26.055,26.699
2025-08-14 14:35:33.856531,26020.01,28.665,38.14,0,38,26.055,26.699
2025-08-14 14:35:43.853035,26030.01,28.633,37.979,0,38,26.055,26.699
2025-08-14 14:35:53.849992,26040.01,28.633,37.946,0,38,26.055,26.699
2025-08-14 14:36:03.845554,26050.01,27.634,37.817,0,38,26.055,26.699
2025-08-14 14:36:13.854690,26060.01,28.665,37.817,0,38,26.055,26.699
2025-08-14 14:36:23.851240,26070.01,28.472,37.624,0,38,26.055,26.699
2025-08-14 14:36:33.860848,26080.01,28.439,37.012,0,38,26.055,26.699
2025-08-14 14:36:43.844290,26090.0,28.343,37.141,0,38,26.055,26.699
2025-08-14 14:36:53.854047,26100.0,28.246,37.012,0,38,26.055,26.699
2025-08-14 14:37:03.849931,26110.01,28.343,36.883,0,38,26.055,26.699
2025-08-14 14:37:13.846572,26120.01,28.343,36.947,0,38,26.055,26.699
2025-08-14 14:37:23.855742,26130.01,28.439,36.722,0,38,26.055,26.699
2025-08-14 14:37:33.851596,26140.01,28.439,36.689,0,38,26.055,26.699
2025-08-14 14:37:43.848175,26150.01,28.439,36.851,0,38,26.055,26.699
2025-08-14 14:37:53.857919,26160.01,28.439,36.689,0,38,26.055,26.699
2025-08-14 14:38:03.853901,26170.01,28.439,36.689,0,38,26.055,26.699
2025-08-14 14:38:13.850402,26180.01,28.439,36.689,0,38,26.055,25.829
2025-08-14 14:38:23.859209,26190.01,28.439,36.689,0,38,26.055,26.699
2025-08-14 14:38:33.855817,26200.01,28.343,36.496,0,38,26.055,26.699
2025-08-14 14:38:43.852515,26210.0,28.214,36.367,0,38,26.055,26.699
2025-08-14 14:38:53.900432,26220.06,28.246,36.367,0,38,26.055,26.699
2025-08-14 14:39:03.845549,26230.01,27.988,36.045,0,38,26.055,26.699
2025-08-14 14:39:13.842303,26240.01,28.053,35.723,0,38,26.055,26.699
2025-08-14 14:39:23.864571,26250.01,27.988,36.045,0,38,26.055,26.699
2025-08-14 14:39:33.860674,26260.01,27.988,36.206,0,38,26.055,26.699
2025-08-14 14:39:43.857190,26270.01,27.956,35.723,0,38,26.055,26.699
2025-08-14 14:39:53.910950,26280.01,27.956,35.433,0,38,26.055,26.699
2025-08-14 14:40:03.850292,26290.01,28.085,35.852,0,38,26.055,26.699
2025-08-14 14:40:13.846398,26300.01,28.117,36.206,0,38,26.055,26.699
2025-08-14 14:40:23.855864,26310.01,28.085,35.723,0,38,26.055,26.699
2025-08-14 14:40:33.839568,26320.01,28.117,35.948,0,38,26.055,26.699
2025-08-14 14:40:43.848889,26330.01,28.117,35.884,0,38,26.055,26.699
2025-08-14 14:40:53.857884,26340.01,27.988,35.755,0,38,26.055,26.699
2025-08-14 14:41:03.854316,26350.01,28.085,35.884,0,38,26.055,26.57
2025-08-14 14:41:13.850793,26360.0,28.182,35.884,0,38,26.055,26.699
2025-08-14 14:41:23.860184,26370.01,28.053,35.723,0,38,26.055,26.699
2025-08-14 14:41:33.914174,26380.01,27.924,35.626,0,0,26.055,26.699
2025-08-14 14:41:43.853334,26390.01,27.795,35.4,0,0,26.055,26.699
2025-08-14 14:41:53.849254,26400.01,27.666,35.368,0,0,26.055,26.699
2025-08-14 14:42:03.845775,26410.01,27.698,34.756,0,0,26.055,26.699
2025-08-14 14:42:13.854591,26420.01,27.666,34.434,0,0,26.055,26.699
2025-08-14 14:42:23.851376,26430.01,27.666,33.789,0,0,26.055,26.699
2025-08-14 14:42:33.861256,26440.01,27.666,33.145,0,0,26.119,26.699
2025-08-14 14:42:43.857331,26450.01,27.569,32.693,0,0,26.184,26.699
2025-08-14 14:42:53.854170,26460.0,27.344,32.178,0,0,26.313,26.764
2025-08-14 14:43:03.915753,26470.01,27.344,31.662,0,0,26.151,26.699
2025-08-14 14:43:13.847899,26480.01,27.247,31.211,0,0,26.184,26.699
2025-08-14 14:43:23.844076,26490.01,27.021,30.889,0,0,26.151,26.699
2025-08-14 14:43:33.853955,26500.01,27.021,30.244,0,0,26.151,26.731
2025-08-14 14:43:43.850586,26510.01,26.989,29.922,0,0,26.055,26.699
2025-08-14 14:43:53.859898,26520.01,26.699,29.6,0,0,26.119,26.699
2025-08-14 14:44:03.856178,26530.01,26.699,29.277,0,0,26.151,26.764
2025-08-14 14:44:13.853091,26540.01,26.57,28.955,0,0,26.119,26.699
2025-08-14 14:44:23.862650,26550.01,26.377,28.633,0,0,26.119,26.699
2025-08-14 14:44:33.859385,26560.01,26.377,28.375,0,0,26.119,26.796
2025-08-14 14:44:43.855818,26570.01,26.377,28.311,0,0,26.184,26.699
2025-08-14 14:44:53.852278,26580.0,26.345,27.988,0,0,26.087,26.699
2025-08-14 14:45:03.861175,26590.01,26.055,27.763,0,0,26.119,26.731
2025-08-14 14:45:13.845349,26600.0,26.055,27.666,0,0,26.184,26.699
2025-08-14 14:45:23.854558,26610.01,26.055,27.344,0,0,26.151,26.764
2025-08-14 14:45:33.850817,26620.01,25.99,27.344,0,0,26.184,26.731
2025-08-14 14:45:43.847917,26630.01,25.797,27.086,0,0,26.087,26.731
2025-08-14 14:45:53.844387,26640.01,25.732,27.021,0,0,26.055,26.699
2025-08-14 14:46:03.840659,26650.0,25.732,26.796,0,0,26.055,26.764
2025-08-14 14:46:13.850152,26660.01,25.668,26.699,0,0,26.055,26.828
2025-08-14 14:46:23.904271,26670.01,25.475,26.699,0,0,26.087,26.764
2025-08-14 14:46:33.856105,26680.0,25.41,26.377,0,0,26.055,26.699
2025-08-14 14:46:43.853080,26690.01,25.152,26.377,0,0,26.055,26.828
2025-08-14 14:46:53.849450,26700.01,25.41,26.345,0,0,26.055,26.86
2025-08-14 14:47:03.846074,26710.0,25.41,26.151,0,0,26.055,26.764
2025-08-14 14:47:13.855889,26720.01,25.41,26.055,0,0,26.087,26.731
2025-08-14 14:47:23.852407,26730.01,25.41,26.055,0,0,26.151,26.796
2025-08-14 14:47:33.848599,26740.0,25.346,26.055,0,0,26.087,26.925
2025-08-14 14:47:43.858427,26750.01,25.313,25.99,0,0,26.313,26.86
2025-08-14 14:47:53.841749,26760.0,25.185,25.797,0,0,26.151,26.86
2025-08-14 14:48:03.851797,26770.01,25.185,25.732,0,0,26.184,26.957
2025-08-14 14:48:13.848536,26780.01,25.12,25.732,0,0,26.313,26.925
2025-08-14 14:48:23.845463,26790.0,25.088,25.732,0,0,26.248,26.86
2025-08-14 14:48:33.855148,26800.01,25.12,25.732,0,0,26.087,26.828
2025-08-14 14:48:43.851782,26810.01,25.088,25.636,0,0,26.055,26.796
2025-08-14 14:48:53.848362,26820.01,25.088,25.7,0,0,26.119,26.893
2025-08-14 14:49:03.844957,26830.01,25.088,25.7,0,0,26.087,26.764
2025-08-14 14:49:13.854141,26840.01,25.088,25.539,0,0,26.184,26.893
2025-08-14 14:49:23.921237,26850.01,25.185,25.571,38,0,26.055,26.699
2025-08-14 14:49:33.847677,26860.01,25.217,25.604,38,0,26.055,26.731
2025-08-14 14:49:43.857566,26870.01,25.604,25.636,38,0,26.055,26.796
2025-08-14 14:49:53.853663,26880.01,26.248,25.7,38,0,26.087,26.828
2025-08-14 14:50:03.850595,26890.01,26.893,25.861,38,0,26.055,26.796
2025-08-14 14:50:13.847140,26900.01,27.795,25.861,38,0,26.055,26.731
2025-08-14 14:50:23.856916,26910.0,28.826,26.184,38,0,26.055,26.699
2025-08-14 14:50:33.853124,26920.01,29.664,26.184,38,0,26.087,26.699
2025-08-14 14:50:43.849773,26930.0,30.47,26.57,38,0,26.055,26.731
2025-08-14 14:50:53.846503,26940.01,31.308,26.86,38,0,26.055,26.796
2025-08-14 14:51:03.855840,26950.01,32.017,26.893,38,0,26.055,26.731
2025-08-14 14:51:13.852725,26960.01,32.726,27.183,38,0,26.119,26.731
2025-08-14 14:51:23.849359,26970.01,33.273,27.44,38,0,26.087,26.796
2025-08-14 14:51:33.846263,26980.01,34.079,27.827,38,0,26.055,26.699
2025-08-14 14:51:43.855989,26990.01,34.563,27.892,38,0,26.055,26.764
2025-08-14 14:51:53.917843,27000.01,35.304,28.375,38,29,26.055,26.828
2025-08-14 14:52:03.861789,27010.01,35.658,28.762,38,29,26.087,26.828
2025-08-14 14:52:13.845292,27020.0,36.174,29.052,38,29,26.055,26.731
2025-08-14 14:52:23.854465,27030.01,36.367,29.567,38,29,26.119,26.86
2025-08-14 14:52:33.850789,27040.01,36.979,30.47,38,29,26.055,26.86
2025-08-14 14:52:43.860363,27050.01,37.302,30.663,38,29,26.055,26.731
2025-08-14 14:52:53.844365,27060.0,37.495,31.34,38,29,26.087,26.764
2025-08-14 14:53:03.853847,27070.01,37.882,31.727,38,29,26.151,26.764
2025-08-14 14:53:13.850745,27080.01,38.172,32.436,38,29,26.055,26.764
2025-08-14 14:53:23.860740,27090.01,38.43,32.854,38,29,26.055,26.731
2025-08-14 14:53:33.844309,27100.0,38.881,33.725,38,29,26.055,26.86
2025-08-14 14:53:43.853780,27110.01,39.042,33.918,38,29,26.087,26.925
2025-08-14 14:53:53.863471,27120.01,39.074,34.401,38,29,26.216,26.796
2025-08-14 14:54:03.846735,27130.01,39.429,34.82,38,29,26.151,26.957
2025-08-14 14:54:13.909644,27140.01,39.396,34.756,0,29,26.119,26.86
2025-08-14 14:54:23.853790,27150.01,39.59,35.078,0,29,26.119,26.989
2025-08-14 14:54:33.862770,27160.01,39.364,35.723,0,29,26.119,26.893
2025-08-14 14:54:43.846619,27170.01,38.945,36.045,0,29,26.184,26.957
2025-08-14 14:54:53.923191,27180.01,38.365,35.723,0,33,26.216,26.925
2025-08-14 14:55:03.853369,27190.01,37.656,36.013,0,33,26.119,26.989
2025-08-14 14:55:13.849682,27200.0,36.915,36.077,0,33,26.345,26.957
2025-08-14 14:55:23.846242,27210.0,36.206,36.367,0,33,26.28,26.957
2025-08-14 14:55:33.856125,27220.01,35.529,36.335,0,33,26.28,26.764
2025-08-14 14:55:43.865638,27230.01,34.434,36.174,0,33,26.377,26.989
2025-08-14 14:55:53.849568,27240.01,33.95,35.948,0,33,26.313,26.925
2025-08-14 14:56:03.846150,27250.0,33.499,35.98,0,33,26.377,26.989
2025-08-14 14:56:13.842471,27260.0,32.951,35.626,0,33,26.377,27.021
2025-08-14 14:56:23.839498,27270.0,32.436,36.013,0,33,26.377,27.021
2025-08-14 14:56:33.848652,27280.01,31.92,35.723,0,33,26.377,26.989
2025-08-14 14:56:43.845549,27290.01,31.533,35.658,0,33,26.377,27.021
2025-08-14 14:56:53.854412,27300.0,31.05,35.207,0,33,26.377,27.021
2025-08-14 14:57:03.851007,27310.01,30.728,35.4,0,33,26.377,27.021
2025-08-14 14:57:13.847217,27320.0,30.405,35.4,0,33,26.377,27.021
2025-08-14 14:57:23.843522,27330.0,30.051,35.368,0,33,26.377,27.021
2025-08-14 14:57:33.853263,27340.01,30.019,35.078,0,33,26.377,26.989
2025-08-14 14:57:43.855435,27350.01,29.664,35.078,0,33,26.377,26.989
2025-08-14 14:57:53.846960,27360.01,29.277,35.175,0,33,26.345,27.021
2025-08-14 14:58:03.843202,27370.0,29.148,34.756,0,33,26.377,27.021
2025-08-14 14:58:13.852432,27380.0,29.02,34.756,0,33,26.377,27.021
2025-08-14 14:58:23.848927,27390.01,28.858,34.756,0,33,26.345,27.021
2025-08-14 14:58:33.858377,27400.01,28.633,35.014,0,33,26.377,27.021
2025-08-14 14:58:43.855336,27410.01,28.601,34.756,0,33,26.377,27.021
2025-08-14 14:58:53.851591,27420.01,28.343,34.756,0,33,26.345,27.021
2025-08-14 14:59:03.848374,27430.0,28.311,34.434,0,33,26.345,27.021
2025-08-14 14:59:13.844691,27440.01,28.182,34.176,0,33,26.377,27.021
2025-08-14 14:59:23.852976,27450.01,27.988,34.24,0,33,26.377,27.021
2025-08-14 14:59:33.850142,27460.01,27.988,34.434,0,33,26.377,27.021
2025-08-14 14:59:43.846263,27470.01,27.859,32.242,0,33,26.216,27.021
2025-08-14 14:59:53.842600,27480.01,27.859,34.369,0,33,26.377,27.021
2025-08-14 15:00:03.851551,27490.01,27.859,34.305,0,33,26.377,27.021
2025-08-14 15:00:13.848378,27500.01,27.827,34.144,0,33,26.377,27.021
2025-08-14 15:00:23.837831,27510.01,27.73,34.208,0,33,26.345,27.021
2025-08-14 15:00:33.853643,27520.0,27.795,34.24,0,33,26.377,27.021
2025-08-14 15:00:43.846894,27530.0,27.795,34.047,0,33,26.377,27.021
2025-08-14 15:00:53.841756,27540.0,27.763,34.208,0,33,26.377,27.021
2025-08-14 15:01:03.850010,27550.01,27.698,34.24,0,33,26.377,27.021
2025-08-14 15:01:13.914220,27560.01,27.827,34.24,85,33,26.377,27.021
2025-08-14 15:01:23.855048,27570.0,28.117,34.53,85,33,26.377,27.021
2025-08-14 15:01:33.851382,27580.0,29.084,34.53,85,33,26.377,27.021
2025-08-14 15:01:43.860087,27590.01,30.502,34.272,85,33,26.377,27.021
2025-08-14 15:01:53.856456,27600.0,31.984,34.691,85,33,26.377,27.021
2025-08-14 15:02:03.852586,27610.01,34.047,35.078,85,33,26.377,27.021
2025-08-14 15:02:13.848955,27620.01,35.916,35.4,85,33,26.377,27.021
2025-08-14 15:02:23.845462,27630.01,38.043,35.819,85,33,26.377,27.021
2025-08-14 15:02:33.854381,27640.01,40.041,36.174,85,33,26.377,27.021
2025-08-14 15:02:43.938244,27650.01,41.975,37.302,85,81,26.377,27.021
2025-08-14 15:02:53.860363,27660.01,43.747,37.85,85,81,26.313,27.021
2025-08-14 15:03:03.843580,27670.01,45.391,38.913,85,81,26.377,27.021
2025-08-14 15:03:13.853163,27680.01,47.324,40.267,85,81,26.377,27.021
2025-08-14 15:03:23.849549,27690.01,48.291,40.557,85,81,26.377,27.021
2025-08-14 15:03:33.858739,27700.01,49.999,41.781,85,81,26.377,27.021
2025-08-14 15:03:43.855066,27710.01,51.256,42.78,85,81,26.377,27.021
2025-08-14 15:03:53.851250,27720.01,52.609,44.778,85,81,26.377,27.021
2025-08-14 15:04:03.835559,27730.0,53.866,45.584,85,81,26.377,27.021
2025-08-14 15:04:13.844176,27740.01,54.93,46.357,85,81,26.377,27.021
2025-08-14 15:04:23.840483,27750.0,56.058,47.711,85,81,26.345,27.021
2025-08-14 15:04:33.837270,27760.01,56.928,49.419,85,81,26.345,27.021
2025-08-14 15:04:43.846012,27770.01,58.12,50.031,85,81,26.377,27.021
2025-08-14 15:04:53.855460,27780.01,58.861,50.74,85,81,26.313,27.021
2025-08-14 15:05:03.851811,27790.01,59.796,52.416,85,81,26.28,26.989
2025-08-14 15:05:13.848531,27800.01,60.602,53.512,85,81,26.28,26.989
2025-08-14 15:05:23.904611,27810.01,60.892,53.673,85,0,26.345,27.021
2025-08-14 15:05:33.841743,27820.0,61.536,53.995,85,0,26.28,27.021
2025-08-14 15:05:43.850637,27830.01,62.02,54.317,85,0,26.345,27.021
2025-08-14 15:05:53.847368,27840.01,62.6,53.834,85,0,26.345,27.021
2025-08-14 15:06:03.844004,27850.01,62.89,53.351,85,0,26.377,27.021
2025-08-14 15:06:13.840747,27860.01,62.922,52.609,85,0,26.377,27.021
2025-08-14 15:06:23.849998,27870.01,63.147,52.319,85,0,26.377,27.021
2025-08-14 15:06:33.846626,27880.01,63.147,51.61,85,0,26.377,27.021
2025-08-14 15:06:43.842608,27890.01,63.502,51.095,85,0,26.377,27.021
2025-08-14 15:06:53.852010,27900.01,63.76,50.74,85,0,26.377,27.021
2025-08-14 15:07:03.848495,27910.01,63.889,49.902,85,0,26.345,27.021
2025-08-14 15:07:13.845300,27920.01,63.824,49.419,85,0,26.377,27.021
2025-08-14 15:07:23.841780,27930.0,63.438,48.807,85,0,26.377,27.021
2025-08-14 15:07:33.850948,27940.01,63.566,48.42,85,0,26.377,26.989
2025-08-14 15:07:43.847187,27950.0,64.018,47.969,85,0,26.377,27.021
2025-08-14 15:07:53.856388,27960.01,64.082,47.775,85,0,26.377,27.021
2025-08-14 15:08:03.840464,27970.0,64.05,47.485,85,0,26.377,27.021
2025-08-14 15:08:13.836927,27980.0,64.211,47.002,85,0,26.377,27.021
2025-08-14 15:08:23.845846,27990.0,64.082,47.066,85,0,26.377,27.021
2025-08-14 15:08:33.855563,28000.01,64.146,46.873,85,0,26.377,27.021
2025-08-14 15:08:43.851724,28010.01,64.565,46.647,85,0,26.377,27.021
2025-08-14 15:08:53.835267,28020.0,64.92,46.809,85,0,26.377,27.021
2025-08-14 15:09:03.844320,28030.01,65.242,46.293,85,0,26.377,27.021
2025-08-14 15:09:13.853509,28040.01,64.92,45.81,85,0,26.377,27.021
2025-08-14 15:09:23.849579,28050.01,65.371,46.1,85,0,26.377,27.021
2025-08-14 15:09:33.833556,28060.0,65.468,45.842,85,0,26.377,27.021
2025-08-14 15:09:43.842793,28070.0,64.533,44.746,85,0,26.377,27.021
2025-08-14 15:09:53.839756,28080.0,64.823,44.811,85,0,26.377,27.021
2025-08-14 15:10:03.848876,28090.01,65.532,44.875,85,0,26.409,27.021
2025-08-14 15:10:13.845563,28100.01,66.048,44.972,85,0,26.377,27.021
2025-08-14 15:10:23.841630,28110.0,66.338,45.262,85,0,26.377,27.021
2025-08-14 15:10:33.838809,28120.0,67.015,45.487,85,0,26.377,27.021
2025-08-14 15:10:43.908821,28130.01,66.854,45.068,0,0,26.377,27.021
2025-08-14 15:10:53.844064,28140.01,66.982,45.197,0,0,26.377,27.021
2025-08-14 15:11:03.840146,28150.0,65.854,45.068,0,0,26.377,27.021
2025-08-14 15:11:13.849069,28160.01,64.662,44.972,0,0,26.377,27.021
2025-08-14 15:11:23.845372,28170.0,63.309,44.746,0,0,26.377,27.021
2025-08-14 15:11:33.842057,28180.01,61.246,44.456,0,0,26.377,27.021
2025-08-14 15:11:43.851572,28190.0,58.861,43.779,0,0,26.377,27.021
2025-08-14 15:11:53.848284,28200.01,56.67,43.167,0,0,26.377,27.021
2025-08-14 15:12:03.844759,28210.01,54.253,42.813,0,0,26.377,27.021
2025-08-14 15:12:13.854046,28220.01,52.158,42.49,0,0,26.377,27.021
2025-08-14 15:12:23.850305,28230.01,50.225,41.813,0,0,26.313,27.021
2025-08-14 15:12:33.846744,28240.01,47.969,40.557,0,0,26.345,27.021
2025-08-14 15:12:43.855853,28250.01,46.357,40.234,0,0,26.345,27.021
2025-08-14 15:12:53.852376,28260.01,44.424,39.268,0,0,26.28,27.021
2025-08-14 15:13:03.849036,28270.01,42.813,38.623,0,0,26.313,27.021
2025-08-14 15:13:13.845441,28280.0,41.201,37.656,0,0,26.377,27.021
2025-08-14 15:13:24.022198,28290.01,40.073,37.108,70,13,26.313,27.021
2025-08-14 15:13:33.850852,28300.01,38.881,36.625,70,13,26.28,27.021
2025-08-14 15:13:43.847138,28310.0,38.72,36.238,70,13,26.377,27.021
2025-08-14 15:13:53.856475,28320.01,38.913,35.658,70,13,26.377,27.021
2025-08-14 15:14:03.852548,28330.01,39.139,35.433,70,13,26.345,27.021
2025-08-14 15:14:13.848999,28340.01,39.783,35.368,70,13,26.345,26.989
2025-08-14 15:14:23.846511,28350.01,40.557,35.046,70,13,26.345,27.021
2025-08-14 15:14:33.842074,28360.01,41.395,34.756,70,13,26.345,27.021
2025-08-14 15:14:43.851444,28370.01,42.394,35.014,70,13,26.377,27.021
2025-08-14 15:14:53.860646,28380.01,43.393,35.271,70,13,26.345,27.021
2025-08-14 15:15:03.844818,28390.01,44.553,35.465,70,13,26.345,27.021
2025-08-14 15:15:13.853604,28400.0,45.584,35.787,70,13,26.345,27.021
2025-08-14 15:15:23.849861,28410.01,46.293,36.271,70,13,26.345,27.021
2025-08-14 15:15:33.848274,28420.01,47.066,36.367,70,13,26.377,27.021
2025-08-14 15:15:43.855653,28430.01,47.872,36.593,70,13,26.377,27.021
2025-08-14 15:15:53.852264,28440.01,48.452,36.851,70,13,26.377,27.021
2025-08-14 15:16:03.848760,28450.01,48.839,36.786,70,13,26.345,27.021
2025-08-14 15:16:13.845285,28460.0,49.258,36.947,70,13,26.377,27.021
2025-08-14 15:16:23.841525,28470.01,49.838,37.334,70,13,26.28,27.021
2025-08-14 15:16:33.851338,28480.01,50.321,37.753,70,13,26.345,27.021
2025-08-14 15:16:43.847351,28490.01,50.805,38.043,70,13,26.377,27.021
2025-08-14 15:16:53.845735,28500.01,50.869,38.172,70,13,26.345,27.021
2025-08-14 15:17:03.853101,28510.01,50.934,37.979,70,13,26.345,26.989
2025-08-14 15:17:13.849374,28520.0,50.966,37.753,70,13,26.377,27.021
2025-08-14 15:17:23.845652,28530.0,51.514,38.462,70,13,26.377,27.021
2025-08-14 15:17:33.854679,28540.01,51.771,38.43,70,13,26.313,27.021
2025-08-14 15:17:43.851054,28550.0,52.19,38.752,70,13,26.345,27.021
2025-08-14 15:17:53.847843,28560.01,52.642,38.688,70,13,26.313,27.021
2025-08-14 15:18:03.856954,28570.01,52.738,39.074,70,13,26.313,27.021
2025-08-14 15:18:13.840544,28580.0,53.093,39.525,70,13,26.28,27.021
2025-08-14 15:18:23.850095,28590.01,53.125,39.268,70,13,26.377,27.021
2025-08-14 15:18:33.846665,28600.01,53.415,39.719,70,13,26.28,27.021
2025-08-14 15:18:43.843241,28610.0,53.125,39.429,70,13,26.345,26.989
2025-08-14 15:18:53.839443,28620.0,53.189,39.429,70,13,26.377,27.021
2025-08-14 15:19:03.848460,28630.01,53.834,40.105,70,13,26.377,27.021
2025-08-14 15:19:13.858003,28640.01,53.834,40.073,70,13,26.345,27.021
2025-08-14 15:19:23.843243,28650.01,54.124,39.848,70,13,26.377,27.021
2025-08-14 15:19:33.837446,28660.0,54.221,40.105,70,13,26.345,27.021
2025-08-14 15:19:43.912527,28670.01,53.705,39.493,9,13,26.377,27.021
2025-08-14 15:19:53.859509,28680.02,53.544,39.3,9,13,26.345,27.021
2025-08-14 15:20:03.849293,28690.01,53.286,39.719,9,13,26.345,27.021
2025-08-14 15:20:13.849120,28700.01,52.932,40.267,9,13,26.377,27.021
2025-08-14 15:20:23.847109,28710.01,51.546,40.009,9,13,26.377,27.021
2025-08-14 15:20:33.857068,28720.01,50.579,40.138,9,13,26.377,27.021
2025-08-14 15:20:43.854053,28730.01,49.645,40.138,9,13,26.377,27.021
2025-08-14 15:20:53.863592,28740.01,48.678,40.299,9,13,26.377,27.021
2025-08-14 15:21:03.847281,28750.01,47.711,40.009,9,13,26.248,27.021
2025-08-14 15:21:13.843653,28760.01,46.809,40.105,9,13,26.377,27.021
2025-08-14 15:21:23.853544,28770.01,45.842,40.041,9,13,26.377,27.021
2025-08-14 15:21:33.849532,28780.01,45.165,39.815,9,13,26.313,27.021
2025-08-14 15:21:43.858661,28790.01,44.198,39.493,9,13,26.377,27.021
2025-08-14 15:21:53.841790,28800.01,43.328,39.332,9,13,26.377,27.021
2025-08-14 15:22:03.851305,28810.01,42.78,38.945,9,13,26.345,27.021
2025-08-14 15:22:13.847858,28820.0,41.942,38.72,9,13,26.377,27.021
2025-08-14 15:22:23.844665,28830.01,40.943,38.397,9,13,26.345,27.021
2025-08-14 15:22:33.908895,28840.01,40.234,38.526,9,8,26.248,27.021
2025-08-14 15:22:43.851264,28850.0,39.558,38.011,9,8,26.377,26.86
2025-08-14 15:22:53.847464,28860.01,38.752,37.302,9,8,26.377,26.989
2025-08-14 15:23:03.843803,28870.01,37.656,36.593,9,8,26.377,26.989
2025-08-14 15:23:13.853051,28880.01,36.851,35.497,9,8,26.377,27.021
2025-08-14 15:23:23.850173,28890.01,36.077,35.046,9,8,26.377,26.989
2025-08-14 15:23:33.846819,28900.01,35.465,34.111,9,8,26.377,26.989
2025-08-14 15:23:43.856490,28910.01,34.82,33.692,9,8,26.377,26.989
2025-08-14 15:23:53.853372,28920.01,34.176,33.048,9,8,26.377,26.989
2025-08-14 15:24:03.849973,28930.01,33.596,32.5,9,8,26.377,26.989
2025-08-14 15:24:13.858929,28940.01,33.306,32.146,9,8,26.377,26.957
2025-08-14 15:24:23.844066,28950.01,32.822,31.501,9,8,26.474,26.957
2025-08-14 15:24:33.838901,28960.01,32.564,31.501,9,8,26.409,27.021
2025-08-14 15:24:43.848178,28970.01,32.242,31.146,9,8,26.474,27.021
2025-08-14 15:24:53.844965,28980.01,31.92,30.953,9,8,26.441,27.021
2025-08-14 15:25:03.854749,28990.01,31.533,30.566,9,8,26.441,26.989
2025-08-14 15:25:13.851326,29000.01,31.565,30.566,9,8,26.474,26.989
2025-08-14 15:25:23.847900,29010.01,31.275,30.309,9,8,26.377,26.989
2025-08-14 15:25:33.857823,29020.01,30.856,29.89,9,8,26.377,26.925
2025-08-14 15:25:43.841175,29030.0,30.631,29.664,9,8,26.377,26.989
2025-08-14 15:25:53.850714,29040.01,30.502,29.471,9,8,26.377,26.957
2025-08-14 15:26:03.860020,29050.01,30.309,29.374,9,8,26.377,27.021
2025-08-14 15:26:13.843930,29060.01,30.019,29.052,9,8,26.441,26.989
2025-08-14 15:26:23.917212,29070.01,29.986,29.02,13,8,26.474,26.957
2025-08-14 15:26:33.850384,29080.0,29.857,28.729,13,8,26.409,26.957
2025-08-14 15:26:43.847171,29090.01,29.729,28.697,13,8,26.377,26.957
2025-08-14 15:26:53.857162,29100.01,29.729,28.439,13,8,26.409,27.021
2025-08-14 15:27:03.842121,29110.0,29.729,28.375,13,8,26.57,27.021
2025-08-14 15:27:13.850830,29120.01,29.664,28.311,13,8,26.538,27.021
2025-08-14 15:27:23.847950,29130.01,29.729,28.375,13,8,26.506,26.989
2025-08-14 15:27:33.845073,29140.01,29.729,28.246,13,8,26.474,26.989
2025-08-14 15:27:43.854897,29150.01,29.729,28.053,13,8,26.441,26.893
2025-08-14 15:27:53.852521,29160.0,29.664,28.149,13,8,26.506,26.925
2025-08-14 15:28:03.848097,29170.01,29.664,28.053,13,8,26.441,27.021
2025-08-14 15:28:13.845087,29180.0,29.664,28.053,13,8,26.474,27.021
2025-08-14 15:28:23.854412,29190.0,29.664,28.053,13,8,26.538,26.957
2025-08-14 15:28:33.854413,29200.01,29.6,28.053,13,8,26.474,26.957
2025-08-14 15:28:43.926930,29210.01,29.986,28.311,13,80,26.538,26.86
2025-08-14 15:28:53.857964,29220.01,30.019,28.729,13,80,26.506,26.957
2025-08-14 15:29:03.854737,29230.01,29.793,29.181,13,80,26.474,26.957
2025-08-14 15:29:13.851411,29240.01,30.019,29.535,13,80,26.538,26.957
2025-08-14 15:29:23.847978,29250.01,30.115,30.309,13,80,26.538,26.86
2025-08-14 15:29:33.844781,29260.01,30.019,31.211,13,80,26.409,26.796
2025-08-14 15:29:43.855034,29270.01,30.18,31.404,13,80,26.441,26.731
2025-08-14 15:29:53.851068,29280.01,30.438,32.307,13,80,26.377,26.796
2025-08-14 15:30:03.861344,29290.01,30.985,34.466,13,80,26.377,26.796
2025-08-14 15:30:13.857318,29300.01,31.275,35.787,13,80,26.377,26.893
2025-08-14 15:30:23.840688,29310.0,31.63,37.012,13,80,26.377,26.957
2025-08-14 15:30:33.850825,29320.01,31.952,37.979,13,80,26.377,26.86
2025-08-14 15:30:43.847723,29330.0,32.017,38.397,13,80,26.377,26.925
2025-08-14 15:30:53.856519,29340.01,32.564,39.815,13,80,26.377,26.989
2025-08-14 15:31:03.852667,29350.01,32.661,40.557,13,80,26.377,27.021
2025-08-14 15:31:13.922566,29360.01,32.822,40.847,13,79,26.377,26.989
2025-08-14 15:31:23.858558,29370.01,32.919,41.652,13,79,26.377,27.021
2025-08-14 15:31:33.855182,29380.01,33.016,41.749,13,79,26.377,26.989
2025-08-14 15:31:43.851797,29390.0,33.209,42.361,13,79,26.377,27.021
2025-08-14 15:31:53.847989,29400.0,33.499,42.941,13,79,26.377,27.021
2025-08-14 15:32:03.845341,29410.0,33.338,43.683,13,79,26.377,26.989
2025-08-14 15:32:13.854163,29420.01,33.467,43.393,13,79,26.377,27.021
2025-08-14 15:32:23.838483,29430.0,33.563,43.07,13,79,26.377,26.989
2025-08-14 15:32:33.847656,29440.01,33.467,42.716,13,79,26.377,27.021
2025-08-14 15:32:43.844030,29450.01,33.531,42.555,13,79,26.377,27.021
2025-08-14 15:32:53.853310,29460.01,33.692,42.555,13,79,26.377,27.021
2025-08-14 15:33:03.862716,29470.01,33.854,42.877,13,79,26.377,27.021
2025-08-14 15:33:13.846599,29480.0,33.725,43.231,13,79,26.377,27.021
2025-08-14 15:33:23.856027,29490.01,33.789,43.167,13,79,26.377,27.021
2025-08-14 15:33:33.839115,29500.01,33.628,43.231,13,79,26.377,27.021
2025-08-14 15:33:43.849065,29510.01,33.854,43.36,13,79,26.377,27.021
2025-08-14 15:33:53.909413,29520.01,34.305,44.392,0,79,26.377,27.021
2025-08-14 15:34:03.854353,29530.01,34.305,44.037,0,79,26.377,27.021
2025-08-14 15:34:13.850900,29540.01,34.111,43.36,0,79,26.377,27.021
2025-08-14 15:34:23.847554,29550.01,33.918,44.263,0,79,26.377,27.021
2025-08-14 15:34:33.857078,29560.01,32.822,43.715,0,79,26.377,27.021
2025-08-14 15:34:43.853788,29570.01,33.435,43.618,0,79,26.377,27.021
2025-08-14 15:34:53.837406,29580.01,33.145,43.973,0,79,26.377,27.021
2025-08-14 15:35:03.847386,29590.01,33.08,44.23,0,79,26.377,27.021
2025-08-14 15:35:13.856235,29600.01,32.854,43.586,0,79,26.377,27.021
2025-08-14 15:35:23.839636,29610.01,32.564,43.65,0,79,26.377,27.021
2025-08-14 15:35:33.861855,29620.01,32.371,43.94,0,79,26.377,27.021
2025-08-14 15:35:43.845171,29630.01,31.984,43.135,0,79,26.377,27.021
2025-08-14 15:35:53.842107,29640.01,31.855,43.296,0,79,26.377,27.021
2025-08-14 15:36:03.851439,29650.01,31.598,42.845,0,79,26.377,27.021
2025-08-14 15:36:13.903644,29660.01,31.501,42.168,0,0,26.409,27.021
2025-08-14 15:36:23.857097,29670.01,31.211,39.687,0,0,26.377,27.021
2025-08-14 15:36:33.853853,29680.01,31.146,41.523,0,0,26.377,27.021
2025-08-14 15:36:43.850683,29690.01,30.889,40.589,0,0,26.377,27.021
2025-08-14 15:36:53.846530,29700.01,30.566,39.719,0,0,26.377,27.021
2025-08-14 15:37:03.843530,29710.0,30.566,38.945,0,0,26.377,27.021
2025-08-14 15:37:13.852043,29720.01,30.244,37.979,0,0,26.377,27.021
2025-08-14 15:37:23.848730,29730.0,29.922,36.689,0,0,26.377,27.021
2025-08-14 15:37:33.858436,29740.01,29.6,35.723,0,0,26.377,27.021
2025-08-14 15:37:43.854432,29750.01,29.471,35.014,0,0,26.377,27.021
2025-08-14 15:37:53.850740,29760.01,29.277,34.24,0,0,26.377,27.021
2025-08-14 15:38:03.847934,29770.01,28.955,33.467,0,0,26.377,27.021
2025-08-14 15:38:13.843770,29780.0,28.633,32.758,0,0,26.377,27.021
2025-08-14 15:38:23.840505,29790.0,28.568,32.049,0,0,26.377,27.021
2025-08-14 15:38:33.849401,29800.01,28.311,31.533,0,0,26.377,27.021
2025-08-14 15:38:43.841244,29810.0,28.021,30.889,0,0,26.377,27.021
2025-08-14 15:38:53.836790,29819.99,27.956,30.566,0,0,26.377,27.021
2025-08-14 15:39:03.838925,29830.0,27.666,29.954,0,0,26.377,27.021
2025-08-14 15:39:13.844225,29840.01,27.666,29.6,0,0,26.377,27.021
2025-08-14 15:39:23.838805,29850.0,27.344,29.277,0,0,26.377,27.021
2025-08-14 15:39:33.859297,29860.01,27.344,29.02,0,0,26.377,27.021
2025-08-14 15:39:43.855309,29870.01,27.118,28.923,0,0,26.377,27.021
2025-08-14 15:39:53.864242,29880.01,27.021,28.633,0,0,26.377,27.021
2025-08-14 15:40:03.860721,29890.01,26.731,28.311,0,0,26.377,27.021
2025-08-14 15:40:13.856612,29900.01,26.699,27.988,0,0,26.377,27.021
2025-08-14 15:40:23.853181,29910.01,26.699,27.859,0,0,26.377,27.021
2025-08-14 15:40:33.849213,29920.01,26.474,27.666,0,0,26.377,27.021
2025-08-14 15:40:43.858371,29930.01,26.377,27.408,0,0,26.377,27.021
2025-08-14 15:40:53.854512,29940.01,26.377,27.344,0,0,26.377,27.021
2025-08-14 15:41:03.851234,29950.01,26.119,27.021,0,0,26.377,27.021
2025-08-14 15:41:13.847288,29960.01,26.055,26.989,0,0,26.377,27.021
2025-08-14 15:41:23.844313,29970.01,26.055,26.699,0,0,26.377,27.021
2025-08-14 15:41:33.852919,29980.01,25.926,26.635,0,0,26.377,27.021
2025-08-14 15:41:43.849337,29990.01,25.797,26.474,0,0,26.377,27.021
2025-08-14 15:41:53.846339,30000.01,25.732,26.377,0,0,26.377,27.021
2025-08-14 15:42:03.842384,30010.01,25.732,26.345,0,0,26.377,27.021
2025-08-14 15:42:13.851840,30020.01,25.732,26.151,0,0,26.377,27.021
2025-08-14 15:42:23.848247,30030.01,25.7,26.087,0,0,26.377,27.021
2025-08-14 15:42:33.843706,30040.01,25.442,26.055,0,0,26.377,27.021
2025-08-14 15:42:43.840638,30050.0,25.41,26.055,0,0,26.377,27.021
2025-08-14 15:42:53.851629,30060.01,25.41,26.055,0,0,26.377,27.021
2025-08-14 15:43:03.846784,30070.01,25.41,25.99,0,0,26.377,27.021
2025-08-14 15:43:13.905475,30080.01,25.41,25.829,0,0,26.377,27.021
2025-08-14 15:43:23.851633,30090.01,25.41,25.732,0,0,26.377,27.021
2025-08-14 15:43:33.918747,30100.01,25.41,26.184,0,57,26.377,27.021
2025-08-14 15:43:43.857372,30110.01,25.668,26.216,0,57,26.377,27.021
2025-08-14 15:43:53.840622,30120.0,25.604,26.538,0,57,26.377,27.021
2025-08-14 15:44:03.850528,30130.01,25.604,27.086,0,57,26.377,27.021
2025-08-14 15:44:13.846696,30140.0,25.604,27.44,0,57,26.377,27.021
2025-08-14 15:44:23.855978,30150.01,25.604,28.149,0,57,26.377,27.021
2025-08-14 15:44:33.852438,30160.01,25.604,28.794,0,57,26.377,27.021
2025-08-14 15:44:43.848574,30170.0,25.894,29.503,0,57,26.377,27.021
2025-08-14 15:44:53.844872,30180.01,25.732,29.632,0,57,26.377,27.021
2025-08-14 15:45:03.840931,30190.0,26.022,30.373,0,57,26.377,27.021
2025-08-14 15:45:13.837454,30200.0,26.055,30.728,0,57,26.055,27.021
2025-08-14 15:45:23.847154,30210.01,26.055,31.662,0,57,26.377,27.021
2025-08-14 15:45:33.929746,30220.01,26.119,32.017,0,47,26.377,27.021
2025-08-14 15:45:43.852756,30230.01,26.345,32.307,0,47,26.377,27.021
2025-08-14 15:45:53.849033,30240.01,26.441,32.468,0,47,26.377,27.021
2025-08-14 15:46:03.845528,30250.0,26.506,32.5,0,47,26.377,27.021
2025-08-14 15:46:13.841387,30260.01,26.699,32.822,0,47,26.377,27.021
2025-08-14 15:46:23.850774,30270.01,26.57,33.177,0,47,26.377,27.021
2025-08-14 15:46:33.860629,30280.01,26.764,33.048,0,47,26.377,27.021
2025-08-14 15:46:43.857023,30290.01,26.699,33.37,0,47,26.377,27.021
2025-08-14 15:46:53.852838,30300.01,26.699,33.306,0,47,26.377,27.021
2025-08-14 15:47:03.849231,30310.01,26.796,33.467,0,47,26.377,27.021
2025-08-14 15:47:13.845226,30320.01,26.989,33.338,0,47,26.377,27.021
2025-08-14 15:47:23.841874,30330.0,27.021,33.596,0,47,26.377,27.021
2025-08-14 15:47:33.850773,30340.0,26.893,33.757,0,47,26.377,27.021
2025-08-14 15:47:43.859698,30350.01,27.15,34.272,0,47,26.377,27.021
2025-08-14 15:47:53.857146,30360.01,27.15,34.24,0,47,26.377,27.021
2025-08-14 15:48:03.853383,30370.01,27.215,34.111,0,47,26.377,27.021
2025-08-14 15:48:13.848883,30380.01,27.344,34.272,0,47,26.377,27.021
2025-08-14 15:48:23.844974,30390.0,27.473,34.015,0,47,26.377,27.021
2025-08-14 15:48:33.855056,30400.01,27.505,34.047,0,47,26.409,27.021
2025-08-14 15:48:43.850256,30410.0,27.537,34.24,0,47,26.441,27.021
2025-08-14 15:48:53.846506,30420.0,27.344,34.111,0,47,26.474,27.021
2025-08-14 15:49:03.907177,30430.0,27.892,34.53,77,47,26.474,27.021
2025-08-14 15:49:13.852159,30440.01,28.021,34.272,77,47,26.538,27.021
2025-08-14 15:49:23.847920,30450.01,28.762,34.981,77,47,26.409,27.021
2025-08-14 15:49:33.844503,30460.01,29.986,34.691,77,47,26.506,27.021
2025-08-14 15:49:43.856849,30470.01,31.275,34.756,77,47,26.603,27.021
2025-08-14 15:49:53.850132,30480.0,32.951,35.175,77,47,26.409,27.021
2025-08-14 15:50:03.846534,30490.01,34.305,35.304,77,47,26.474,27.021
2025-08-14 15:50:13.842585,30500.0,36.013,35.626,77,47,26.409,27.021
2025-08-14 15:50:23.864970,30510.01,37.527,35.433,77,47,26.409,27.021
2025-08-14 15:50:33.848269,30520.01,39.59,36.851,77,47,26.377,27.021
2025-08-14 15:50:43.922178,30530.01,40.943,36.851,77,49,26.377,27.021
2025-08-14 15:50:53.854289,30540.01,42.265,37.141,77,49,26.377,27.021
2025-08-14 15:51:03.850510,30550.01,43.296,37.85,77,49,26.377,27.021
2025-08-14 15:51:13.847152,30560.01,44.714,37.882,77,49,26.377,27.021
2025-08-14 15:51:23.856455,30570.01,46.067,38.72,77,49,26.377,27.021
2025-08-14 15:51:33.839827,30580.0,47.002,39.106,77,49,26.377,27.021
2025-08-14 15:51:43.848995,30590.01,48.065,39.912,77,49,26.377,27.021
2025-08-14 15:51:53.859599,30600.01,49.258,40.073,77,49,26.377,27.021
2025-08-14 15:52:03.855296,30610.01,49.967,40.911,77,49,26.377,27.021
2025-08-14 15:52:13.839263,30620.0,50.482,41.008,77,49,26.377,27.021
2025-08-14 15:52:23.848911,30630.0,51.256,41.233,77,49,26.377,27.021
2025-08-14 15:52:33.857247,30640.01,52.642,42.426,77,49,26.377,27.021
2025-08-14 15:52:43.854390,30650.01,53.125,42.974,77,49,26.377,27.021
2025-08-14 15:52:53.850712,30660.01,53.608,43.103,77,49,26.377,27.021
2025-08-14 15:53:03.846762,30670.01,54.156,43.586,77,49,26.377,27.021
2025-08-14 15:53:13.842825,30680.01,54.543,43.586,77,49,26.377,27.021
2025-08-14 15:53:23.839109,30690.01,54.994,44.327,77,49,26.377,27.021
2025-08-14 15:53:33.847907,30700.0,55.252,44.359,77,49,26.377,27.021
2025-08-14 15:53:43.844724,30710.01,55.606,44.456,77,49,26.377,27.021
2025-08-14 15:53:53.840644,30720.01,56.09,44.553,77,49,26.377,27.021
2025-08-14 15:54:03.849934,30730.01,55.929,44.778,77,49,26.377,27.021
2025-08-14 15:54:13.846123,30740.01,56.315,44.617,77,49,26.377,27.021
2025-08-14 15:54:23.842849,30750.01,56.154,44.972,77,49,26.377,27.021
2025-08-14 15:54:33.838922,30760.0,56.348,44.746,77,49,26.377,27.021
2025-08-14 15:54:43.849523,30770.01,56.702,44.811,77,49,26.377,27.021
2025-08-14 15:54:53.845250,30780.01,56.928,44.682,77,49,26.377,27.021
2025-08-14 15:55:03.841898,30790.01,57.218,45.068,77,49,26.377,27.021
2025-08-14 15:55:13.851278,30800.01,57.443,44.939,77,49,26.377,27.021
2025-08-14 15:55:23.847365,30810.01,58.41,46.164,77,49,25.056,26.893
2025-08-14 15:55:33.856287,30820.01,58.604,46.293,77,49,26.377,27.021
2025-08-14 15:55:43.853450,30830.01,58.958,46.809,77,49,26.377,27.021
2025-08-14 15:55:53.849441,30840.01,58.829,46.39,77,49,26.377,27.021
2025-08-14 15:56:03.845727,30850.01,59.087,46.873,77,49,26.377,27.021
2025-08-14 15:56:13.903086,30860.01,58.797,46.583,77,0,26.377,27.021
2025-08-14 15:56:23.851801,30870.01,52.48,46.776,77,0,26.377,27.021
2025-08-14 15:56:33.903657,30880.01,58.926,46.357,0,0,26.377,27.021
2025-08-14 15:56:43.857173,30890.01,59.248,46.551,0,0,26.377,27.021
2025-08-14 15:56:53.853469,30900.01,58.507,46.357,0,0,26.377,27.021
2025-08-14 15:57:03.849031,30910.01,56.992,45.391,0,0,26.377,27.021
2025-08-14 15:57:13.845262,30920.01,55.316,44.746,0,0,26.377,26.957
2025-08-14 15:57:23.840323,30930.01,53.447,44.327,0,0,26.345,27.021
2025-08-14 15:57:33.835510,30940.0,51.739,43.489,0,0,26.345,25.442
2025-08-14 15:57:43.857454,30950.01,49.902,42.941,0,0,26.377,26.989
2025-08-14 15:57:53.841594,30960.01,47.969,41.942,0,0,26.377,26.989
2025-08-14 15:58:03.849599,30970.0,46.325,40.879,0,0,26.377,27.021
2025-08-14 15:58:13.859081,30980.01,44.424,39.88,0,0,26.377,27.021
2025-08-14 15:58:23.842920,30990.0,43.07,39.235,0,0,26.377,27.021
2025-08-14 15:58:33.908467,31000.01,41.652,38.591,0,0,26.345,27.021
2025-08-14 15:58:43.851275,31010.01,40.492,37.979,0,0,26.313,26.989
2025-08-14 15:58:53.844869,31020.01,39.268,37.334,0,0,26.28,26.925
2025-08-14 15:59:03.854086,31030.01,37.979,36.367,0,0,26.184,26.925
2025-08-14 15:59:13.850600,31040.01,36.979,35.658,0,0,26.345,26.989
2025-08-14 15:59:23.847125,31050.01,36.045,35.078,0,0,26.216,26.957
2025-08-14 15:59:33.843641,31060.01,35.078,34.369,0,0,26.28,26.957
2025-08-14 15:59:43.853276,31070.01,34.111,33.757,0,0,26.216,26.989
2025-08-14 15:59:53.850046,31080.0,33.467,33.145,0,0,26.248,26.893
2025-08-14 16:00:03.846507,31090.01,32.79,32.5,0,0,26.28,27.021
2025-08-14 16:00:13.856372,31100.01,32.178,31.855,0,0,26.28,27.021
2025-08-14 16:00:23.853177,31110.0,31.243,31.211,0,0,26.377,27.021
2025-08-14 16:00:33.862295,31120.01,30.889,30.663,0,0,26.377,27.021
2025-08-14 16:00:43.859156,31130.01,30.244,30.244,0,0,26.377,26.925
2025-08-14 16:00:53.855476,31140.01,29.922,29.922,0,0,26.313,26.957
2025-08-14 16:01:03.852970,31150.01,29.6,29.632,0,0,26.377,27.021
2025-08-14 16:01:13.848927,31160.01,29.277,29.277,0,0,26.377,27.021
2025-08-14 16:01:23.858378,31170.01,28.955,28.955,0,0,26.377,27.021
2025-08-14 16:01:33.853716,31180.01,28.633,28.665,0,0,26.377,27.021
2025-08-14 16:01:43.850982,31190.01,28.311,27.859,0,0,26.377,26.989
2025-08-14 16:01:53.847237,31200.01,27.988,28.311,0,0,26.377,27.021
2025-08-14 16:02:03.856539,31210.01,27.795,27.988,0,0,26.377,27.021
2025-08-14 16:02:13.853161,31220.01,27.666,27.666,0,0,26.377,27.021
2025-08-14 16:02:23.850115,31230.01,27.344,27.473,0,0,26.377,27.021
2025-08-14 16:02:33.845199,31240.01,27.118,27.344,0,0,26.377,27.021
2025-08-14 16:02:43.841586,31250.01,27.021,27.086,0,0,26.377,27.021
2025-08-14 16:02:53.850585,31260.01,27.021,27.021,0,0,26.377,27.021
2025-08-14 16:03:03.847220,31270.01,26.699,26.989,0,0,26.377,27.021
2025-08-14 16:03:13.843436,31280.01,26.699,26.699,0,0,26.377,27.021
2025-08-14 16:03:23.852739,31290.01,26.538,26.699,0,0,26.377,27.021
2025-08-14 16:03:33.849118,31300.01,26.377,26.635,0,0,26.377,27.021
2025-08-14 16:03:43.859368,31310.01,26.377,26.377,0,0,26.377,27.021
2025-08-14 16:03:53.918055,31320.01,26.28,26.893,0,78,26.377,27.021
2025-08-14 16:04:03.851621,31330.01,26.377,26.957,0,78,26.377,27.021
2025-08-14 16:04:13.847904,31340.01,26.248,26.699,0,78,26.377,27.021
2025-08-14 16:04:23.843537,31350.01,26.313,28.149,0,78,26.377,27.021
2025-08-14 16:04:33.925698,31360.01,26.57,28.697,33,78,26.313,27.021
2025-08-14 16:04:43.849217,31370.01,26.538,29.696,33,78,26.313,26.989
2025-08-14 16:04:53.845497,31380.01,26.764,30.341,33,78,26.377,27.021
2025-08-14 16:05:03.855035,31390.01,27.634,31.888,33,78,26.28,27.021
2025-08-14 16:05:13.864747,31400.01,28.182,32.693,33,78,26.28,27.021
2025-08-14 16:05:23.847811,31410.01,29.084,33.467,33,78,26.313,26.989
2025-08-14 16:05:33.844639,31420.0,29.729,34.401,33,78,26.345,27.021
2025-08-14 16:05:43.841400,31430.01,30.663,34.949,33,78,26.377,27.021
2025-08-14 16:05:53.850864,31440.01,31.372,35.98,33,78,26.377,27.021
2025-08-14 16:06:03.859232,31450.01,31.791,35.948,33,78,26.377,27.021
2025-08-14 16:06:13.856099,31460.01,32.564,36.335,33,78,26.345,27.021
2025-08-14 16:06:23.853218,31470.01,33.209,36.689,33,78,26.377,27.021
2025-08-14 16:06:33.848524,31480.01,34.015,38.204,33,78,26.377,26.989
2025-08-14 16:06:43.857500,31490.01,34.595,38.816,33,78,26.377,27.021
2025-08-14 16:06:53.840877,31500.01,35.078,39.396,33,78,26.377,27.021
2025-08-14 16:07:03.850388,31510.01,35.755,39.88,33,78,26.377,27.021
2025-08-14 16:07:13.859851,31520.01,36.045,40.267,33,78,26.377,27.021
2025-08-14 16:07:23.856081,31530.01,36.496,40.234,33,78,26.377,26.989
2025-08-14 16:07:33.852365,31540.01,37.173,40.911,33,78,26.377,27.021
2025-08-14 16:07:43.849120,31550.01,37.366,41.652,33,78,26.377,27.021
2025-08-14 16:07:53.858440,31560.01,37.85,41.813,33,78,26.377,27.021
2025-08-14 16:08:03.855674,31570.01,38.43,42.684,33,78,26.377,27.021
2025-08-14 16:08:13.850797,31580.01,38.72,42.845,33,78,26.377,27.021
2025-08-14 16:08:23.860789,31590.01,38.623,43.167,33,78,26.377,27.021
2025-08-14 16:08:33.843072,31600.01,38.591,42.78,33,78,26.377,27.021
2025-08-14 16:08:43.852201,31610.01,38.655,42.555,33,78,26.377,27.021
2025-08-14 16:08:53.861075,31620.01,38.784,42.78,33,78,26.377,27.021
2025-08-14 16:09:03.845091,31630.0,39.203,42.941,33,78,26.377,27.021
2025-08-14 16:09:13.840956,31640.0,39.687,43.07,33,78,26.377,27.021
2025-08-14 16:09:23.863206,31650.01,40.331,44.617,33,78,26.377,27.021
2025-08-14 16:09:33.846164,31660.01,40.234,44.746,33,78,26.313,27.021
2025-08-14 16:09:43.856436,31670.01,40.524,44.778,33,78,26.377,27.021
2025-08-14 16:09:53.864317,31680.01,40.46,45.068,33,78,26.377,27.021
2025-08-14 16:10:03.847756,31690.01,41.008,45.842,33,78,26.313,27.021
2025-08-14 16:10:13.856733,31700.01,41.33,45.938,33,78,26.377,27.021
2025-08-14 16:10:23.853151,31710.01,41.233,45.552,33,78,26.377,27.021
2025-08-14 16:10:33.849804,31720.01,41.072,45.52,33,78,26.377,27.021
2025-08-14 16:10:43.846472,31730.0,41.201,44.972,33,78,26.377,27.021
2025-08-14 16:10:53.855139,31740.01,41.104,45.681,33,78,26.377,27.021
2025-08-14 16:11:03.852611,31750.01,41.556,45.229,33,78,26.377,27.021
2025-08-14 16:11:13.835801,31760.0,41.717,45.938,33,78,26.377,27.021
2025-08-14 16:11:23.845530,31770.0,41.975,47.066,33,78,26.377,27.021
2025-08-14 16:11:33.854540,31780.01,42.555,47.679,33,78,26.377,27.021
2025-08-14 16:11:43.851059,31790.01,42.909,48.839,33,78,26.377,27.021
2025-08-14 16:11:53.860257,31800.01,43.393,48.839,33,78,26.377,27.021
2025-08-14 16:12:03.904976,31810.01,43.393,48.259,0,78,26.377,26.313
2025-08-14 16:12:13.853186,31820.0,43.94,48.807,0,78,26.377,27.021
2025-08-14 16:12:23.850173,31830.0,44.102,49.902,0,78,26.377,27.021
2025-08-14 16:12:33.846107,31840.01,44.005,50.547,0,78,26.377,27.021
2025-08-14 16:12:43.854967,31850.0,43.328,50.128,0,78,26.377,27.021
2025-08-14 16:12:53.851424,31860.0,43.038,50.869,0,78,26.377,27.021
2025-08-14 16:13:03.905958,31870.01,41.91,50.289,0,0,26.377,26.989
2025-08-14 16:13:13.845172,31880.0,41.491,50.547,0,0,26.377,27.021
2025-08-14 16:13:23.840957,31890.0,40.782,50.225,0,0,26.377,27.021
2025-08-14 16:13:33.849916,31900.01,39.912,49.58,0,0,26.377,27.021
2025-08-14 16:13:43.846853,31910.0,39.268,48.613,0,0,26.377,27.021
2025-08-14 16:13:53.843641,31920.0,38.623,47.646,0,0,26.345,27.021
2025-08-14 16:14:03.851932,31930.0,37.979,46.551,0,0,26.377,27.021
2025-08-14 16:14:13.848880,31940.01,37.334,45.197,0,0,26.377,27.021
2025-08-14 16:14:23.844162,31950.01,36.625,44.102,0,0,26.119,27.021
2025-08-14 16:14:33.854103,31960.0,36.045,43.135,0,0,26.345,27.021
2025-08-14 16:14:43.850986,31970.01,35.4,42.168,0,0,26.377,26.957
2025-08-14 16:14:53.846911,31980.0,34.756,41.104,0,0,26.184,26.957
2025-08-14 16:15:03.843713,31990.01,34.111,40.105,0,0,26.345,26.989
2025-08-14 16:15:13.849060,32000.0,33.467,39.268,0,0,26.377,26.989
2025-08-14 16:15:23.836097,32010.0,33.145,38.301,0,0,26.313,27.021
2025-08-14 16:15:33.840583,32020.0,32.758,37.334,0,0,26.377,27.021
2025-08-14 16:15:43.834206,32030.0,32.242,36.689,0,0,26.377,26.989
2025-08-14 16:15:53.855546,32040.0,31.855,36.045,0,0,26.377,26.989
2025-08-14 16:16:03.850588,32050.0,31.533,35.4,0,0,26.377,26.925
2025-08-14 16:16:13.846427,32060.0,31.211,34.756,0,0,26.377,27.021
2025-08-14 16:16:23.842607,32070.0,30.889,34.176,0,0,26.377,26.957
2025-08-14 16:16:33.839066,32080.0,30.502,33.789,0,0,26.377,26.989
2025-08-14 16:16:43.848469,32090.01,30.019,33.145,0,0,26.345,26.989
2025-08-14 16:16:53.844728,32100.0,29.696,32.564,0,0,26.345,27.021
2025-08-14 16:17:03.842202,32110.01,29.503,32.178,0,0,26.377,27.021
2025-08-14 16:17:13.850482,32120.01,29.213,31.855,0,0,26.345,27.021
2025-08-14 16:17:23.846991,32130.01,28.955,31.533,0,0,26.377,27.021
2025-08-14 16:17:33.843696,32140.0,28.633,31.179,0,0,26.313,26.925
2025-08-14 16:17:43.839978,32150.01,28.407,30.792,0,0,26.28,26.893
2025-08-14 16:17:53.849411,32160.01,28.311,30.405,0,0,26.313,26.925
2025-08-14 16:18:03.846330,32170.01,27.988,29.954,0,0,26.248,27.021
2025-08-14 16:18:13.842754,32180.01,27.827,29.632,0,0,26.313,27.021
2025-08-14 16:18:23.839284,32190.01,27.666,29.406,0,0,26.313,26.989
2025-08-14 16:18:33.861516,32200.01,27.473,29.084,0,0,26.216,26.989
2025-08-14 16:18:43.857986,32210.01,27.344,28.955,0,0,26.248,27.021
2025-08-14 16:18:53.854607,32220.01,27.279,28.633,0,0,26.345,27.021
2025-08-14 16:19:03.851493,32230.01,27.021,28.472,0,0,26.216,27.021
2025-08-14 16:19:13.860804,32240.01,27.021,28.311,0,0,26.345,27.021
2025-08-14 16:19:23.857201,32250.01,26.764,27.988,0,0,26.377,27.021
2025-08-14 16:19:33.853468,32260.01,26.699,27.666,0,0,26.377,27.021
2025-08-14 16:19:43.849736,32270.0,26.699,27.666,0,0,26.345,27.021
2025-08-14 16:19:53.859179,32280.01,26.377,27.44,0,0,26.248,27.021
2025-08-14 16:20:03.855473,32290.01,26.28,27.344,0,0,26.28,27.021
2025-08-14 16:20:13.851795,32300.01,26.377,27.279,0,0,26.377,27.021
2025-08-14 16:20:23.904014,32310.01,26.345,27.118,0,0,26.377,27.021
2025-08-14 16:20:33.857108,32320.01,26.248,26.989,0,0,26.377,27.021
2025-08-14 16:20:43.853272,32330.0,26.055,26.925,0,0,26.377,27.021
2025-08-14 16:20:53.849368,32340.01,26.055,26.699,0,0,26.377,27.021
2025-08-14 16:21:03.913115,32350.01,26.055,26.699,0,0,26.345,27.021
2025-08-14 16:21:13.857701,32360.01,26.022,26.667,0,0,26.377,27.021
2025-08-14 16:21:23.851944,32370.01,25.797,26.474,0,0,26.377,27.021
2025-08-14 16:21:33.861235,32380.01,25.732,26.377,0,0,26.377,27.021
2025-08-14 16:21:43.844962,32390.0,25.732,26.377,0,0,26.377,27.021
2025-08-14 16:21:53.854144,32400.01,25.732,26.28,0,0,26.377,27.021
2025-08-14 16:22:03.852296,32410.01,25.732,26.248,0,0,26.377,27.021
2025-08-14 16:22:13.859690,32420.01,25.7,26.055,0,0,26.377,27.021
2025-08-14 16:22:23.842921,32430.0,25.7,26.055,0,0,26.377,27.021
2025-08-14 16:22:33.852085,32440.0,25.539,26.055,0,0,26.377,27.021
2025-08-14 16:22:43.847702,32450.0,25.41,26.055,0,0,26.377,27.021
2025-08-14 16:22:53.923155,32460.01,25.41,26.248,0,38,26.377,27.021
2025-08-14 16:23:03.840907,32470.0,25.378,26.022,0,38,26.377,27.021
2025-08-14 16:23:13.863142,32480.01,25.41,26.345,0,38,26.377,27.021
2025-08-14 16:23:23.846743,32490.0,25.475,26.86,0,38,26.377,27.021
2025-08-14 16:23:33.857094,32500.0,25.475,26.989,0,38,26.377,27.021
2025-08-14 16:23:43.851129,32510.01,25.539,27.602,0,38,26.377,27.021
2025-08-14 16:23:53.860575,32520.01,25.7,27.988,0,38,26.377,27.021
2025-08-14 16:24:03.844567,32530.0,25.732,28.568,0,38,26.377,27.021
2025-08-14 16:24:13.906127,32540.0,26.087,28.826,55,38,26.377,27.021
2025-08-14 16:24:23.849520,32550.0,26.119,29.148,55,38,26.377,27.021
2025-08-14 16:24:33.845694,32560.0,26.86,29.825,55,38,26.377,27.021
2025-08-14 16:24:43.842050,32570.0,27.795,30.244,55,38,26.377,27.021
2025-08-14 16:24:53.851421,32580.01,28.955,31.211,55,38,26.377,27.021
2025-08-14 16:25:03.860732,32590.01,30.244,31.082,55,38,26.377,27.021
2025-08-14 16:25:13.843814,32600.0,31.469,31.984,55,38,26.377,27.021
2025-08-14 16:25:23.839853,32610.0,32.919,32.661,55,38,26.377,27.021
2025-08-14 16:25:33.849785,32620.01,34.111,33.306,55,38,26.377,27.021
2025-08-14 16:25:43.845699,32630.01,35.336,34.208,55,38,26.377,27.021
2025-08-14 16:25:53.854763,32640.01,36.689,34.401,55,38,26.377,27.021
2025-08-14 16:26:03.851571,32650.0,37.946,35.433,55,38,26.377,27.021
2025-08-14 16:26:13.847257,32660.0,38.945,36.077,55,38,26.377,27.021
2025-08-14 16:26:23.843469,32670.0,39.912,36.689,55,38,26.377,27.021
2025-08-14 16:26:33.840552,32680.0,40.782,37.076,55,38,26.377,27.021
2025-08-14 16:26:43.905791,32690.0,41.233,37.302,0,38,26.377,27.021
2025-08-14 16:26:53.844679,32700.01,41.975,37.495,0,38,26.377,27.021
2025-08-14 16:27:03.841244,32710.0,42.136,37.785,0,38,26.377,27.021
2025-08-14 16:27:13.850566,32720.0,41.556,38.269,0,38,26.377,27.021
2025-08-14 16:27:23.846934,32730.01,41.008,38.526,0,38,26.377,27.021
2025-08-14 16:27:33.856039,32740.01,40.331,38.301,0,38,26.377,27.021
2025-08-14 16:27:43.852173,32750.01,39.396,38.301,0,38,26.377,27.021
2025-08-14 16:27:53.861916,32760.01,38.784,38.301,0,38,26.377,27.021
2025-08-14 16:28:03.845204,32770.01,37.785,38.623,0,38,26.377,27.021
2025-08-14 16:28:13.854832,32780.01,37.141,38.301,0,38,26.377,27.021
2025-08-14 16:28:23.837373,32790.0,36.464,38.462,0,38,26.377,27.021
2025-08-14 16:28:33.846517,32800.01,35.594,38.72,0,38,26.377,27.021
2025-08-14 16:28:43.842468,32810.0,34.305,38.301,0,38,26.377,27.021
2025-08-14 16:28:53.865525,32820.01,34.498,38.494,0,38,26.377,27.021
2025-08-14 16:29:03.848887,32830.01,33.789,38.333,0,38,26.345,27.021
2025-08-14 16:29:13.858563,32840.01,33.66,38.43,0,38,26.377,27.021
2025-08-14 16:29:23.841342,32850.0,30.341,38.301,0,38,26.377,27.021
2025-08-14 16:29:33.850505,32860.01,32.629,38.107,0,38,26.377,27.021
2025-08-14 16:29:43.859590,32870.01,32.274,38.14,0,38,26.377,27.021
2025-08-14 16:29:53.855775,32880.01,31.855,37.656,0,38,26.377,27.021
2025-08-14 16:30:03.839308,32890.0,31.662,37.979,0,38,26.377,27.021
2025-08-14 16:30:13.848586,32900.01,31.211,37.656,0,38,26.377,27.021
2025-08-14 16:30:23.845142,32910.0,30.76,37.495,0,38,26.377,27.021
2025-08-14 16:30:33.926000,32920.01,30.599,37.495,0,38,26.377,27.021
2025-08-14 16:30:43.852756,32930.01,30.438,37.398,0,38,26.377,27.021
2025-08-14 16:30:53.915970,32940.0,30.438,37.592,72,38,26.377,27.021
2025-08-14 16:31:03.845243,32950.0,30.341,37.237,72,38,26.377,27.021
2025-08-14 16:31:13.851936,32960.01,31.146,37.27,72,38,26.377,27.021
2025-08-14 16:31:23.848431,32970.0,32.178,37.302,72,38,26.377,27.021
2025-08-14 16:31:33.844841,32980.0,33.402,37.334,72,38,26.377,27.021
2025-08-14 16:31:43.841235,32990.0,35.175,37.527,72,38,26.474,27.021
2025-08-14 16:31:53.926133,33000.01,36.399,37.753,11,38,26.409,27.021
2025-08-14 16:32:03.846665,33010.0,37.817,37.979,11,38,26.377,27.021
2025-08-14 16:32:13.843066,33020.0,38.752,38.043,11,38,26.377,27.021
2025-08-14 16:32:23.839514,33030.0,39.042,38.301,11,38,26.377,27.021
2025-08-14 16:32:33.861443,33040.01,38.913,37.979,11,38,26.409,27.118
2025-08-14 16:32:43.905510,33050.01,38.623,38.365,11,0,26.377,27.054
2025-08-14 16:32:53.853964,33060.01,38.559,38.365,11,0,26.377,27.021
2025-08-14 16:33:03.850515,33070.01,38.301,38.365,11,0,26.506,27.086
2025-08-14 16:33:13.847386,33080.0,38.269,38.333,11,0,26.441,27.15
2025-08-14 16:33:23.844111,33090.01,37.946,38.011,11,0,26.441,27.086
2025-08-14 16:33:33.840556,33100.0,37.721,37.624,11,0,26.506,27.086
2025-08-14 16:33:43.849922,33110.0,37.334,37.173,11,0,26.409,27.021
2025-08-14 16:33:53.846438,33120.01,36.915,36.722,11,0,26.377,27.021
2025-08-14 16:34:03.856218,33130.01,36.593,36.432,11,0,26.409,27.054
2025-08-14 16:34:13.852231,33140.01,36.432,36.109,11,0,26.377,27.021
2025-08-14 16:34:23.850897,33150.01,36.174,35.497,11,0,26.377,27.021
2025-08-14 16:34:33.848438,33160.01,35.626,35.143,11,0,26.377,27.021
2025-08-14 16:34:43.845482,33170.01,35.304,34.82,11,0,26.377,27.021
2025-08-14 16:34:53.855944,33180.01,35.046,34.563,11,0,26.377,27.021
2025-08-14 16:35:03.852190,33190.01,34.788,33.886,11,0,26.441,27.054
2025-08-14 16:35:13.848796,33200.01,34.53,33.531,11,0,26.441,27.021
2025-08-14 16:35:23.845119,33210.01,34.208,33.241,11,0,26.409,27.021
2025-08-14 16:35:33.853980,33220.01,34.144,33.177,11,0,26.377,27.021
2025-08-14 16:35:43.850609,33230.01,33.854,32.887,11,0,26.441,27.021
2025-08-14 16:35:53.847510,33240.0,33.757,32.5,11,0,26.377,27.021
2025-08-14 16:36:03.843380,33250.0,33.531,32.274,11,0,26.377,27.021
2025-08-14 16:36:13.852584,33260.01,33.596,32.017,11,0,26.441,27.054
2025-08-14 16:36:23.862224,33270.01,33.435,31.92,11,0,26.506,27.183
2025-08-14 16:36:33.922535,33280.01,33.402,31.823,59,0,26.441,27.054
2025-08-14 16:36:43.854984,33290.01,33.338,31.759,59,0,26.409,27.021
2025-08-14 16:36:53.851565,33300.01,33.854,31.469,59,0,26.667,27.118
2025-08-14 16:37:03.848090,33310.01,34.563,31.565,59,0,26.667,27.215
2025-08-14 16:37:13.844683,33320.0,35.368,31.598,59,0,26.635,27.247
2025-08-14 16:37:23.841067,33330.01,36.722,31.501,59,0,26.667,27.183
2025-08-14 16:37:33.863404,33340.01,37.688,31.791,59,0,26.699,27.183
2025-08-14 16:37:43.859870,33350.01,38.752,31.855,59,0,26.635,27.021
2025-08-14 16:37:53.843605,33360.0,39.654,32.113,59,0,26.506,27.118
2025-08-14 16:38:03.853327,33370.0,40.718,32.242,59,0,26.538,27.021
2025-08-14 16:38:13.848870,33380.0,41.588,32.436,59,0,26.635,27.054
2025-08-14 16:38:23.845296,33390.0,42.684,32.661,59,0,26.603,27.021
2025-08-14 16:38:33.841626,33400.0,43.521,33.209,59,0,26.635,27.118
2025-08-14 16:38:43.837957,33410.0,44.037,33.273,59,0,26.538,27.021
2025-08-14 16:38:53.860275,33420.01,44.553,33.467,59,0,26.474,27.021
2025-08-14 16:39:03.843659,33430.01,44.746,33.531,59,0,26.538,27.021
2025-08-14 16:39:13.852853,33440.01,45.262,33.725,59,0,26.474,27.021
2025-08-14 16:39:23.849393,33450.01,45.874,34.176,59,0,26.506,27.021
2025-08-14 16:39:33.845733,33460.0,46.357,34.272,59,0,26.538,27.021
2025-08-14 16:39:43.855179,33470.01,46.841,34.498,59,0,26.377,27.086
2025-08-14 16:39:53.839502,33480.0,47.131,34.498,59,0,26.538,27.021
2025-08-14 16:40:03.848546,33490.0,47.743,34.788,59,0,26.506,27.054
2025-08-14 16:40:13.844352,33500.01,48.259,35.014,59,0,26.377,27.086
2025-08-14 16:40:23.853874,33510.01,48.549,35.4,59,0,26.377,27.021
2025-08-14 16:40:33.850242,33520.0,48.968,35.658,59,0,26.506,27.021
2025-08-14 16:40:43.846652,33530.01,49.193,35.755,59,0,26.603,27.054
2025-08-14 16:40:53.856270,33540.01,49.58,33.982,59,0,26.635,27.118
2025-08-14 16:41:03.839891,33550.0,49.838,36.045,59,0,26.474,27.054
2025-08-14 16:41:13.849046,33560.01,50.096,35.948,59,0,26.538,27.054
2025-08-14 16:41:23.845851,33570.0,50.515,36.303,59,0,26.506,27.086
2025-08-14 16:41:33.907467,33580.01,50.676,36.657,59,0,26.441,27.054
2025-08-14 16:41:43.907493,33590.01,50.45,36.367,0,0,26.506,27.054
2025-08-14 16:41:53.847664,33600.01,50.579,36.689,0,0,26.409,27.021
2025-08-14 16:42:03.843712,33610.01,50.289,36.689,0,0,26.603,27.054
2025-08-14 16:42:13.840811,33620.0,49.387,36.883,0,0,26.474,27.086
2025-08-14 16:42:23.851165,33630.0,48.291,36.689,0,0,26.635,27.183
2025-08-14 16:42:33.859402,33640.01,47.324,36.689,0,0,26.603,27.215
2025-08-14 16:42:43.842880,33650.0,46.035,36.432,0,0,26.441,27.086
2025-08-14 16:42:53.852490,33660.01,44.617,36.303,0,0,26.441,27.183
2025-08-14 16:43:03.862286,33670.01,43.36,36.013,0,0,26.57,27.118
2025-08-14 16:43:13.845734,33680.01,42.168,35.723,0,0,26.667,27.183
2025-08-14 16:43:23.855062,33690.01,41.072,35.4,0,0,26.57,27.215
2025-08-14 16:43:33.851402,33700.01,39.912,35.271,0,0,26.603,27.15
2025-08-14 16:43:43.848198,33710.01,38.945,34.756,0,0,26.538,27.183
2025-08-14 16:43:53.858028,33720.01,37.688,34.434,0,0,26.699,27.247
2025-08-14 16:44:03.841803,33730.0,36.818,34.111,0,0,26.603,27.183
2025-08-14 16:44:13.851798,33740.0,36.045,33.757,0,0,26.635,27.183
2025-08-14 16:44:23.861254,33750.01,35.078,33.145,0,0,26.699,27.15
2025-08-14 16:44:33.844931,33760.0,34.337,32.822,0,0,26.538,27.15
2025-08-14 16:44:43.854316,33770.01,33.467,32.5,0,0,26.57,27.118
2025-08-14 16:44:53.851714,33780.01,32.854,32.178,0,0,26.506,27.215
2025-08-14 16:45:03.860385,33790.01,32.242,30.953,0,0,26.699,27.279
2025-08-14 16:45:13.857180,33800.01,31.823,31.469,0,0,26.635,27.15
2025-08-14 16:45:23.853798,33810.0,31.211,31.114,0,0,26.538,27.118
2025-08-14 16:45:33.850157,33820.0,30.663,30.599,0,0,26.57,27.118
2025-08-14 16:45:43.847337,33830.0,30.244,30.438,0,0,26.635,27.118
2025-08-14 16:45:53.857311,33840.01,29.922,30.244,0,0,26.474,27.183
2025-08-14 16:46:03.852975,33850.01,29.6,29.922,0,0,26.667,27.215
2025-08-14 16:46:13.849730,33860.01,29.277,29.6,0,0,26.603,27.215
2025-08-14 16:46:23.859678,33870.01,28.955,29.31,0,0,26.538,27.086
2025-08-14 16:46:33.856135,33880.01,28.633,29.277,0,0,26.57,27.086
2025-08-14 16:46:43.852383,33890.01,28.311,28.955,0,0,26.57,27.118
2025-08-14 16:46:53.850145,33900.0,27.988,28.633,0,0,26.538,27.118
2025-08-14 16:47:03.859237,33910.01,23.863,28.633,0,0,26.538,27.15
2025-08-14 16:47:13.855216,33920.01,27.666,28.311,0,0,26.699,27.183
2025-08-14 16:47:23.852322,33930.0,27.634,28.214,0,0,26.635,27.15
2025-08-14 16:47:33.905855,33940.0,27.344,27.988,0,0,26.667,27.183
2025-08-14 16:47:43.857745,33950.01,27.344,27.827,0,0,26.699,27.279
2025-08-14 16:47:53.854977,33960.01,27.086,27.666,0,0,26.603,27.15
2025-08-14 16:48:03.851450,33970.01,27.021,27.666,0,0,26.474,27.215
2025-08-14 16:48:13.861038,33980.01,26.989,27.473,0,0,26.506,27.086
2025-08-14 16:48:23.856889,33990.01,26.699,27.344,0,0,26.441,27.118
2025-08-14 16:48:33.853420,34000.01,26.699,27.344,0,0,26.635,27.054
2025-08-14 16:48:43.849406,34010.0,26.635,27.15,0,0,26.603,27.021
2025-08-14 16:48:53.859533,34020.01,26.441,27.021,0,0,26.667,27.247
2025-08-14 16:49:03.855519,34030.01,26.377,27.021,0,0,26.667,27.183
2025-08-14 16:49:13.852104,34040.0,26.377,26.893,0,0,26.603,27.215
2025-08-14 16:49:23.915974,34050.01,26.474,26.925,30,0,26.506,27.086
2025-08-14 16:49:33.847893,34060.01,26.474,26.893,30,0,26.667,27.183
2025-08-14 16:49:43.840810,34070.0,26.506,26.796,30,0,26.635,27.215
2025-08-14 16:49:53.850477,34080.01,27.118,26.796,30,0,26.667,27.118
2025-08-14 16:50:03.847463,34090.01,27.473,26.828,30,0,26.603,27.183
2025-08-14 16:50:13.856728,34100.01,28.053,26.731,30,0,26.699,27.312
2025-08-14 16:50:23.900054,34110.01,28.633,26.731,0,0,26.699,27.344
2025-08-14 16:50:33.850313,34120.01,29.277,26.216,0,0,26.699,27.312
2025-08-14 16:50:43.846975,34130.0,29.471,27.021,0,0,26.699,27.344
2025-08-14 16:50:53.843330,34140.0,29.6,27.021,0,0,26.699,27.247
2025-08-14 16:51:03.852671,34150.01,29.6,27.021,0,0,26.699,27.312
2025-08-14 16:51:13.849197,34160.01,29.535,27.183,0,0,26.699,27.279
2025-08-14 16:51:23.845769,34170.01,29.277,27.279,0,0,26.699,27.247
2025-08-14 16:51:33.855244,34180.01,26.409,27.344,0,0,26.699,27.279
2025-08-14 16:51:43.839170,34190.0,28.955,27.312,0,0,26.699,27.279
2025-08-14 16:51:53.848855,34200.01,28.633,27.312,0,0,26.699,27.344
2025-08-14 16:52:03.845593,34210.01,28.343,27.279,0,0,26.699,27.183
2025-08-14 16:52:13.842810,34220.01,28.246,27.247,0,0,26.667,27.312
2025-08-14 16:52:23.853688,34230.01,27.988,27.021,0,0,26.667,27.279
2025-08-14 16:52:33.848625,34240.0,27.666,27.021,0,0,26.667,27.344
2025-08-14 16:52:43.845830,34250.01,27.634,27.021,0,0,26.635,27.312
2025-08-14 16:52:53.842355,34260.01,27.344,27.021,0,0,26.667,27.312
2025-08-14 16:53:03.838713,34270.0,27.344,27.021,0,0,26.699,27.344
2025-08-14 16:53:13.847872,34280.01,27.054,26.989,0,0,26.667,27.247
2025-08-14 16:53:23.844887,34290.01,27.021,26.764,0,0,26.603,27.344
2025-08-14 16:53:33.840036,34300.0,26.925,26.699,0,0,26.699,27.312
2025-08-14 16:53:43.836907,34310.0,26.699,26.699,0,0,26.57,27.344
2025-08-14 16:53:53.826680,34319.99,26.699,26.699,0,0,26.667,27.279
2025-08-14 16:54:03.845124,34330.01,26.506,26.699,0,0,26.699,27.312
2025-08-14 16:54:13.839788,34340.0,26.377,26.603,0,0,26.699,27.344
2025-08-14 16:54:23.847855,34350.01,26.377,26.441,0,0,26.699,27.344
2025-08-14 16:54:33.856317,34360.0,26.216,26.377,0,0,26.667,27.344
2025-08-14 16:54:43.852425,34370.0,26.119,26.377,0,0,26.699,27.344
2025-08-14 16:54:53.861404,34380.01,26.055,26.377,0,0,26.667,27.279
2025-08-14 16:55:03.858837,34390.01,26.055,26.377,0,0,26.699,27.312
2025-08-14 16:55:13.854313,34400.01,26.022,26.345,0,0,26.667,27.344
2025-08-14 16:55:23.850465,34410.0,26.022,26.184,0,0,26.635,27.279
2025-08-14 16:55:33.861110,34420.01,25.765,26.184,0,0,26.603,27.247
2025-08-14 16:55:43.856436,34430.01,25.732,26.055,0,0,26.699,27.344
2025-08-14 16:55:53.853032,34440.01,25.732,26.055,0,0,26.635,27.344
2025-08-14 16:56:03.850311,34450.01,25.732,26.055,0,0,26.603,27.247
2025-08-14 16:56:13.846146,34460.0,25.732,26.055,0,0,26.506,27.247
2025-08-14 16:56:23.855982,34470.01,25.732,26.055,0,0,26.699,27.344
2025-08-14 16:56:33.852245,34480.0,25.732,26.055,0,0,26.667,27.312
2025-08-14 16:56:43.848912,34490.01,25.732,26.055,0,0,26.699,27.344
2025-08-14 16:56:53.844073,34500.0,25.7,26.055,0,0,26.667,27.312
2025-08-14 16:57:03.853710,34510.01,25.732,26.055,0,0,26.699,27.344
2025-08-14 16:57:13.926246,34520.0,25.797,26.57,0,100,26.667,27.312
2025-08-14 16:57:23.847715,34530.01,25.829,26.345,0,100,26.699,27.344
2025-08-14 16:57:33.855484,34540.01,26.119,27.086,0,100,26.699,27.344
2025-08-14 16:57:43.839087,34550.0,25.861,27.956,0,100,26.699,27.312
2025-08-14 16:57:53.920299,34560.01,25.99,29.503,28,100,26.699,27.344
2025-08-14 16:58:03.858179,34570.0,26.313,30.631,28,100,26.699,27.279
2025-08-14 16:58:13.854770,34580.01,26.957,32.532,28,100,26.667,27.344
2025-08-14 16:58:23.850876,34590.01,27.408,33.08,28,100,26.699,27.279
2025-08-14 16:58:33.847232,34600.0,28.117,34.981,28,100,26.699,27.344
2025-08-14 16:58:43.843805,34610.0,29.084,36.464,28,100,26.699,27.344
2025-08-14 16:58:53.839837,34620.0,29.954,37.205,28,100,26.667,27.247
2025-08-14 16:59:03.836699,34630.0,30.695,38.881,28,100,26.699,27.312
2025-08-14 16:59:13.845931,34640.01,31.565,39.783,28,100,26.699,27.344
2025-08-14 16:59:23.855207,34650.01,32.307,40.492,28,100,26.699,27.344
2025-08-14 16:59:33.851704,34660.01,33.177,41.33,28,100,26.699,27.344
2025-08-14 16:59:43.861474,34670.01,33.821,42.394,28,100,26.699,27.344
2025-08-14 16:59:53.845069,34680.01,34.691,44.102,28,100,26.699,27.312
2025-08-14 17:00:03.854487,34690.01,35.175,44.746,28,100,26.699,27.344
2025-08-14 17:00:13.838130,34700.0,35.723,45.391,28,100,26.667,27.344
2025-08-14 17:00:23.847089,34710.01,36.238,46.003,28,100,26.699,27.344
2025-08-14 17:00:33.856417,34720.01,36.689,45.81,28,100,26.699,27.344
2025-08-14 17:00:43.852699,34730.01,37.27,47.485,28,100,26.699,27.344
2025-08-14 17:00:53.849106,34740.0,38.075,48.323,28,100,26.699,27.344
2025-08-14 17:01:03.845793,34750.0,38.494,49.193,28,100,26.699,27.312
2025-08-14 17:01:13.844053,34760.0,38.881,49.645,28,100,26.699,27.344
2025-08-14 17:01:23.851207,34770.01,39.332,50.192,28,100,26.699,27.344
2025-08-14 17:01:33.847536,34780.01,39.977,50.837,28,100,26.699,27.344
2025-08-14 17:01:43.926289,34790.01,40.009,50.321,28,10,26.699,27.344
2025-08-14 17:01:53.853229,34800.01,40.041,50.386,28,10,26.699,27.344
2025-08-14 17:02:03.849763,34810.0,40.396,50.482,28,10,26.699,27.344
2025-08-14 17:02:13.846166,34820.01,40.299,49.548,28,10,26.699,27.344
2025-08-14 17:02:23.855426,34830.01,40.653,48.678,28,10,26.699,27.344
2025-08-14 17:02:33.851663,34840.0,40.718,48.323,28,10,26.699,27.344
2025-08-14 17:02:43.848015,34850.0,40.911,47.228,28,10,26.699,27.344
2025-08-14 17:02:53.844074,34860.0,40.686,46.164,28,10,26.699,27.344
2025-08-14 17:03:03.924735,34870.01,41.008,46.196,28,67,26.699,27.344
2025-08-14 17:03:13.849975,34880.01,41.266,44.875,28,67,26.699,27.344
2025-08-14 17:03:23.845497,34890.0,41.104,44.939,28,67,26.699,27.344
2025-08-14 17:03:33.854370,34900.01,41.072,44.553,28,67,26.699,27.344
2025-08-14 17:03:43.837986,34910.0,40.782,44.553,28,67,26.699,27.344
2025-08-14 17:03:53.847042,34920.01,40.718,44.939,28,67,26.699,27.344
2025-08-14 17:04:03.856840,34930.01,40.943,44.778,28,67,26.699,27.344
2025-08-14 17:04:13.840313,34940.0,40.686,45.133,28,67,26.699,27.344
2025-08-14 17:04:23.903258,34950.0,40.718,44.843,28,9,26.699,27.344
2025-08-14 17:04:33.845261,34960.0,40.621,45.101,28,9,26.699,27.312
2025-08-14 17:04:43.854531,34970.01,40.75,44.714,28,9,26.699,27.344
2025-08-14 17:04:53.839190,34980.0,40.879,44.456,28,9,26.699,27.344
2025-08-14 17:05:03.916072,34990.01,40.621,43.683,0,9,26.699,27.344
2025-08-14 17:05:13.845773,35000.01,40.782,43.457,0,9,26.699,27.344
2025-08-14 17:05:23.854121,35010.01,40.428,42.974,0,9,24.959,27.312
2025-08-14 17:05:33.849111,35020.0,39.977,42.168,0,9,26.699,27.344
2025-08-14 17:05:43.845285,35030.0,39.332,41.523,0,9,26.699,27.279
2025-08-14 17:05:53.841895,35040.0,38.559,40.847,0,9,26.699,27.344
2025-08-14 17:06:03.851078,35050.0,37.656,40.396,0,9,26.699,27.344
2025-08-14 17:06:13.847801,35060.01,37.012,39.88,0,9,26.699,27.344
2025-08-14 17:06:23.843785,35070.0,36.464,38.978,0,9,26.699,27.344
2025-08-14 17:06:33.853230,35080.0,35.562,38.397,0,9,26.699,27.344
2025-08-14 17:06:43.849528,35090.01,34.82,37.688,0,9,26.699,27.344
2025-08-14 17:06:53.845768,35100.0,34.144,37.173,0,9,26.699,27.344
2025-08-14 17:07:03.856033,35110.0,33.531,36.593,0,9,26.699,27.344
2025-08-14 17:07:13.864877,35120.01,33.177,36.206,0,9,26.699,27.344
2025-08-14 17:07:23.847519,35130.0,32.5,35.433,0,9,26.699,27.344
2025-08-14 17:07:33.844051,35140.0,32.178,35.078,0,9,26.699,27.344
2025-08-14 17:07:43.853223,35150.0,31.759,34.756,0,9,26.699,27.344
2025-08-14 17:07:53.849789,35160.0,31.437,34.595,0,9,26.699,27.344
2025-08-14 17:08:03.858470,35170.01,31.211,34.111,0,9,26.699,27.344
2025-08-14 17:08:13.854923,35180.01,30.953,33.854,0,9,26.699,27.344
2025-08-14 17:08:23.838382,35190.0,30.695,33.499,0,9,26.667,27.344
2025-08-14 17:08:33.847665,35200.01,30.631,33.37,0,9,26.635,27.344
2025-08-14 17:08:43.843493,35210.0,30.309,33.112,0,9,26.699,27.344
2025-08-14 17:08:53.852897,35220.0,29.986,33.016,0,9,26.699,27.344
2025-08-14 17:09:03.862726,35230.01,29.825,32.919,0,9,26.635,27.344
2025-08-14 17:09:13.845851,35240.0,29.6,32.468,0,9,26.699,27.344
2025-08-14 17:09:23.855032,35250.01,29.277,32.178,0,9,26.699,27.344
2025-08-14 17:09:33.851437,35260.0,29.31,31.855,0,9,26.667,27.344
2025-08-14 17:09:43.847808,35270.01,28.955,31.533,0,9,26.57,27.344
2025-08-14 17:09:53.844406,35280.0,28.633,31.211,0,9,26.699,27.344
2025-08-14 17:10:03.841812,35290.0,28.633,31.34,0,9,26.538,27.279
2025-08-14 17:10:13.850924,35300.01,28.311,30.889,0,9,26.603,27.247
2025-08-14 17:10:23.846660,35310.0,28.375,30.889,0,9,26.667,27.279
2025-08-14 17:10:33.843094,35320.0,28.311,30.889,0,9,26.603,27.312
2025-08-14 17:10:43.839730,35330.0,28.375,30.695,0,9,26.57,27.344
2025-08-14 17:10:53.918791,35340.01,28.085,30.566,0,14,26.57,27.247
2025-08-14 17:11:03.858304,35350.01,27.988,30.534,0,14,26.57,27.15
2025-08-14 17:11:13.854891,35360.01,28.021,30.405,0,14,26.506,27.15
2025-08-14 17:11:23.851492,35370.01,27.73,30.244,0,14,26.474,27.086
2025-08-14 17:11:33.860846,35380.01,27.73,30.341,0,14,26.409,27.054
2025-08-14 17:11:43.856943,35390.01,27.666,30.051,0,14,26.506,27.086
2025-08-14 17:11:53.857594,35400.01,27.505,30.276,0,14,26.377,27.054
2025-08-14 17:12:03.872899,35410.03,27.376,30.341,0,14,26.377,27.021
2025-08-14 17:12:13.853565,35420.01,27.344,30.309,0,14,26.474,27.021
2025-08-14 17:12:23.855263,35430.01,27.44,30.341,0,14,26.474,27.021
2025-08-14 17:12:33.841453,35440.01,27.344,30.18,0,14,26.506,27.086
2025-08-14 17:12:43.839660,35450.0,27.408,30.373,0,14,26.506,27.086
2025-08-14 17:12:53.837323,35460.0,27.408,30.147,0,14,26.538,27.054
2025-08-14 17:13:03.848321,35470.0,27.408,30.019,0,14,26.377,27.086
2025-08-14 17:13:13.843233,35480.01,27.344,30.276,0,14,26.635,27.086
2025-08-14 17:13:23.853287,35490.01,25.12,30.083,0,14,26.699,27.15
2025-08-14 17:13:33.836702,35500.0,27.344,30.341,0,14,26.699,27.247
2025-08-14 17:13:43.919668,35510.01,25.056,30.115,20,14,26.667,27.279
2025-08-14 17:13:53.856065,35520.01,27.376,30.244,20,14,26.699,27.312
2025-08-14 17:14:03.852820,35530.01,27.537,30.309,20,14,26.57,27.15
2025-08-14 17:14:13.849703,35540.01,27.795,30.405,20,14,26.603,27.279
2025-08-14 17:14:23.846281,35550.01,28.278,30.405,20,14,26.699,27.247
2025-08-14 17:14:33.855716,35560.01,28.697,30.438,20,14,26.603,27.312
2025-08-14 17:14:43.852429,35570.01,29.02,30.309,20,14,26.699,27.279
2025-08-14 17:14:53.849205,35580.01,29.438,30.502,20,14,26.699,27.312
2025-08-14 17:15:03.859086,35590.01,29.922,30.502,20,14,26.57,27.247
2025-08-14 17:15:13.855973,35600.01,30.18,30.824,20,14,26.699,27.279
2025-08-14 17:15:23.852452,35610.01,30.631,30.631,20,14,26.667,27.183
2025-08-14 17:15:33.849145,35620.0,30.728,30.566,20,14,26.699,27.312
2025-08-14 17:15:43.833339,35630.0,31.114,30.695,20,14,26.699,27.312
2025-08-14 17:15:53.842868,35640.0,31.501,30.856,20,14,26.699,27.312
2025-08-14 17:16:03.904352,35650.01,31.598,30.953,20,0,26.699,27.279
2025-08-14 17:16:13.848876,35660.01,31.92,30.953,20,0,26.699,27.344
2025-08-14 17:16:23.845692,35670.0,32.242,30.985,20,0,26.667,27.312
2025-08-14 17:16:33.842053,35680.0,32.436,31.018,20,0,26.699,27.344
2025-08-14 17:16:43.851312,35690.0,32.629,31.018,20,0,26.667,27.344
2025-08-14 17:16:53.847830,35700.01,32.887,31.018,20,0,26.699,27.344
2025-08-14 17:17:03.844025,35710.01,32.919,30.985,20,0,26.667,27.344
2025-08-14 17:17:13.840428,35720.0,33.273,30.921,20,0,26.699,27.344
2025-08-14 17:17:23.849973,35730.01,33.338,30.663,20,0,26.699,27.344
2025-08-14 17:17:33.859213,35740.01,33.596,30.695,20,0,26.699,27.344
2025-08-14 17:17:43.842881,35750.0,33.499,30.76,20,0,26.699,27.344
2025-08-14 17:17:53.839167,35760.01,33.531,30.599,20,0,26.699,27.344
2025-08-14 17:18:03.861194,35770.01,33.596,30.309,20,0,26.699,27.344
2025-08-14 17:18:13.844753,35780.0,33.757,30.309,20,0,26.699,27.344
2025-08-14 17:18:23.854037,35790.01,33.821,30.309,20,0,26.699,27.344
2025-08-14 17:18:33.837471,35800.0,31.146,30.373,20,0,26.699,27.344
2025-08-14 17:18:43.859715,35810.01,33.854,30.309,20,0,26.699,27.344
2025-08-14 17:18:53.855809,35820.01,33.854,30.309,20,0,26.699,27.344
2025-08-14 17:19:03.852636,35830.01,33.854,30.309,20,0,26.699,27.344
2025-08-14 17:19:13.835863,35840.0,33.918,30.18,20,0,26.699,27.344
2025-08-14 17:19:23.845916,35850.0,33.982,30.083,20,0,26.699,27.344
2025-08-14 17:19:33.841556,35860.0,33.918,30.083,20,0,26.699,27.344
2025-08-14 17:19:43.909804,35870.01,33.854,30.019,20,0,26.699,27.344
2025-08-14 17:19:53.847714,35880.01,33.854,29.986,20,0,26.699,27.344
2025-08-14 17:20:03.843752,35890.01,33.821,30.019,20,0,26.699,27.344
2025-08-14 17:20:13.853193,35900.01,33.854,29.986,20,0,26.699,27.344
2025-08-14 17:20:23.849626,35910.01,33.821,29.922,20,0,26.699,27.344
2025-08-14 17:20:33.845258,35920.0,33.854,29.922,20,0,26.699,27.344
2025-08-14 17:20:43.925661,35930.01,34.111,30.212,20,61,26.699,27.344
2025-08-14 17:20:53.853392,35940.01,34.015,30.309,20,61,26.699,27.344
2025-08-14 17:21:03.847088,35950.01,34.144,30.792,20,61,26.699,27.344
2025-08-14 17:21:13.856472,35960.0,34.047,31.404,20,61,26.699,27.344
2025-08-14 17:21:23.852699,35970.01,34.305,32.049,20,61,26.699,27.344
2025-08-14 17:21:33.836289,35980.0,34.272,32.854,20,61,26.699,27.344
2025-08-14 17:21:43.858344,35990.01,34.208,33.66,20,61,26.699,27.344
2025-08-14 17:21:53.841788,36000.0,34.305,33.854,20,61,26.699,27.344
2025-08-14 17:22:03.917959,36010.01,34.401,34.981,24,61,26.699,27.344
2025-08-14 17:22:13.847136,36020.0,34.724,35.69,24,61,26.699,27.344
2025-08-14 17:22:23.857094,36030.01,34.788,36.238,24,61,26.699,27.344
2025-08-14 17:22:33.842042,36040.0,34.82,36.432,24,61,26.699,27.344
2025-08-14 17:22:43.849062,36050.0,35.175,36.883,24,61,26.699,27.344
2025-08-14 17:22:53.846245,36060.01,35.368,38.075,24,61,26.699,27.344
2025-08-14 17:23:03.855308,36070.01,35.69,38.462,24,61,26.731,27.344
2025-08-14 17:23:13.851519,36080.01,36.045,39.396,24,61,26.699,27.344
2025-08-14 17:23:23.834949,36090.0,36.013,39.525,24,61,26.699,27.344
2025-08-14 17:23:33.857266,36100.01,36.142,39.493,24,61,26.699,27.344
2025-08-14 17:23:43.840538,36110.0,36.271,39.912,24,61,26.699,27.344
2025-08-14 17:23:53.849780,36120.0,36.496,40.138,24,61,26.796,27.344
2025-08-14 17:24:03.845975,36130.0,36.432,40.847,24,61,26.699,27.344
2025-08-14 17:24:13.842249,36140.0,36.947,40.847,24,61,26.731,27.344
2025-08-14 17:24:23.851583,36150.0,36.883,41.104,24,61,26.796,27.344
2025-08-14 17:24:33.848198,36160.01,37.334,41.072,24,61,26.764,27.344
2025-08-14 17:24:43.844774,36170.01,37.205,42.168,24,61,26.731,27.344
2025-08-14 17:24:53.853956,36180.01,37.721,42.716,24,61,26.828,27.344
2025-08-14 17:25:03.850199,36190.01,37.592,42.684,24,61,26.731,27.376
2025-08-14 17:25:13.860144,36200.01,37.882,42.716,24,61,26.731,27.344
2025-08-14 17:25:23.843740,36210.01,37.785,43.231,24,61,26.699,27.344
2025-08-14 17:25:33.852597,36220.01,38.107,43.876,24,61,26.764,27.344
2025-08-14 17:25:43.862084,36230.01,38.236,43.457,24,61,26.699,27.344
2025-08-14 17:25:53.846132,36240.01,38.655,43.844,24,61,26.731,27.344
2025-08-14 17:26:03.854470,36250.0,38.623,44.102,24,61,26.699,27.344
2025-08-14 17:26:13.851162,36260.01,38.623,44.521,24,61,26.731,27.344
2025-08-14 17:26:23.847642,36270.01,38.591,44.424,24,61,26.764,27.344
2025-08-14 17:26:33.857031,36280.0,38.591,44.359,24,61,26.764,27.344
2025-08-14 17:26:43.853651,36290.01,38.494,44.037,24,61,26.731,27.376
2025-08-14 17:26:53.849958,36300.0,38.43,43.908,24,61,26.828,27.344
2025-08-14 17:27:03.859193,36310.01,38.784,44.069,24,61,26.731,27.344
2025-08-14 17:27:13.855659,36320.01,38.559,43.973,24,61,26.764,27.344
2025-08-14 17:27:23.852252,36330.0,38.784,43.908,24,61,26.86,27.344
2025-08-14 17:27:33.848622,36340.0,39.106,44.295,24,61,26.796,27.376
2025-08-14 17:27:43.857676,36350.01,39.235,44.521,24,61,26.764,27.376
2025-08-14 17:27:53.853988,36360.0,39.332,45.326,24,61,26.699,27.344
2025-08-14 17:28:03.850519,36370.01,39.3,45.262,24,61,26.764,27.344
2025-08-14 17:28:13.847365,36380.01,38.881,45.294,24,61,26.699,27.344
2025-08-14 17:28:23.844432,36390.0,38.881,45.004,24,61,26.699,27.344
2025-08-14 17:28:33.852424,36400.01,38.784,44.875,24,61,26.699,27.344
2025-08-14 17:28:43.861645,36410.01,38.849,45.52,24,61,26.699,27.376
2025-08-14 17:28:53.846073,36420.01,39.042,44.585,24,61,26.699,27.376
2025-08-14 17:29:03.841787,36430.0,39.203,45.423,24,61,26.699,27.473
2025-08-14 17:29:13.900525,36440.01,39.042,44.778,24,5,26.925,27.505
2025-08-14 17:29:23.847603,36450.01,39.203,44.875,24,5,26.86,27.569
2025-08-14 17:29:33.843812,36460.01,39.235,44.907,24,5,26.699,27.44
2025-08-14 17:29:43.853226,36470.01,39.364,44.585,24,5,26.86,27.537
2025-08-14 17:29:53.862796,36480.01,39.558,44.23,24,5,26.796,27.569
2025-08-14 17:30:03.846324,36490.01,39.429,43.586,24,5,26.893,27.569
2025-08-14 17:30:13.855314,36500.01,39.396,43.038,24,5,26.731,27.473
2025-08-14 17:30:23.851605,36510.01,39.751,42.619,24,5,26.731,27.473
2025-08-14 17:30:33.848139,36520.01,39.783,41.975,24,5,26.893,27.602
2025-08-14 17:30:43.858026,36530.01,39.719,41.137,24,5,26.828,27.376
2025-08-14 17:30:53.854601,36540.01,39.815,40.621,24,5,26.731,27.505
2025-08-14 17:31:03.841904,36550.0,39.654,40.299,24,5,26.731,27.473
2025-08-14 17:31:13.845004,36560.0,39.751,39.848,24,5,26.828,27.44
2025-08-14 17:31:23.850468,36570.01,39.783,39.461,24,5,26.699,27.376
2025-08-14 17:31:33.844721,36580.01,39.654,38.913,24,5,26.699,27.344
2025-08-14 17:31:43.921309,36590.01,39.944,38.688,93,5,26.731,27.344
2025-08-14 17:31:53.849294,36600.0,39.977,38.397,93,5,26.731,27.344
2025-08-14 17:32:03.844150,36610.0,40.653,38.107,93,5,26.699,27.344
2025-08-14 17:32:13.840481,36620.01,41.942,37.753,93,5,26.764,27.344
2025-08-14 17:32:23.916940,36630.01,43.328,37.882,93,70,26.764,27.376
2025-08-14 17:32:33.846173,36640.01,45.068,38.43,93,70,26.699,27.344
2025-08-14 17:32:43.855660,36650.01,47.002,38.913,93,70,26.731,27.376
2025-08-14 17:32:53.838956,36660.0,48.291,39.977,93,70,26.796,27.344
2025-08-14 17:33:03.848219,36670.01,49.741,40.911,93,70,26.764,27.408
2025-08-14 17:33:13.844289,36680.01,51.32,41.685,93,70,26.796,27.44
2025-08-14 17:33:23.840735,36690.0,52.867,42.941,93,70,26.764,27.376
2025-08-14 17:33:33.837053,36700.01,54.06,43.65,93,70,26.796,27.44
2025-08-14 17:33:43.846065,36710.01,55.703,44.907,93,70,26.796,27.376
2025-08-14 17:33:53.842491,36720.0,57.314,46.229,93,70,26.925,27.408
2025-08-14 17:34:03.851924,36730.01,58.539,47.518,93,70,26.989,27.473
2025-08-14 17:34:13.848617,36740.01,59.474,47.808,93,70,26.989,27.537
2025-08-14 17:34:23.845351,36750.01,60.763,49.129,93,70,26.989,27.602
2025-08-14 17:34:33.854664,36760.01,61.762,49.741,93,70,26.957,27.602
2025-08-14 17:34:43.851753,36770.01,62.245,51.03,93,70,27.021,27.408
2025-08-14 17:34:53.834952,36780.0,63.341,52.287,93,70,26.796,27.634
2025-08-14 17:35:03.843614,36790.01,64.114,53.222,93,70,27.021,27.602
2025-08-14 17:35:13.853169,36800.01,64.437,53.157,93,70,26.925,27.602
2025-08-14 17:35:23.849344,36810.0,65.371,54.769,93,70,26.989,27.569
2025-08-14 17:35:33.835377,36820.0,66.209,55.059,93,70,26.957,27.569
2025-08-14 17:35:43.842347,36830.0,67.434,56.477,93,70,26.989,27.602
2025-08-14 17:35:53.851456,36840.01,68.4,56.96,93,70,27.021,27.634
2025-08-14 17:36:03.847808,36850.01,69.045,57.798,93,70,26.989,27.634
2025-08-14 17:36:13.844225,36860.0,69.367,58.12,93,70,27.021,27.537
2025-08-14 17:36:23.840630,36870.0,69.883,58.281,93,70,26.957,27.634
2025-08-14 17:36:33.849637,36880.01,70.141,59.248,93,70,27.021,27.537
2025-08-14 17:36:43.833364,36890.0,70.334,59.828,93,70,26.989,27.473
2025-08-14 17:36:53.855654,36900.01,70.753,60.473,93,70,26.86,27.376
2025-08-14 17:37:03.852122,36910.01,71.301,61.343,93,70,26.86,27.408
2025-08-14 17:37:13.848718,36920.01,71.591,61.536,93,70,26.925,27.473
2025-08-14 17:37:23.844785,36930.0,71.591,61.794,93,70,26.86,27.505
2025-08-14 17:37:33.841173,36940.01,71.784,62.471,93,70,26.925,27.44
2025-08-14 17:37:43.837925,36950.01,71.978,62.696,93,70,26.828,27.376
2025-08-14 17:37:53.847269,36960.01,72.074,62.664,93,70,26.86,27.44
2025-08-14 17:38:03.843315,36970.0,72.719,63.115,93,70,26.989,27.602
2025-08-14 17:38:13.852741,36980.01,73.202,63.566,93,70,26.957,27.376
2025-08-14 17:38:23.836421,36990.0,73.202,63.889,93,70,26.796,27.344
2025-08-14 17:38:33.845630,37000.01,73.557,63.921,93,70,26.989,27.344
2025-08-14 17:38:43.842367,37010.01,73.653,63.728,93,70,26.957,27.376
2025-08-14 17:38:53.851373,37020.01,74.233,64.179,93,70,26.893,27.473
2025-08-14 17:39:03.848860,37030.01,74.523,64.018,93,70,26.925,27.376
2025-08-14 17:39:13.856883,37040.01,73.943,63.921,93,70,26.925,27.376
2025-08-14 17:39:23.840517,37050.01,73.653,63.083,93,70,26.796,27.505
2025-08-14 17:39:33.849841,37060.01,74.523,64.34,93,70,26.893,27.634
2025-08-14 17:39:43.859208,37070.01,74.266,64.501,93,70,26.86,27.634
2025-08-14 17:39:53.855281,37080.01,74.781,64.855,93,70,26.86,27.569
2025-08-14 17:40:03.851591,37090.01,75.426,65.726,93,70,26.957,27.602
2025-08-14 17:40:13.848184,37100.01,75.265,65.113,93,70,26.925,27.505
2025-08-14 17:40:23.857755,37110.01,75.748,65.822,93,70,26.86,27.473
2025-08-14 17:40:33.853673,37120.01,76.103,65.661,93,70,26.796,27.344
2025-08-14 17:40:43.850025,37130.01,75.684,65.436,93,70,26.925,27.376
2025-08-14 17:40:53.905005,37140.01,75.394,65.5,93,0,26.796,27.473
2025-08-14 17:41:03.843016,37150.01,75.522,65.371,93,0,26.925,27.505
2025-08-14 17:41:13.852867,37160.01,75.845,64.952,93,0,26.699,27.473
2025-08-14 17:41:23.849476,37170.0,76.103,64.469,93,0,26.731,27.376
2025-08-14 17:41:33.906470,37180.01,76.36,63.405,12,0,26.764,27.344
2025-08-14 17:41:43.843634,37190.01,76.103,62.471,12,0,26.699,27.344
2025-08-14 17:41:53.850705,37200.01,75.458,61.568,12,0,26.699,27.376
2025-08-14 17:42:03.847283,37210.01,74.169,60.569,12,0,26.731,27.344
2025-08-14 17:42:13.843751,37220.01,72.525,59.731,12,0,26.699,27.344
2025-08-14 17:42:23.840557,37230.0,70.688,58.7,12,0,26.699,27.344
2025-08-14 17:42:33.849231,37240.01,68.239,57.637,12,0,26.764,27.344
2025-08-14 17:42:43.845526,37250.01,66.08,56.412,12,0,26.731,27.344
2025-08-14 17:42:53.854700,37260.01,63.663,55.381,12,0,26.248,27.344
2025-08-14 17:43:03.838043,37270.0,62.02,54.156,12,0,25.475,27.344
2025-08-14 17:43:13.848140,37280.01,60.344,52.867,12,0,26.699,27.344
2025-08-14 17:43:23.843721,37290.01,58.185,51.578,12,0,26.699,27.344
2025-08-14 17:43:33.921601,37300.01,56.734,50.998,75,0,26.699,27.344
2025-08-14 17:43:43.837425,37310.0,55.735,49.967,75,0,26.699,27.344
2025-08-14 17:43:53.859277,37320.01,54.994,49.161,75,0,26.699,27.344
2025-08-14 17:44:03.842537,37330.0,54.446,48.323,75,0,26.699,27.344
2025-08-14 17:44:13.838508,37340.0,54.479,46.39,75,0,26.699,27.344
2025-08-14 17:44:23.835790,37350.0,54.736,46.519,75,0,26.699,27.344
2025-08-14 17:44:33.844573,37360.01,55.51,46.1,75,0,26.699,27.344
2025-08-14 17:44:43.853799,37370.01,55.8,45.552,75,0,26.764,27.344
2025-08-14 17:44:53.850557,37380.01,56.702,45.133,75,0,26.699,27.344
2025-08-14 17:45:03.846163,37390.0,57.347,44.875,75,0,26.699,27.376
2025-08-14 17:45:13.842485,37400.0,57.991,44.392,75,0,26.699,27.344
2025-08-14 17:45:23.838355,37410.01,58.378,44.069,75,0,26.699,27.344
2025-08-14 17:45:33.847721,37420.0,58.765,44.23,75,0,26.699,27.344
2025-08-14 17:45:43.857232,37430.01,59.087,43.779,75,0,26.699,27.344
2025-08-14 17:45:53.910241,37440.01,59.184,43.812,75,0,26.699,27.344
2025-08-14 17:46:03.837416,37450.01,59.57,43.779,75,0,26.699,27.344
2025-08-14 17:46:13.846470,37460.0,60.021,43.618,75,0,26.699,27.344
2025-08-14 17:46:23.842256,37470.0,59.925,43.586,75,0,26.699,27.344
2025-08-14 17:46:33.851165,37480.0,60.279,43.618,75,0,26.731,27.408
2025-08-14 17:46:43.847527,37490.0,60.215,43.586,75,0,26.893,27.376
2025-08-14 17:46:53.843921,37500.01,60.44,43.844,75,0,26.893,27.44
2025-08-14 17:47:03.840596,37510.0,60.118,43.393,75,0,26.828,27.376
2025-08-14 17:47:13.849730,37520.01,59.957,41.137,75,0,27.021,27.473
2025-08-14 17:47:23.846582,37530.0,60.183,42.941,75,0,26.989,27.569
2025-08-14 17:47:33.912072,37540.01,60.021,42.845,75,0,27.021,27.602
2025-08-14 17:47:43.839487,37550.0,60.279,43.231,75,0,26.989,27.537
2025-08-14 17:47:53.848373,37560.01,60.602,43.425,75,0,26.86,27.473
2025-08-14 17:48:03.844665,37570.0,60.602,43.586,75,0,26.989,27.569
2025-08-14 17:48:13.854164,37580.01,60.763,43.489,75,0,27.021,27.505
2025-08-14 17:48:23.850996,37590.01,60.666,43.393,75,0,27.021,27.537
2025-08-14 17:48:33.846777,37600.01,60.279,43.296,75,0,27.021,27.537
2025-08-14 17:48:43.843584,37610.0,60.118,43.07,75,0,27.021,27.634
2025-08-14 17:48:53.853033,37620.01,60.312,42.941,75,0,27.021,27.569
2025-08-14 17:49:03.836541,37630.0,59.893,42.684,75,0,27.021,27.602
2025-08-14 17:49:13.851839,37640.02,59.796,42.587,75,0,26.989,27.634
2025-08-14 17:49:23.916568,37650.02,59.893,42.555,27,0,26.957,27.473
2025-08-14 17:49:33.855092,37660.01,60.021,42.619,27,0,27.021,27.569
2025-08-14 17:49:43.840456,37670.0,59.345,42.684,27,0,27.021,27.569
2025-08-14 17:49:53.850666,37680.01,58.023,42.2,27,0,26.925,27.602
2025-08-14 17:50:03.834591,37690.0,56.96,42.297,27,0,26.989,27.602
2025-08-14 17:50:13.856873,37700.01,55.993,42.232,27,0,26.957,27.569
2025-08-14 17:50:23.853265,37710.01,54.865,42.039,27,0,26.989,27.634
2025-08-14 17:50:33.912901,37720.01,53.931,41.652,99,0,26.989,27.666
2025-08-14 17:50:43.845781,37730.01,52.964,41.459,99,0,27.021,27.634
2025-08-14 17:50:53.854943,37740.01,52.706,41.395,99,0,26.925,27.634
2025-08-14 17:51:03.851654,37750.01,52.964,41.072,99,0,26.989,27.666
2025-08-14 17:51:13.834868,37760.0,53.383,40.943,99,0,26.828,27.634
2025-08-14 17:51:23.844116,37770.01,54.027,40.814,99,0,26.925,27.602
2025-08-14 17:51:33.840567,37780.01,55.252,40.718,99,0,26.893,27.666
2025-08-14 17:51:43.850061,37790.01,56.154,40.75,99,0,26.989,27.634
2025-08-14 17:51:53.846734,37800.01,57.153,40.621,99,0,26.925,27.634
2025-08-14 17:52:03.856081,37810.01,58.088,40.782,99,0,26.86,27.666
2025-08-14 17:52:13.840895,37820.0,59.055,41.072,99,0,27.021,27.634
2025-08-14 17:52:23.848682,37830.01,60.118,41.169,99,0,27.021,27.666
2025-08-14 17:52:33.832623,37840.0,61.053,41.588,99,0,26.989,27.666
2025-08-14 17:52:43.842677,37850.0,61.891,41.942,99,0,26.989,27.634
2025-08-14 17:52:53.838498,37860.01,62.922,42.361,99,0,26.828,27.602
2025-08-14 17:53:03.848079,37870.0,63.405,42.329,99,0,26.925,27.569
2025-08-14 17:53:13.856823,37880.01,63.953,42.458,99,0,27.021,27.602
2025-08-14 17:53:23.840628,37890.01,64.662,42.716,99,0,26.989,27.666
2025-08-14 17:53:33.837136,37900.0,65.532,43.264,99,0,26.925,27.634
2025-08-14 17:53:43.846318,37910.01,66.145,43.65,99,0,27.021,27.634
2025-08-14 17:53:53.855600,37920.01,66.66,44.005,99,0,26.957,27.602
2025-08-14 17:54:03.839967,37930.01,66.821,43.65,99,0,26.957,27.602
2025-08-14 17:54:13.848726,37940.01,67.015,43.844,99,0,26.957,27.666
2025-08-14 17:54:23.845451,37950.0,67.917,44.617,99,0,26.86,27.537
2025-08-14 17:54:33.854406,37960.01,68.143,44.714,99,0,26.893,27.634
2025-08-14 17:54:43.850869,37970.01,68.465,44.746,99,0,26.764,27.473
2025-08-14 17:54:53.847175,37980.01,68.884,45.294,99,0,26.828,27.666
2025-08-14 17:55:03.844110,37990.01,69.013,45.197,99,0,26.893,27.602
2025-08-14 17:55:13.853313,38000.01,69.077,45.358,99,0,26.828,27.569
2025-08-14 17:55:23.849972,38010.0,69.303,45.842,99,0,26.925,27.634
2025-08-14 17:55:33.846943,38020.0,69.786,45.874,99,0,27.021,27.634
2025-08-14 17:55:43.911251,38030.01,70.173,46.132,99,5,26.86,27.602
2025-08-14 17:55:53.852482,38040.01,70.108,46.229,99,5,26.86,27.602
2025-08-14 17:56:03.849135,38050.01,70.076,46.196,99,5,26.828,27.569
2025-08-14 17:56:13.905966,38060.01,69.657,45.713,4,5,26.764,27.569
2025-08-14 17:56:23.841191,38070.0,69.561,46.1,4,5,26.893,27.602
2025-08-14 17:56:33.850701,38080.01,68.562,46.035,4,5,26.989,27.602
2025-08-14 17:56:43.847051,38090.01,67.015,46.035,4,5,26.925,27.666
2025-08-14 17:56:53.856414,38100.01,65.049,46.035,4,5,26.893,27.666
2025-08-14 17:57:03.839926,38110.0,62.761,45.874,4,5,26.893,27.666
2025-08-14 17:57:13.901914,38120.01,60.376,45.197,0,5,26.957,27.634
2025-08-14 17:57:23.834725,38130.0,58.12,44.488,0,5,27.021,27.666
2025-08-14 17:57:33.842000,38140.01,56.315,44.166,0,5,27.021,27.666
2025-08-14 17:57:43.851259,38150.01,54.382,43.94,0,5,27.021,27.666
2025-08-14 17:57:53.847721,38160.01,52.48,43.425,0,5,27.021,27.666
2025-08-14 17:58:03.831759,38170.0,50.547,43.006,0,5,26.989,27.634
2025-08-14 17:58:13.841350,38180.0,49.032,42.748,0,5,26.989,27.666
2025-08-14 17:58:23.837922,38190.0,47.421,42.168,0,5,27.021,27.666
2025-08-14 17:58:33.847675,38200.01,45.81,41.523,0,5,27.021,27.569
2025-08-14 17:58:43.843923,38210.0,44.424,41.33,0,5,26.957,27.537
2025-08-14 17:58:53.840738,38220.01,43.135,40.557,0,5,26.86,27.602
2025-08-14 17:59:03.850394,38230.0,42.168,40.234,0,5,26.957,27.602
2025-08-14 17:59:13.859753,38240.01,41.201,39.783,0,5,26.989,27.602
2025-08-14 17:59:23.843385,38250.0,39.912,39.429,0,5,26.925,27.569
2025-08-14 17:59:33.839910,38260.0,38.945,38.623,0,5,26.796,27.44
2025-08-14 17:59:43.862079,38270.01,38.107,38.301,0,5,26.957,27.602
2025-08-14 17:59:53.845713,38280.01,37.366,37.656,0,5,27.021,27.569
2025-08-14 18:00:03.842162,38290.0,36.367,36.689,0,5,27.021,27.473
2025-08-14 18:00:13.851649,38300.01,35.4,35.529,0,5,27.021,27.44
2025-08-14 18:00:23.848034,38310.0,34.434,34.659,0,5,27.021,27.44
2025-08-14 18:00:33.857140,38320.01,33.66,33.789,0,5,27.021,27.473
2025-08-14 18:00:43.853726,38330.01,32.822,33.306,0,5,27.021,27.344
2025-08-14 18:00:53.849964,38340.01,32.5,32.661,0,5,27.021,27.376
2025-08-14 18:01:03.833708,38350.0,31.855,32.21,0,5,27.021,27.408
2025-08-14 18:01:13.906014,38360.01,31.533,31.92,0,0,27.021,27.376
2025-08-14 18:01:23.852432,38370.01,31.146,31.533,0,0,27.021,27.505
2025-08-14 18:01:33.849412,38380.01,30.566,31.146,0,0,27.021,27.505
2025-08-14 18:01:43.845091,38390.01,30.244,30.631,0,0,27.021,27.44
2025-08-14 18:01:53.841420,38400.01,29.922,30.244,0,0,27.021,27.44
2025-08-14 18:02:03.837758,38410.01,29.6,29.922,0,0,27.021,27.473
2025-08-14 18:02:13.923397,38420.01,29.277,29.6,0,0,27.021,27.376
2025-08-14 18:02:23.845042,38430.01,28.955,29.277,0,0,27.021,27.376
2025-08-14 18:02:33.852412,38440.01,28.633,28.955,0,0,27.021,27.44
2025-08-14 18:02:43.848615,38450.01,28.633,28.697,0,0,27.021,27.376
2025-08-14 18:02:53.857936,38460.01,28.311,28.472,0,0,27.021,27.376
2025-08-14 18:03:03.841308,38470.01,28.021,28.311,0,0,27.021,27.344
2025-08-14 18:03:13.863190,38480.01,27.988,28.085,0,0,27.021,27.344
2025-08-14 18:03:23.846549,38490.0,27.666,27.988,0,0,27.021,27.344
2025-08-14 18:03:33.855670,38500.01,27.666,27.666,0,0,27.021,27.344
2025-08-14 18:03:43.852107,38510.01,27.344,27.473,0,0,27.021,27.344
2025-08-14 18:03:53.847965,38520.0,27.344,27.344,0,0,27.021,27.344
2025-08-14 18:04:03.857365,38530.01,27.344,27.344,0,0,27.021,27.344
2025-08-14 18:04:13.853237,38540.01,27.279,27.344,0,0,27.021,27.344
2025-08-14 18:04:23.849527,38550.01,27.15,27.344,0,0,27.021,27.376
2025-08-14 18:04:33.845940,38560.01,27.054,27.215,0,0,27.086,27.44
2025-08-14 18:04:43.842113,38570.0,27.021,27.344,0,0,27.021,27.44
2025-08-14 18:04:53.838508,38580.0,27.021,27.344,0,0,27.054,27.344
2025-08-14 18:05:03.848453,38590.01,27.021,27.344,0,0,27.054,27.473
2025-08-14 18:05:13.843810,38600.01,27.021,27.344,0,0,27.021,27.505
2025-08-14 18:05:23.853313,38610.01,27.021,27.183,0,0,27.021,27.505
2025-08-14 18:05:33.836710,38620.0,27.021,27.118,0,0,27.021,27.602
2025-08-14 18:05:43.917534,38630.01,27.118,27.215,0,79,27.021,27.537
2025-08-14 18:05:53.844051,38640.0,27.215,27.408,0,79,27.086,27.634
2025-08-14 18:06:03.851710,38650.0,27.279,28.149,0,79,27.021,27.634
2025-08-14 18:06:13.851490,38660.01,27.054,29.116,0,79,27.021,27.634
2025-08-14 18:06:23.856047,38670.01,27.344,29.793,0,79,27.054,27.602
2025-08-14 18:06:33.914555,38680.01,27.376,31.114,0,79,27.021,27.666
2025-08-14 18:06:43.857746,38690.01,27.344,31.791,0,79,27.021,27.666
2025-08-14 18:06:53.853816,38700.01,27.666,32.661,0,79,27.021,27.666
2025-08-14 18:07:03.850468,38710.01,27.988,33.789,0,79,27.021,27.666
2025-08-14 18:07:13.847351,38720.01,28.021,34.917,0,79,27.021,27.666
2025-08-14 18:07:23.844121,38730.0,28.246,35.916,0,79,27.021,27.634
2025-08-14 18:07:33.841384,38740.0,28.504,37.012,0,79,27.021,27.634
2025-08-14 18:07:43.850048,38750.0,28.439,37.141,0,79,27.021,27.666
2025-08-14 18:07:53.860247,38760.01,28.762,38.14,0,79,27.054,27.666
2025-08-14 18:08:03.856616,38770.01,28.762,39.332,0,79,27.021,27.634
2025-08-14 18:08:13.852186,38780.01,29.02,40.234,0,79,27.086,27.666
2025-08-14 18:08:23.848977,38790.01,29.342,40.879,0,79,27.054,27.666
2025-08-14 18:08:33.846582,38800.01,29.374,41.685,0,79,27.054,27.666
2025-08-14 18:08:43.842407,38810.01,29.761,42.2,0,79,27.054,27.666
2025-08-14 18:08:53.852021,38820.01,30.244,42.49,0,79,27.021,27.666
2025-08-14 18:09:03.860678,38830.01,30.212,42.974,0,79,27.021,27.666
2025-08-14 18:09:13.857757,38840.01,30.502,43.296,0,79,27.054,27.666
2025-08-14 18:09:23.854414,38850.01,30.76,43.908,0,79,27.021,27.666
2025-08-14 18:09:33.850770,38860.01,30.631,44.102,0,79,27.021,27.666
2025-08-14 18:09:43.846961,38870.01,30.566,44.875,0,79,27.021,27.666
2025-08-14 18:09:53.844074,38880.01,30.631,45.004,0,79,27.021,27.666
2025-08-14 18:10:03.839937,38890.01,30.695,45.358,0,79,27.021,27.666
2025-08-14 18:10:13.861787,38900.01,31.179,45.81,0,79,27.021,27.666
2025-08-14 18:10:23.858495,38910.01,31.211,45.745,0,79,27.021,27.666
2025-08-14 18:10:33.842359,38920.0,31.501,46.293,0,79,27.021,27.666
2025-08-14 18:10:43.851920,38930.01,31.34,45.906,0,79,27.021,27.666
2025-08-14 18:10:53.848676,38940.01,31.211,46.519,0,79,27.021,27.666
2025-08-14 18:11:03.845345,38950.01,31.308,46.712,0,79,27.021,27.666
2025-08-14 18:11:13.841649,38960.01,31.694,46.938,0,79,27.054,27.666
2025-08-14 18:11:23.850677,38970.0,31.855,46.97,0,79,27.054,27.666
2025-08-14 18:11:33.915757,38980.01,31.533,46.68,0,0,27.086,27.666
2025-08-14 18:11:43.846670,38990.0,31.63,46.68,0,0,27.021,27.666
2025-08-14 18:11:53.853440,39000.01,31.855,46.261,0,0,27.021,27.666
2025-08-14 18:12:03.850039,39010.0,31.855,45.713,0,0,27.086,27.666
2025-08-14 18:12:13.859287,39020.01,31.855,44.746,0,0,27.279,27.666
2025-08-14 18:12:23.855786,39030.01,31.855,44.005,0,0,27.054,27.666
2025-08-14 18:12:33.839407,39040.0,31.598,42.813,0,0,27.247,27.666
2025-08-14 18:12:43.848916,39050.0,31.533,41.781,0,0,27.15,27.666
2025-08-14 18:12:53.858923,39060.01,31.211,40.557,0,0,27.118,27.666
2025-08-14 18:13:03.855063,39070.01,31.179,39.59,0,0,27.183,27.666
2025-08-14 18:13:13.851596,39080.01,30.889,38.623,0,0,27.247,27.666
2025-08-14 18:13:23.848606,39090.01,30.889,37.979,0,0,27.344,27.666
2025-08-14 18:13:33.844566,39100.01,30.566,37.302,0,0,27.344,27.666
2025-08-14 18:13:43.841279,39110.0,30.566,36.399,0,0,27.344,27.666
2025-08-14 18:13:53.850454,39120.01,30.244,35.723,0,0,27.344,27.666
2025-08-14 18:14:03.847181,39130.0,29.922,34.788,0,0,27.344,27.666
2025-08-14 18:14:13.856445,39140.01,29.793,34.111,0,0,27.312,27.763
2025-08-14 18:14:23.853222,39150.0,29.6,33.467,0,0,27.344,27.666
2025-08-14 18:14:33.862160,39160.01,29.277,32.822,0,0,27.279,27.666
2025-08-14 18:14:43.924486,39170.01,29.02,32.629,0,58,27.312,27.666
2025-08-14 18:14:53.855717,39180.01,29.084,32.468,0,58,27.344,27.666
2025-08-14 18:15:03.851177,39190.0,28.987,32.693,0,58,27.279,27.698
2025-08-14 18:15:13.847437,39200.0,28.891,32.307,0,58,27.344,27.698
2025-08-14 18:15:23.918198,39210.01,28.923,32.919,65,58,27.344,27.763
2025-08-14 18:15:33.854379,39220.01,28.794,33.112,65,58,27.344,27.666
2025-08-14 18:15:43.850103,39230.0,29.471,33.145,65,58,27.312,27.698
2025-08-14 18:15:53.846733,39240.0,30.47,33.338,65,58,27.247,27.666
2025-08-14 18:16:03.843505,39250.0,31.308,33.95,65,58,27.344,27.666
2025-08-14 18:16:13.852866,39260.01,32.564,34.208,65,58,27.344,27.666
2025-08-14 18:16:23.849640,39270.0,33.982,35.014,65,58,27.183,27.666
2025-08-14 18:16:33.846811,39280.01,34.981,35.11,65,58,27.344,27.666
2025-08-14 18:16:43.857149,39290.01,36.528,35.594,65,58,27.344,27.666
2025-08-14 18:16:53.840725,39300.0,37.882,35.626,65,58,27.344,27.666
2025-08-14 18:17:03.848613,39310.01,39.01,36.528,65,58,27.344,27.666
2025-08-14 18:17:13.857836,39320.01,39.88,37.27,65,58,27.344,27.666
2025-08-14 18:17:23.841624,39330.0,41.04,36.818,65,58,27.344,27.666
2025-08-14 18:17:33.851254,39340.01,42.039,37.398,65,58,27.344,27.666
2025-08-14 18:17:43.848229,39350.01,42.716,37.882,65,58,27.344,27.666
2025-08-14 18:17:53.845644,39360.01,43.876,38.688,65,58,27.344,27.666
2025-08-14 18:18:03.853838,39370.01,44.424,38.462,65,58,27.344,27.666
2025-08-14 18:18:13.849988,39380.0,45.358,39.364,65,58,27.312,27.666
2025-08-14 18:18:23.846228,39390.01,45.81,39.687,65,58,27.344,27.666
2025-08-14 18:18:33.843001,39400.0,46.486,40.138,65,58,27.344,27.666
2025-08-14 18:18:43.918289,39410.01,47.099,40.073,14,58,27.344,27.666
2025-08-14 18:18:53.849002,39420.01,47.26,39.944,14,58,27.344,27.666
2025-08-14 18:19:03.846332,39430.0,46.873,40.041,14,58,27.344,27.666
2025-08-14 18:19:13.854549,39440.01,46.551,39.977,14,58,27.344,27.666
2025-08-14 18:19:23.905360,39450.01,45.777,40.267,14,0,27.344,27.666
2025-08-14 18:19:33.847336,39460.01,45.133,40.363,14,0,27.344,27.666
2025-08-14 18:19:43.857470,39470.01,44.134,39.977,14,0,27.344,27.666
2025-08-14 18:19:53.840927,39480.0,43.489,39.268,14,0,27.312,27.666
2025-08-14 18:20:03.850164,39490.01,42.555,38.752,14,0,27.312,27.666
2025-08-14 18:20:13.846313,39500.01,42.039,38.107,14,0,27.312,27.666
2025-08-14 18:20:23.842814,39510.0,41.298,37.56,14,0,27.279,27.666
2025-08-14 18:20:33.852050,39520.01,40.653,36.915,14,0,27.312,27.666
2025-08-14 18:20:43.848463,39530.01,39.848,36.174,14,0,27.279,27.666
2025-08-14 18:20:53.857855,39540.01,39.01,35.368,14,0,27.247,27.666
2025-08-14 18:21:03.903658,39550.01,38.301,34.756,0,0,27.118,27.666
2025-08-14 18:21:13.850588,39560.01,37.656,34.434,0,0,27.021,27.666
2025-08-14 18:21:23.834157,39570.0,37.012,33.789,0,0,27.183,27.634
2025-08-14 18:21:33.856383,39580.01,36.367,33.435,0,0,27.215,27.666
2025-08-14 18:21:43.853114,39590.01,35.69,32.79,0,0,27.086,27.634
2025-08-14 18:21:53.849668,39600.01,34.756,32.178,0,0,27.215,27.666
2025-08-14 18:22:03.125305,0,34.369,31.855,0,0,27.247,27.666
2025-08-14 18:22:13.134664,10.01,33.563,31.211,0,0,27.215,27.666
2025-08-14 18:22:23.144208,20.01,32.919,30.889,0,0,27.279,27.634
2025-08-14 18:22:33.140112,30.0,32.5,30.566,0,0,27.279,27.666
2025-08-14 18:22:43.137068,40.0,31.855,30.115,0,0,27.312,27.666
2025-08-14 18:22:53.132925,50.0,31.211,29.922,0,0,27.279,27.666
2025-08-14 18:23:03.129221,60.0,30.889,29.6,0,0,27.118,27.666
2025-08-14 18:23:13.138949,70.01,30.47,29.277,0,0,27.279,27.666
2025-08-14 18:23:23.135779,80.01,29.922,28.955,0,0,27.15,27.666
2025-08-14 18:23:33.132361,90.01,29.6,28.633,0,0,27.118,27.537
2025-08-14 18:23:43.128921,100.0,29.277,28.568,0,0,27.086,27.634
2025-08-14 18:23:53.125340,110.0,29.02,28.311,0,0,27.021,27.569
2025-08-14 18:24:03.134537,120.01,28.633,27.988,0,0,27.021,27.602
2025-08-14 18:24:13.132006,130.0,28.375,27.988,0,0,27.118,27.473
2025-08-14 18:24:23.131012,140.01,28.278,27.666,0,0,27.054,27.569
2025-08-14 18:24:33.142283,150.01,27.988,27.634,0,0,27.15,27.634
2025-08-14 18:24:43.139679,160.01,27.666,27.376,0,0,27.054,27.602
2025-08-14 18:24:53.123732,170.0,27.666,27.344,0,0,27.021,27.602
2025-08-14 18:25:03.132756,180.01,27.505,27.344,0,0,27.021,27.569
2025-08-14 18:25:13.129125,190.01,27.344,27.086,0,0,27.021,27.44
2025-08-14 18:25:23.139449,200.01,27.086,27.021,0,0,27.021,27.408
2025-08-14 18:25:33.121745,210.0,27.021,26.828,0,0,27.021,27.376
2025-08-14 18:25:43.118541,220.0,27.021,26.699,0,0,27.021,27.408
2025-08-14 18:25:53.127671,230.01,26.699,26.699,0,0,27.021,27.344
2025-08-14 18:26:03.124137,240.01,26.699,26.538,0,0,27.021,27.408
2025-08-14 18:26:13.145744,250.01,26.441,26.377,0,0,27.021,27.344
2025-08-14 18:26:23.141849,260.0,26.377,26.377,0,0,27.021,27.344
2025-08-14 18:26:33.138134,270.0,26.377,26.377,0,0,27.021,27.376
2025-08-14 18:26:43.134189,280.0,26.377,26.345,0,0,27.021,27.408
2025-08-14 18:26:53.130718,290.01,26.087,26.119,0,0,27.021,27.344
2025-08-14 18:27:03.140084,300.01,26.087,26.055,0,0,27.021,27.376
2025-08-14 18:27:13.136608,310.01,26.055,26.055,0,0,27.021,27.344
2025-08-14 18:27:23.132809,320.0,26.055,26.055,0,0,27.021,27.344
2025-08-14 18:27:33.142909,330.01,26.055,26.055,0,0,27.021,27.408
2025-08-14 18:27:43.126350,340.0,26.055,26.055,0,0,27.021,27.344
2025-08-14 18:27:53.135049,350.01,25.926,25.861,0,0,27.021,27.344
2025-08-14 18:28:03.131481,360.01,25.829,25.732,0,0,27.021,27.376
2025-08-14 18:28:13.128645,370.0,25.732,25.765,0,0,27.021,27.344
2025-08-14 18:28:23.137341,380.01,25.732,25.732,0,0,27.021,27.376
2025-08-14 18:28:33.133530,390.01,25.732,25.732,0,0,27.021,27.344
2025-08-14 18:28:43.130851,400.0,25.732,25.732,0,0,27.021,27.344
2025-08-14 18:28:53.126164,410.0,25.732,25.732,0,0,27.021,27.344
2025-08-14 18:29:03.122573,420.01,25.732,25.732,0,0,27.021,27.344
2025-08-14 18:29:13.132142,430.01,25.732,25.732,0,0,27.021,27.376
2025-08-14 18:29:23.141751,440.01,25.732,25.732,0,0,27.021,27.344
2025-08-14 18:29:33.137754,450.01,25.7,25.732,0,0,27.021,27.344
2025-08-14 18:29:43.135396,460.01,25.732,25.7,0,0,27.021,27.344
2025-08-14 18:29:53.130273,470.01,25.732,25.7,0,0,27.021,27.344
2025-08-14 18:30:03.139652,480.01,25.507,25.7,0,0,27.021,27.344
2025-08-14 18:30:13.135760,490.01,25.571,25.732,0,0,27.021,27.344
2025-08-14 18:30:23.133492,500.01,25.507,25.668,0,0,27.021,27.344
2025-08-14 18:30:33.141595,510.01,25.604,25.668,0,0,27.021,27.344
2025-08-14 18:30:43.137559,520.01,25.539,25.668,0,0,27.021,27.344
2025-08-14 18:30:53.133902,530.01,25.41,25.7,0,0,27.021,27.376
2025-08-14 18:31:03.130343,540.01,25.668,25.732,0,0,27.021,27.344
2025-08-14 18:31:13.139754,550.01,25.604,25.732,0,0,27.021,27.344
2025-08-14 18:31:23.136112,560.01,25.636,25.732,0,0,27.021,27.376
2025-08-14 18:31:33.132583,570.01,25.668,25.732,0,0,27.021,27.44
2025-08-14 18:31:43.128866,580.0,25.604,25.732,0,0,27.021,27.344
2025-08-14 18:31:53.138029,590.01,25.7,25.732,0,0,27.021,27.376
2025-08-14 18:32:03.134840,600.01,25.636,25.732,0,0,27.021,27.408
2025-08-14 18:32:13.131144,610.01,25.732,25.732,0,0,27.021,27.473
2025-08-14 18:32:23.127675,620.01,25.732,25.732,0,0,27.021,27.344
2025-08-14 18:32:33.124323,630.01,25.668,25.732,0,0,27.021,27.376
2025-08-14 18:32:43.133509,640.01,25.732,25.732,0,0,27.021,27.376
2025-08-14 18:32:53.142799,650.01,25.732,25.732,0,0,27.021,27.344
2025-08-14 18:33:03.139584,660.01,25.732,25.732,0,0,27.021,27.376
2025-08-14 18:33:13.135370,670.01,25.732,25.732,0,0,27.021,27.376
2025-08-14 18:33:23.144793,680.01,25.732,25.732,0,0,27.021,27.473
2025-08-14 18:33:33.141538,690.01,25.732,25.732,0,0,27.021,27.44
2025-08-14 18:33:43.137696,700.01,25.732,25.732,0,0,27.021,27.408
2025-08-14 18:33:53.134456,710.0,25.732,25.732,0,0,27.021,27.473
2025-08-14 18:34:03.130490,720.0,25.732,25.765,0,0,27.021,27.473
2025-08-14 18:34:13.139544,730.01,25.732,25.732,0,0,27.021,27.537
2025-08-14 18:34:23.122947,740.0,25.732,25.732,0,0,27.021,27.602
2025-08-14 18:34:33.132206,750.01,25.732,25.732,0,0,27.021,27.537
2025-08-14 18:34:43.129087,760.0,25.732,25.732,0,0,27.021,27.505
2025-08-14 18:34:53.138331,770.01,25.732,25.732,0,0,27.021,27.537
2025-08-14 18:35:03.122183,780.0,25.732,25.732,0,0,27.021,27.634
2025-08-14 18:35:13.131373,790.01,25.732,25.732,0,0,27.021,27.473
2025-08-14 18:35:23.127639,800.0,25.732,25.732,0,0,27.021,27.569
2025-08-14 18:35:33.138083,810.01,25.732,25.732,0,0,27.021,27.602
2025-08-14 18:35:43.120748,820.01,25.732,25.732,0,0,27.021,27.537
2025-08-14 18:35:53.143021,830.01,25.732,25.732,0,0,27.021,27.473
2025-08-14 18:36:03.126449,840.0,25.732,25.732,0,0,27.021,27.569
2025-08-14 18:36:13.135910,850.01,25.732,25.765,0,0,27.021,27.44
2025-08-14 18:36:23.132353,860.0,25.732,25.732,0,0,27.021,27.505
2025-08-14 18:36:33.141776,870.01,25.732,25.765,0,0,27.021,27.505
2025-08-14 18:36:43.138660,880.0,25.732,25.732,0,0,27.021,27.634
2025-08-14 18:36:53.148220,890.01,25.732,25.765,0,0,27.021,27.44
2025-08-14 18:37:03.131851,900.0,25.732,25.797,0,0,27.021,27.473
2025-08-14 18:37:13.141471,910.01,25.732,25.732,0,0,27.021,27.44
2025-08-14 18:37:23.137854,920.0,25.732,25.797,0,0,27.021,27.473
2025-08-14 18:37:33.134831,930.0,25.732,25.732,0,0,27.021,27.537
2025-08-14 18:37:43.130406,940.0,25.732,25.732,0,0,27.021,27.376
2025-08-14 18:37:53.140318,950.01,25.732,25.732,0,0,27.021,27.569
2025-08-14 18:38:03.136224,960.01,25.7,25.732,0,0,27.021,27.473
2025-08-14 18:38:13.132681,970.01,25.732,25.732,0,0,27.021,27.505
2025-08-14 18:38:23.141852,980.01,25.732,25.732,0,0,27.021,27.634
2025-08-14 18:38:33.138438,990.01,25.732,25.732,0,0,27.021,27.666
2025-08-14 18:38:43.135074,1000.01,25.732,25.732,0,0,27.021,27.505
2025-08-14 18:38:53.131803,1010.01,25.732,25.732,0,0,27.021,27.569
2025-08-14 18:39:03.128357,1020.01,25.732,25.732,0,0,27.021,27.505
2025-08-14 18:39:13.137914,1030.01,25.732,25.732,0,0,27.021,27.505
2025-08-14 18:39:23.135144,1040.01,25.732,25.732,0,0,27.021,27.44
2025-08-14 18:39:33.130536,1050.01,25.732,25.732,0,0,27.021,27.376
2025-08-14 18:39:43.126993,1060.01,25.732,25.732,0,0,27.021,27.408
2025-08-14 18:39:53.123617,1070.01,25.732,25.732,0,0,27.021,27.44
2025-08-14 18:40:03.120383,1080.01,25.732,25.732,0,0,27.021,27.344
2025-08-14 18:40:13.129623,1090.01,25.732,25.732,0,0,27.021,27.376
2025-08-14 18:40:23.138804,1100.01,25.732,25.732,0,0,27.021,27.408
2025-08-14 18:40:33.137803,1110.0,25.732,25.732,0,0,27.021,27.344
2025-08-14 18:40:43.144495,1120.01,25.732,25.732,0,0,27.021,27.44
2025-08-14 18:40:53.140817,1130.01,25.7,25.732,0,0,27.021,27.344
2025-08-14 18:41:03.137156,1140.0,25.732,25.732,0,0,27.021,27.376
2025-08-14 18:41:13.134344,1150.0,25.732,25.732,0,0,27.021,27.376
2025-08-14 18:41:23.142641,1160.01,25.732,25.732,0,0,27.021,27.408
2025-08-14 18:41:33.138973,1170.01,25.732,25.732,0,0,27.021,27.376
2025-08-14 18:41:43.135232,1180.01,25.732,25.732,0,0,27.021,27.376
2025-08-14 18:41:53.131879,1190.01,25.732,25.732,0,0,27.021,27.473
2025-08-14 18:42:03.128580,1200.01,25.732,25.732,0,0,27.021,27.376
2025-08-14 18:42:13.124905,1210.01,25.732,25.732,0,0,27.021,27.376
2025-08-14 18:42:23.127779,1220.0,25.732,25.732,0,0,27.021,27.376
2025-08-14 18:42:33.123036,1230.0,25.732,25.732,0,0,27.021,27.344
2025-08-14 18:42:43.123494,1240.0,25.732,25.732,0,0,27.021,27.344
2025-08-14 18:42:53.128536,1250.0,25.732,25.732,0,0,27.021,27.344
2025-08-14 18:43:03.122641,1260.01,25.732,25.732,0,0,27.021,27.344
2025-08-14 18:43:13.130654,1270.01,25.732,25.732,0,0,27.021,27.408
2025-08-14 18:43:23.126501,1280.01,25.732,25.732,0,0,27.021,27.344
2025-08-14 18:43:33.135855,1290.01,25.732,25.732,0,0,27.021,27.344
2025-08-14 18:43:43.131933,1300.01,25.732,25.732,0,0,27.021,27.344
2025-08-14 18:43:53.140826,1310.01,25.732,25.732,0,0,27.021,27.344
2025-08-14 18:44:03.137064,1320.01,25.732,25.732,0,0,27.021,27.344
2025-08-14 18:44:13.133487,1330.0,25.732,25.765,0,0,27.021,27.344
2025-08-14 18:44:23.142459,1340.01,25.732,25.732,0,0,27.021,27.344
2025-08-14 18:44:33.138829,1350.01,25.7,25.732,0,0,26.957,27.344
2025-08-14 18:44:43.135892,1360.01,25.732,25.732,0,0,26.925,27.344
2025-08-14 18:44:53.131514,1370.01,25.732,25.732,0,0,27.021,27.344
2025-08-14 18:45:03.127574,1380.0,25.732,25.732,0,0,27.021,27.344
2025-08-14 18:45:13.137023,1390.01,25.732,25.732,0,0,26.989,27.344
2025-08-14 18:45:23.133774,1400.01,25.732,25.732,0,0,27.021,27.376
2025-08-14 18:45:33.142208,1410.01,25.732,25.732,0,0,27.021,27.344
2025-08-14 18:45:43.138161,1420.01,25.732,25.732,0,0,27.021,27.344
2025-08-14 18:45:53.134448,1430.01,25.7,25.732,0,0,27.021,27.344
2025-08-14 18:46:03.130800,1440.01,25.7,25.732,0,0,26.957,27.344
2025-08-14 18:46:13.126993,1450.01,25.732,25.732,0,0,27.021,27.344
2025-08-14 18:46:23.136186,1460.01,25.732,25.732,0,0,27.021,27.344
2025-08-14 18:46:33.132575,1470.01,25.604,25.732,0,0,27.021,27.344
2025-08-14 18:46:43.129110,1480.01,25.604,25.732,0,0,27.021,27.344
2025-08-14 18:46:53.137330,1490.0,25.636,25.732,0,0,27.021,27.344
2025-08-14 18:47:03.133748,1500.01,25.571,25.732,0,0,27.021,27.344
2025-08-14 18:47:13.130262,1510.0,25.507,25.732,0,0,27.021,27.344
2025-08-14 18:47:23.140181,1520.01,25.475,25.507,0,0,26.989,27.344
2025-08-14 18:47:33.135792,1530.01,25.442,25.636,0,0,27.021,27.344
2025-08-14 18:47:43.131490,1540.01,25.442,25.668,0,0,26.957,27.344
2025-08-14 18:47:53.130413,1550.01,25.475,25.668,0,0,26.989,27.344
2025-08-14 18:48:03.136731,1560.01,25.475,25.668,0,0,26.893,27.344
2025-08-14 18:48:13.132997,1570.01,25.41,23.702,0,0,27.021,27.344
2025-08-14 18:48:23.129408,1580.01,25.571,25.732,0,0,27.021,27.344
2025-08-14 18:48:33.138544,1590.01,25.539,25.732,0,0,27.021,27.344
2025-08-14 18:48:43.121969,1600.01,25.442,25.732,0,0,27.021,27.344
2025-08-14 18:48:53.131035,1610.01,25.539,25.732,0,0,27.021,27.344
2025-08-14 18:49:03.127358,1620.01,25.636,25.732,0,0,27.021,27.344
2025-08-14 18:49:13.136910,1630.01,25.668,25.732,0,0,27.021,27.344
2025-08-14 18:49:23.120604,1640.0,25.636,25.732,0,0,27.021,27.344
2025-08-14 18:49:33.130392,1650.01,25.604,25.732,0,0,26.989,27.344
2025-08-14 18:49:43.126020,1660.01,25.571,25.732,0,0,26.989,27.376
2025-08-14 18:49:53.148339,1670.01,25.604,25.732,0,0,27.021,27.344
2025-08-14 18:50:03.144961,1680.01,25.732,25.732,0,0,27.021,27.344
2025-08-14 18:50:13.140685,1690.01,25.732,25.732,0,0,27.021,27.344
2025-08-14 18:50:23.137098,1700.01,25.732,25.732,0,0,26.989,27.344
2025-08-14 18:50:33.133804,1710.01,25.732,25.765,0,0,27.021,27.376
2025-08-14 18:50:43.130081,1720.01,25.732,25.765,0,0,27.021,27.376
2025-08-14 18:50:53.139608,1730.01,25.732,25.732,0,0,27.021,27.376
2025-08-14 18:51:03.135889,1740.01,25.732,25.765,0,0,27.021,27.408
2025-08-14 18:51:13.132423,1750.01,25.732,25.797,0,0,27.021,27.344
2025-08-14 18:51:23.141569,1760.01,25.732,25.732,0,0,26.989,27.344
2025-08-14 18:51:33.137751,1770.01,25.732,25.732,0,0,27.021,27.344
2025-08-14 18:51:43.121380,1780.0,25.732,25.765,0,0,27.021,27.408
2025-08-14 18:51:53.130818,1790.01,25.732,25.765,0,0,27.021,27.344
2025-08-14 18:52:03.140235,1800.01,25.732,25.732,0,0,27.021,27.376
2025-08-14 18:52:13.123759,1810.0,25.732,25.732,0,0,27.021,27.344
2025-08-14 18:52:23.133509,1820.01,25.732,25.732,0,0,27.021,27.376
2025-08-14 18:52:33.130066,1830.01,25.732,25.732,0,0,27.021,27.344
2025-08-14 18:52:43.138863,1840.01,25.732,25.732,0,0,27.021,27.344
2025-08-14 18:52:53.122195,1850.01,25.7,25.732,0,0,27.021,27.344
2025-08-14 18:53:03.118379,1860.0,25.604,25.636,0,0,27.021,27.344
2025-08-14 18:53:13.127672,1870.0,25.507,25.668,0,0,27.021,27.344
2025-08-14 18:53:23.136705,1880.01,25.539,25.636,0,0,27.021,27.344
2025-08-14 18:53:33.145735,1890.01,25.442,25.539,0,0,27.021,27.344
2025-08-14 18:53:43.142164,1900.01,25.539,25.442,0,0,27.021,27.344
2025-08-14 18:53:53.138383,1910.01,25.41,24.443,0,0,27.021,27.344
2025-08-14 18:54:03.134645,1920.01,25.41,25.41,0,0,27.021,27.344
2025-08-14 18:54:13.144018,1930.01,25.41,25.475,0,0,27.021,27.344
2025-08-14 18:54:23.140362,1940.01,25.41,25.41,0,0,27.021,27.344
2025-08-14 18:54:33.136756,1950.0,25.41,25.41,0,0,27.021,27.344
2025-08-14 18:54:43.133107,1960.0,25.378,25.41,0,0,27.021,27.344
2025-08-14 18:54:53.129128,1970.01,25.41,25.41,0,0,27.021,27.344
2025-08-14 18:55:03.138081,1980.01,25.41,25.41,0,0,27.021,27.344
2025-08-14 18:55:13.134403,1990.01,25.41,25.41,0,0,26.989,27.344
2025-08-14 18:55:23.130827,2000.01,25.41,25.41,0,0,27.021,27.312
2025-08-14 18:55:33.141197,2010.01,25.41,25.41,0,0,27.021,27.344
2025-08-14 18:55:43.136266,2020.01,25.41,25.41,0,0,27.021,27.344
2025-08-14 18:55:53.133177,2030.0,25.41,25.41,0,0,27.021,27.344
2025-08-14 18:56:03.128802,2040.01,25.41,25.41,0,0,27.021,27.344
2025-08-14 18:56:13.124872,2050.0,25.41,25.41,0,0,27.021,27.344
2025-08-14 18:56:23.134062,2060.01,25.41,25.41,0,0,27.021,27.344
2025-08-14 18:56:33.130489,2070.01,25.41,25.41,0,0,27.021,27.344
2025-08-14 18:56:43.126987,2080.01,25.41,25.41,0,0,27.021,27.344
2025-08-14 18:56:53.136292,2090.01,25.41,25.41,0,0,27.021,27.344
2025-08-14 18:57:03.132678,2100.01,25.41,25.41,0,0,27.021,27.344
2025-08-14 18:57:13.129093,2110.01,25.41,25.41,0,0,27.021,27.344
2025-08-14 18:57:23.138139,2120.0,25.41,25.41,0,0,27.021,27.344
2025-08-14 18:57:33.121687,2130.0,25.41,25.41,0,0,27.021,27.344
2025-08-14 18:57:43.130968,2140.01,25.41,25.41,0,0,27.021,27.344
2025-08-14 18:57:53.139933,2150.01,25.41,25.41,0,0,27.021,27.344
2025-08-14 18:58:03.136422,2160.01,25.41,25.41,0,0,27.021,27.344
2025-08-14 18:58:13.145474,2170.01,25.378,25.41,0,0,26.957,27.344
2025-08-14 18:58:23.142514,2180.01,25.41,25.378,0,0,26.957,27.279
2025-08-14 18:58:33.127030,2190.01,25.41,25.41,0,0,26.957,27.344
2025-08-14 18:58:43.136389,2200.01,25.41,25.41,0,0,26.957,27.215
2025-08-14 18:58:53.121098,2210.0,25.41,25.41,0,0,27.021,27.344
2025-08-14 18:59:03.142800,2220.01,25.378,25.378,0,0,26.989,27.247
2025-08-14 18:59:13.126802,2230.01,25.378,25.378,0,0,26.893,27.247
2025-08-14 18:59:23.123658,2240.01,25.378,25.41,0,0,26.925,27.183
2025-08-14 18:59:33.133256,2250.01,25.41,25.281,0,0,26.989,27.183
2025-08-14 18:59:43.129804,2260.01,25.41,25.41,0,0,26.957,27.183
2025-08-14 18:59:53.126494,2270.01,25.41,25.313,0,0,26.925,27.247
2025-08-14 19:00:03.148673,2280.01,25.346,24.347,0,0,26.925,27.021
2025-08-14 19:00:13.145506,2290.01,25.346,25.378,0,0,26.764,27.118
2025-08-14 19:00:23.142129,2300.01,25.281,25.378,0,0,26.86,27.118
2025-08-14 19:00:33.138687,2310.0,25.217,25.346,0,0,26.731,27.15
2025-08-14 19:00:43.147897,2320.01,25.185,25.249,0,0,26.699,27.118
2025-08-14 19:00:53.144388,2330.01,25.185,25.249,0,0,26.828,27.086
2025-08-14 19:01:03.141012,2340.01,25.313,25.217,0,0,26.893,27.021
2025-08-14 19:01:13.137586,2350.01,25.346,25.217,0,0,27.021,27.118
2025-08-14 19:01:23.146803,2360.01,25.12,25.249,0,0,26.796,27.054
2025-08-14 19:01:33.144039,2370.01,25.088,25.152,0,0,26.764,27.021
2025-08-14 19:01:43.140038,2380.01,25.088,25.185,0,0,26.731,27.118
2025-08-14 19:01:53.137236,2390.01,25.088,25.185,0,0,26.828,27.021
2025-08-14 19:02:03.132673,2400.01,25.088,25.185,0,0,26.764,27.15
2025-08-14 19:02:13.141644,2410.01,25.088,25.12,0,0,26.796,27.054
2025-08-14 19:02:23.138667,2420.01,25.12,25.249,0,0,26.731,27.021
2025-08-14 19:02:33.121717,2430.0,25.088,25.185,0,0,26.828,27.054
2025-08-14 19:02:43.131264,2440.0,25.12,25.217,0,0,26.828,27.183
2025-08-14 19:02:53.127401,2450.01,25.12,25.249,0,0,26.893,27.054
2025-08-14 19:03:03.136498,2460.01,25.152,25.088,0,0,26.893,27.086
2025-08-14 19:03:13.132863,2470.01,25.12,25.12,0,0,26.731,27.086
2025-08-14 19:03:23.129472,2480.01,25.088,25.185,0,0,26.764,27.021
2025-08-14 19:03:33.125515,2490.01,25.12,25.313,0,0,26.925,27.183
2025-08-14 19:03:43.134948,2500.01,25.152,25.217,0,0,26.764,27.118
2025-08-14 19:03:53.134818,2510.01,25.12,25.185,0,0,26.764,27.021
2025-08-14 19:04:03.122521,2520.01,25.088,25.217,0,0,26.731,27.021
2025-08-14 19:04:13.134250,2530.01,25.12,25.152,0,0,26.764,27.086
2025-08-14 19:04:23.144742,2540.01,25.12,25.152,0,0,26.764,27.021
2025-08-14 19:04:33.142584,2550.01,25.12,25.185,0,0,26.86,27.054
2025-08-14 19:04:43.138918,2560.01,25.185,25.185,0,0,26.764,27.021
2025-08-14 19:04:53.135575,2570.0,25.088,25.152,0,0,26.764,27.054
2025-08-14 19:05:03.131979,2580.0,25.088,25.185,0,0,26.764,27.021
2025-08-14 19:05:13.141417,2590.01,25.088,25.152,0,0,26.699,27.021
2025-08-14 19:05:23.138021,2600.01,25.152,25.12,0,0,26.699,27.021
2025-08-14 19:05:33.136032,2610.0,25.12,25.217,0,0,26.731,27.021
2025-08-14 19:05:43.144230,2620.01,25.088,25.185,0,0,26.699,27.021
2025-08-14 19:05:53.128329,2630.0,25.12,25.152,0,0,26.731,27.021
2025-08-14 19:06:03.137092,2640.01,25.12,25.313,0,0,26.699,27.021
2025-08-14 19:06:13.133257,2650.01,25.088,25.217,0,0,26.699,27.021
2025-08-14 19:06:23.129881,2660.01,25.088,25.12,0,0,26.699,27.021
2025-08-14 19:06:33.139543,2670.01,25.088,25.12,0,0,26.699,27.021
2025-08-14 19:06:43.122621,2680.0,25.088,25.152,0,0,26.699,27.021
2025-08-14 19:06:53.132451,2690.01,25.088,25.152,0,0,26.699,27.021
2025-08-14 19:07:03.128105,2700.01,25.088,25.088,0,0,26.699,27.021
2025-08-14 19:07:13.137508,2710.01,25.088,25.12,0,0,26.699,27.021
2025-08-14 19:07:23.121209,2720.0,25.088,25.12,0,0,26.699,27.021
2025-08-14 19:07:33.129861,2730.01,25.12,25.152,0,0,26.699,27.021
2025-08-14 19:07:43.126756,2740.01,25.088,25.249,0,0,26.699,27.021
2025-08-14 19:07:53.135536,2750.01,25.088,25.249,0,0,26.699,27.021
2025-08-14 19:08:03.119456,2760.0,25.152,25.313,0,0,26.699,27.021
2025-08-14 19:08:13.128699,2770.01,25.12,25.378,0,0,26.699,27.021
2025-08-14 19:08:23.138651,2780.0,25.088,25.313,0,0,26.699,27.021
2025-08-14 19:08:33.147226,2790.01,25.088,25.313,0,0,26.699,27.021
2025-08-14 19:08:43.143197,2800.01,25.088,25.41,0,0,26.699,27.021
2025-08-14 19:08:53.139484,2810.01,25.088,25.378,0,0,26.699,27.021
2025-08-14 19:09:03.137623,2820.01,25.088,25.378,0,0,26.699,27.021
2025-08-14 19:09:13.132372,2830.01,25.12,25.41,0,0,26.699,27.054
2025-08-14 19:09:23.142288,2840.01,25.281,25.41,0,0,26.699,27.054
2025-08-14 19:09:33.138010,2850.0,25.12,25.41,0,0,26.699,27.15
2025-08-14 19:09:43.135488,2860.01,25.313,24.959,0,0,26.699,27.183
2025-08-14 19:09:53.130902,2870.01,25.41,25.41,0,0,26.699,27.312
2025-08-14 19:10:03.140280,2880.01,25.313,25.41,0,0,26.699,27.279
2025-08-14 19:10:13.136955,2890.01,25.346,25.152,0,0,26.699,27.312
2025-08-14 19:10:23.133636,2900.01,25.217,25.41,0,0,26.699,27.183
2025-08-14 19:10:33.130643,2910.01,25.217,25.41,0,0,26.699,27.279
2025-08-14 19:10:43.128089,2920.01,25.313,25.41,0,0,26.699,27.279
2025-08-14 19:10:53.137117,2930.0,25.313,25.41,0,0,26.699,27.183
2025-08-14 19:11:03.133664,2940.01,25.217,25.41,0,0,26.699,27.15
2025-08-14 19:11:13.130316,2950.01,25.281,25.41,0,0,26.699,27.215
2025-08-14 19:11:23.139945,2960.01,25.185,25.41,0,0,26.699,27.344
2025-08-14 19:11:33.136373,2970.01,25.185,25.41,0,0,26.699,27.312
2025-08-14 19:11:43.133023,2980.0,25.217,25.41,0,0,26.699,27.279
2025-08-14 19:11:53.129659,2990.01,25.249,25.41,0,0,26.699,27.344
2025-08-14 19:12:03.138953,3000.01,25.346,25.41,0,0,26.699,27.312
2025-08-14 19:12:13.122670,3010.0,25.41,25.442,0,0,26.699,27.279
2025-08-14 19:12:23.132179,3020.01,25.41,25.507,0,0,26.699,27.344
2025-08-14 19:12:33.128558,3030.0,25.41,25.475,0,0,26.699,27.215
2025-08-14 19:12:43.137926,3040.01,25.41,25.442,0,0,26.699,27.247
2025-08-14 19:12:53.134392,3050.01,25.41,25.41,0,0,26.699,27.247
2025-08-14 19:13:03.130988,3060.01,25.41,25.41,0,0,26.699,27.247
2025-08-14 19:13:13.127842,3070.01,25.41,25.41,0,0,26.699,27.344
2025-08-14 19:13:23.137340,3080.01,25.378,25.41,0,0,26.699,27.279
2025-08-14 19:13:33.133986,3090.01,25.313,25.41,0,0,26.699,27.344
2025-08-14 19:13:43.130809,3100.01,25.313,25.41,0,0,26.699,27.344
2025-08-14 19:13:53.127348,3110.0,25.41,25.41,0,0,26.699,27.247
2025-08-14 19:14:03.124008,3120.01,25.281,25.41,0,0,26.699,27.312
2025-08-14 19:14:13.133499,3130.01,25.346,25.442,0,0,26.699,27.247
2025-08-14 19:14:23.130047,3140.01,25.378,25.41,0,0,26.699,27.247
2025-08-14 19:14:33.126839,3150.01,25.313,25.41,0,0,26.699,27.086
2025-08-14 19:14:43.136342,3160.0,25.346,25.41,0,0,26.667,27.183
2025-08-14 19:14:53.133181,3170.01,25.41,25.41,0,0,26.699,27.247
2025-08-14 19:15:03.130187,3180.01,25.378,25.41,0,0,26.699,27.247
2025-08-14 19:15:13.127160,3190.01,25.378,25.442,0,0,26.667,27.312
2025-08-14 19:15:23.123985,3200.01,25.41,25.475,0,0,26.699,27.247
2025-08-14 19:15:33.134009,3210.01,16.838,25.475,0,0,26.699,27.15
2025-08-14 19:15:43.130604,3220.01,25.41,25.539,0,0,26.699,27.344
2025-08-14 19:15:53.127214,3230.0,25.41,25.571,0,0,26.699,27.344
2025-08-14 19:16:03.136670,3240.01,25.41,25.571,0,0,26.699,27.312
2025-08-14 19:16:13.145869,3250.01,25.41,25.442,0,0,26.699,27.312
2025-08-14 19:16:23.142140,3260.01,25.41,25.475,0,0,26.699,27.312
2025-08-14 19:16:33.125725,3270.0,25.41,25.41,0,0,26.699,27.312
2025-08-14 19:16:43.135190,3280.01,25.41,25.475,0,0,26.699,27.344
2025-08-14 19:16:53.144332,3290.01,25.41,25.41,0,0,26.699,27.344
2025-08-14 19:17:03.127672,3300.0,25.41,25.41,0,0,26.699,27.344
2025-08-14 19:17:13.136997,3310.01,25.41,25.442,0,0,26.699,27.344
2025-08-14 19:17:23.133473,3320.0,25.41,25.41,0,0,26.699,27.344
2025-08-14 19:17:33.142389,3330.01,25.41,25.41,0,0,26.603,27.344
2025-08-14 19:17:43.139881,3340.01,25.41,25.41,0,0,26.699,27.279
2025-08-14 19:17:53.123087,3350.0,25.41,25.41,0,0,26.699,27.344
2025-08-14 19:18:03.131730,3360.01,25.41,25.41,0,0,26.699,27.312
2025-08-14 19:18:13.127625,3370.0,25.41,25.41,0,0,26.699,27.344
2025-08-14 19:18:23.136999,3380.01,25.41,25.41,0,0,26.699,26.764
2025-08-14 19:18:33.133497,3390.01,25.41,25.41,0,0,26.699,27.344
2025-08-14 19:18:43.131043,3400.0,25.41,25.41,0,0,26.699,27.344
2025-08-14 19:18:53.126089,3410.0,25.41,25.442,0,0,26.699,27.344
2025-08-14 19:19:03.122337,3420.0,25.41,25.442,0,0,26.699,27.344
2025-08-14 19:19:13.131272,3430.01,25.41,25.41,0,0,26.699,27.344
2025-08-14 19:19:23.127352,3440.01,25.41,25.41,0,0,26.699,27.344
2025-08-14 19:19:33.123504,3450.01,25.41,25.442,0,0,26.699,27.344
2025-08-14 19:19:43.133087,3460.01,25.41,25.442,0,0,26.699,27.344
2025-08-14 19:19:53.129693,3470.01,25.41,25.507,0,0,26.699,27.344
2025-08-14 19:20:03.125354,3480.01,25.41,25.442,0,0,26.699,27.344
2025-08-14 19:20:13.134371,3490.01,25.41,25.41,0,0,26.699,27.344
2025-08-14 19:20:23.143495,3500.01,25.41,25.41,0,0,26.731,27.344
2025-08-14 19:20:33.139848,3510.01,25.41,25.475,0,0,26.699,27.344
2025-08-14 19:20:43.135896,3520.01,25.41,25.41,0,0,26.699,27.344
2025-08-14 19:20:53.132303,3530.01,25.41,25.442,0,0,26.699,27.344
2025-08-14 19:21:03.128900,3540.0,25.41,25.41,0,0,26.699,27.344
2025-08-14 19:21:13.138009,3550.01,25.41,25.442,0,0,26.731,27.344
2025-08-14 19:21:23.133840,3560.0,25.41,25.41,0,0,26.699,27.344
2025-08-14 19:21:33.143105,3570.01,25.41,25.475,0,0,26.699,27.344
2025-08-14 19:21:43.139694,3580.01,25.41,25.507,0,0,26.925,27.344
2025-08-14 19:21:53.135745,3590.01,25.41,25.475,0,0,26.699,27.344
2025-08-14 19:22:03.131980,3600.01,25.41,25.41,0,0,26.731,27.344
2025-08-14 19:22:13.128456,3610.01,25.41,25.442,0,0,26.796,27.344
2025-08-14 19:22:23.125402,3620.0,25.41,25.442,0,0,26.925,27.344
2025-08-14 19:22:33.134690,3630.01,25.41,25.41,0,0,26.764,27.344
2025-08-14 19:22:43.132044,3640.0,25.41,25.442,0,0,26.699,27.344
2025-08-14 19:22:53.128434,3650.01,25.41,25.41,0,0,26.764,27.344
2025-08-14 19:23:03.124296,3660.01,25.41,25.41,0,0,26.731,27.344
2025-08-14 19:23:13.133290,3670.01,25.41,25.41,0,0,26.86,27.344
2025-08-14 19:23:23.129611,3680.01,25.41,25.41,0,0,26.86,27.344
2025-08-14 19:23:33.129230,3690.01,25.41,25.41,0,0,26.699,27.344
2025-08-14 19:23:43.128134,3700.01,25.41,25.41,0,0,26.699,27.344
2025-08-14 19:23:53.138765,3710.01,25.41,25.41,0,0,26.699,27.344
2025-08-14 19:24:03.135916,3720.01,25.41,25.41,0,0,26.731,27.344
2025-08-14 19:24:13.132770,3730.01,25.41,25.41,0,0,26.796,27.344
2025-08-14 19:24:23.130237,3740.01,25.41,25.41,0,0,26.796,27.344
2025-08-14 19:24:33.126314,3750.0,25.41,25.41,0,0,26.731,27.344
2025-08-14 19:24:43.148385,3760.01,25.41,25.41,0,0,26.699,27.344
2025-08-14 19:24:53.144598,3770.01,25.41,25.41,0,0,26.796,27.344
2025-08-14 19:25:03.141022,3780.01,25.41,25.41,0,0,26.796,27.344
2025-08-14 19:25:13.137798,3790.01,25.313,25.41,0,0,26.731,25.958
2025-08-14 19:25:23.147098,3800.01,25.41,25.41,0,0,26.796,27.344
2025-08-14 19:25:33.130560,3810.0,25.378,25.41,0,0,26.828,27.344
2025-08-14 19:25:43.139803,3820.01,25.41,25.41,0,0,26.764,27.344
2025-08-14 19:25:53.136880,3830.0,25.41,25.41,0,0,26.893,27.376
2025-08-14 19:26:03.132954,3840.0,25.41,25.41,0,0,26.893,27.344
2025-08-14 19:26:13.128920,3850.01,25.41,25.41,0,0,26.925,27.344
2025-08-14 19:26:23.138316,3860.01,25.41,25.41,0,0,26.828,27.344
2025-08-14 19:26:33.135276,3870.01,25.41,25.41,0,0,26.957,27.344
2025-08-14 19:26:43.131689,3880.01,25.41,25.41,0,0,26.86,27.344
2025-08-14 19:26:53.127941,3890.0,25.378,25.41,0,0,26.925,27.344
2025-08-14 19:27:03.123950,3900.0,25.378,25.41,0,0,26.957,27.344
2025-08-14 19:27:13.133117,3910.01,25.41,25.41,0,0,26.796,27.344
2025-08-14 19:27:23.129835,3920.01,25.41,25.41,0,0,26.828,27.344
2025-08-14 19:27:33.125403,3930.01,25.41,25.41,0,0,26.828,27.344
2025-08-14 19:27:43.134785,3940.01,25.41,25.41,0,0,26.699,27.344
2025-08-14 19:27:53.130946,3950.01,25.41,25.41,0,0,26.796,27.344
2025-08-14 19:28:03.127426,3960.01,25.41,25.41,0,0,26.699,27.344
2025-08-14 19:28:13.136301,3970.01,25.41,25.41,0,0,26.731,27.344
